{"type":"FeatureCollection","features":[{"type":"Feature","properties":{"name":"濁水溪","basin_no":"1510","source":"WRA 河川流域範圍圖"},"geometry":{"type":"Polygon","coordinates":[[[121.234862,23.817919],[121.235366,23.818321],[121.23597,23.818685],[121.236776,23.819667],[121.238063,23.821051],[121.239078,23.821791],[121.239139,23.822353],[121.238621,23.822724],[121.237161,23.823031],[121.236712,23.823437],[121.236617,23.824089],[121.236715,23.824767],[121.236995,23.825421],[121.23713,23.826063],[121.237421,23.827015],[121.237675,23.827629],[121.238226,23.828604],[121.238436,23.8292],[121.238379,23.829726],[121.238065,23.8309],[121.237889,23.831846],[121.237906,23.832438],[121.238147,23.833422],[121.238271,23.833756],[121.238625,23.834661],[121.239333,23.83609],[121.23955,23.836682],[121.239696,23.837363],[121.239781,23.838388],[121.240146,23.839881],[121.241568,23.842348],[121.24196,23.842851],[121.242408,23.843301],[121.24316,23.84438],[121.243943,23.845348],[121.244188,23.846359],[121.244263,23.846949],[121.244193,23.847533],[121.244466,23.848077],[121.24482,23.848635],[121.245653,23.849721],[121.246157,23.850152],[121.247315,23.850762],[121.247869,23.851159],[121.248455,23.851401],[121.248797,23.8519],[121.248737,23.853568],[121.248854,23.854116],[121.249315,23.854618],[121.24958,23.855232],[121.249741,23.85581],[121.250237,23.857128],[121.250367,23.857794],[121.250665,23.858464],[121.250945,23.858993],[121.251318,23.859528],[121.251758,23.860456],[121.252853,23.862119],[121.253069,23.862785],[121.25338,23.863343],[121.253551,23.864341],[121.253425,23.864959],[121.253175,23.865553],[121.252868,23.866041],[121.252836,23.866544],[121.253196,23.867427],[121.253537,23.867944],[121.254179,23.868285],[121.256353,23.869291],[121.257605,23.869718],[121.258164,23.869847],[121.258658,23.870248],[121.259891,23.871079],[121.26092,23.871598],[121.262437,23.872204],[121.263069,23.872305],[121.264709,23.872703],[121.265391,23.872785],[121.265524,23.873447],[121.265114,23.873477],[121.264986,23.874039],[121.264921,23.875312],[121.264577,23.876434],[121.264119,23.876912],[121.263589,23.877712],[121.263077,23.878842],[121.263011,23.879375],[121.26318,23.880265],[121.263357,23.880858],[121.263664,23.881461],[121.264053,23.882111],[121.264467,23.882675],[121.265119,23.883023],[121.265772,23.883252],[121.267809,23.883643],[121.268425,23.883848],[121.268409,23.884397],[121.26799,23.885489],[121.267566,23.886331],[121.267481,23.88797],[121.267362,23.888961],[121.26721,23.889297],[121.266971,23.889652],[121.266022,23.89069],[121.265632,23.891232],[121.265441,23.891844],[121.265521,23.892841],[121.265631,23.893187],[121.265854,23.893476],[121.266168,23.894038],[121.265998,23.894392],[121.265837,23.895051],[121.265854,23.895401],[121.265612,23.896047],[121.265342,23.89632],[121.265017,23.896549],[121.263641,23.897054],[121.263053,23.897413],[121.262701,23.897777],[121.262536,23.898287],[121.262514,23.898666],[121.262512,23.899926],[121.262566,23.900271],[121.26225,23.90079],[121.261906,23.900978],[121.261373,23.901445],[121.260958,23.901923],[121.260803,23.902576],[121.261541,23.903298],[121.262125,23.903702],[121.262608,23.904226],[121.262906,23.904436],[121.26326,23.904569],[121.263838,23.904912],[121.265266,23.905895],[121.26661,23.907211],[121.267234,23.907272],[121.268402,23.906997],[121.269394,23.906855],[121.270118,23.90683],[121.271951,23.906893],[121.274592,23.907299],[121.275013,23.907768],[121.275155,23.908088],[121.275417,23.90902],[121.275533,23.909655],[121.275635,23.910919],[121.275428,23.912029],[121.275412,23.912607],[121.275306,23.91353],[121.275314,23.914138],[121.275418,23.914472],[121.275807,23.915104],[121.276003,23.91565],[121.275409,23.916817],[121.275193,23.917422],[121.275,23.91827],[121.274992,23.918627],[121.27515,23.919286],[121.275395,23.919889],[121.275869,23.92077],[121.275956,23.921882],[121.276118,23.92272],[121.276085,23.923133],[121.275869,23.923625],[121.275069,23.924783],[121.274403,23.925645],[121.274169,23.926073],[121.273983,23.926766],[121.273909,23.928595],[121.273986,23.929202],[121.27409,23.929559],[121.274411,23.930082],[121.27457,23.930462],[121.274653,23.931225],[121.274618,23.931764],[121.274377,23.932319],[121.273819,23.932739],[121.273574,23.933053],[121.273438,23.933728],[121.273546,23.935376],[121.273522,23.936058],[121.273414,23.936383],[121.273099,23.936915],[121.272262,23.93794],[121.272296,23.938468],[121.272723,23.938958],[121.272765,23.939331],[121.272899,23.939694],[121.273257,23.94027],[121.273737,23.941247],[121.273909,23.941769],[121.273931,23.942182],[121.27367,23.942909],[121.273507,23.943992],[121.273652,23.944629],[121.274278,23.945175],[121.273989,23.945629],[121.273313,23.945922],[121.272737,23.946263],[121.272455,23.946502],[121.271732,23.947283],[121.270801,23.948579],[121.272531,23.949105],[121.273196,23.949459],[121.273519,23.949663],[121.274599,23.950518],[121.275107,23.951013],[121.275211,23.951347],[121.275216,23.953365],[121.275382,23.9537],[121.275816,23.954194],[121.276155,23.954781],[121.276163,23.955548],[121.276097,23.955961],[121.276,23.956505],[121.275713,23.957478],[121.275628,23.958018],[121.275676,23.960185],[121.27581,23.961596],[121.276164,23.962842],[121.276272,23.963388],[121.276538,23.963928],[121.276885,23.964257],[121.277425,23.964639],[121.277623,23.964943],[121.277787,23.965352],[121.277623,23.965826],[121.276931,23.966706],[121.276636,23.966995],[121.276009,23.967377],[121.275714,23.967621],[121.275494,23.967907],[121.275433,23.968519],[121.275597,23.969248],[121.275637,23.969781],[121.275192,23.970995],[121.275102,23.971453],[121.274943,23.972902],[121.274751,23.973566],[121.274284,23.974446],[121.274113,23.974749],[121.273686,23.975241],[121.273378,23.975462],[121.272636,23.975525],[121.271419,23.975534],[121.269735,23.975336],[121.267689,23.975202],[121.265568,23.975225],[121.264843,23.975357],[121.264217,23.975725],[121.263581,23.976476],[121.26371,23.977856],[121.263575,23.97833],[121.262933,23.979163],[121.261628,23.981122],[121.261455,23.981711],[121.261462,23.983573],[121.26138,23.984531],[121.26129,23.986876],[121.261198,23.987576],[121.260991,23.988531],[121.260372,23.989684],[121.259877,23.991041],[121.259804,23.991506],[121.260011,23.992199],[121.260384,23.99328],[121.261062,23.994637],[121.262604,23.996391],[121.262981,23.997005],[121.263126,23.997603],[121.26382,23.997511],[121.264444,23.998129],[121.264672,23.998526],[121.265118,23.998863],[121.265287,23.999219],[121.265629,24.000988],[121.266023,24.001559],[121.266947,24.002067],[121.267452,24.002499],[121.268796,24.004119],[121.269022,24.004697],[121.269151,24.005341],[121.270142,24.006406],[121.270484,24.006962],[121.270523,24.007734],[121.27065,24.008287],[121.270977,24.008853],[121.271103,24.009727],[121.271464,24.011167],[121.272197,24.012878],[121.272569,24.013447],[121.273168,24.014165],[121.27377,24.015077],[121.274253,24.015993],[121.274447,24.016479],[121.275366,24.017945],[121.275989,24.018793],[121.276374,24.019407],[121.276673,24.019999],[121.276743,24.020744],[121.276625,24.022622],[121.276818,24.023195],[121.276816,24.023563],[121.276666,24.024139],[121.276778,24.024748],[121.278228,24.026306],[121.278968,24.027004],[121.279401,24.027482],[121.27972,24.028044],[121.279852,24.028579],[121.279967,24.029591],[121.280097,24.02992],[121.281729,24.031823],[121.282362,24.033744],[121.282618,24.0343],[121.2834,24.035446],[121.284044,24.036539],[121.284521,24.036995],[121.284941,24.037541],[121.285618,24.039115],[121.285774,24.039708],[121.285774,24.040591],[121.285864,24.041923],[121.285595,24.043201],[121.285898,24.044169],[121.285969,24.044729],[121.285783,24.046131],[121.285564,24.046738],[121.285183,24.047323],[121.285238,24.047995],[121.285148,24.048406],[121.284823,24.049031],[121.284549,24.049291],[121.284151,24.04981],[121.283999,24.050478],[121.283056,24.052912],[121.282936,24.053275],[121.282992,24.053923],[121.283097,24.054253],[121.283442,24.054779],[121.283919,24.055235],[121.284592,24.055566],[121.285688,24.056623],[121.285918,24.05693],[121.286101,24.057445],[121.286649,24.05781],[121.288969,24.058804],[121.289593,24.059142],[121.290402,24.060147],[121.290768,24.060296],[121.292125,24.061589],[121.292852,24.061506],[121.29382,24.062081],[121.295069,24.063352],[121.295569,24.063647],[121.296136,24.063126],[121.296855,24.062787],[121.297995,24.061925],[121.298996,24.062072],[121.299944,24.062462],[121.300481,24.062884],[121.300712,24.063176],[121.300897,24.063851],[121.301053,24.064162],[121.301553,24.064808],[121.301742,24.065349],[121.301735,24.065699],[121.301928,24.066018],[121.302788,24.066706],[121.303251,24.067289],[121.303521,24.067546],[121.304534,24.06834],[121.30512,24.068662],[121.305706,24.069064],[121.305949,24.069337],[121.306069,24.069879],[121.306393,24.07052],[121.306788,24.071041],[121.30717,24.071728],[121.307332,24.072326],[121.307641,24.072854],[121.308206,24.073274],[121.30877,24.074057],[121.30916,24.074527],[121.309613,24.074972],[121.310187,24.075308],[121.311625,24.075549],[121.312122,24.075983],[121.312455,24.0765],[121.313022,24.076829],[121.313643,24.077019],[121.31421,24.077414],[121.314567,24.077933],[121.314895,24.078085],[121.315573,24.0782],[121.316536,24.079122],[121.316825,24.079339],[121.31783,24.079725],[121.318453,24.080076],[121.318759,24.080374],[121.318896,24.080708],[121.319958,24.082069],[121.320247,24.082308],[121.321389,24.082961],[121.322444,24.084216],[121.322928,24.084672],[121.32336,24.085195],[121.323378,24.085848],[121.323477,24.086189],[121.323333,24.086814],[121.322805,24.08727],[121.32247,24.087453],[121.321879,24.087941],[121.321413,24.08846],[121.321218,24.088789],[121.320912,24.089701],[121.320396,24.090993],[121.320238,24.091354],[121.31968,24.092306],[121.319467,24.092905],[121.319423,24.093266],[121.319061,24.094092],[121.319155,24.094706],[121.319446,24.09544],[121.320017,24.096566],[121.320831,24.097395],[121.321455,24.098318],[121.321942,24.098812],[121.322789,24.099853],[121.323072,24.100088],[121.324388,24.100855],[121.324823,24.101266],[121.325978,24.103142],[121.326533,24.105943],[121.326551,24.106598],[121.326484,24.107167],[121.326249,24.107864],[121.326392,24.10848],[121.326797,24.109469],[121.327172,24.110108],[121.328579,24.111027],[121.328461,24.11162],[121.328218,24.112162],[121.328093,24.112776],[121.328388,24.113336],[121.329266,24.114442],[121.329416,24.115282],[121.328558,24.114837],[121.327931,24.114946],[121.326584,24.115375],[121.323328,24.115951],[121.321571,24.116466],[121.3208,24.116525],[121.319705,24.116498],[121.318669,24.116615],[121.317342,24.116582],[121.315371,24.116796],[121.314865,24.117135],[121.313924,24.118042],[121.31337,24.118458],[121.312804,24.118796],[121.31214,24.119081],[121.311846,24.119327],[121.311225,24.119614],[121.310142,24.119912],[121.309812,24.12007],[121.309209,24.12039],[121.30764,24.121465],[121.306647,24.12191],[121.305325,24.122321],[121.304769,24.122674],[121.30437,24.123053],[121.303829,24.124001],[121.302902,24.125451],[121.302206,24.126286],[121.301342,24.127119],[121.299157,24.129015],[121.297542,24.130286],[121.296393,24.13151],[121.295957,24.132131],[121.295562,24.132551],[121.295135,24.132847],[121.294661,24.133091],[121.294138,24.133206],[121.291164,24.133477],[121.287206,24.134152],[121.284684,24.1344],[121.283637,24.134576],[121.282677,24.134856],[121.281726,24.135314],[121.281476,24.13589],[121.280839,24.135768],[121.279456,24.135792],[121.278851,24.135824],[121.278299,24.135953],[121.27753,24.136483],[121.274552,24.137871],[121.274088,24.138148],[121.272987,24.138997],[121.272142,24.139151],[121.272247,24.138439],[121.272237,24.137977],[121.271934,24.136577],[121.271812,24.13562],[121.271405,24.133669],[121.271133,24.132742],[121.270877,24.132351],[121.270129,24.131615],[121.26999,24.1311],[121.269725,24.12922],[121.269691,24.128238],[121.269588,24.12727],[121.26946,24.126807],[121.269087,24.125976],[121.268953,24.125455],[121.268899,24.12506],[121.268962,24.124536],[121.268485,24.124026],[121.26705,24.123511],[121.265446,24.122429],[121.265031,24.122212],[121.263781,24.121891],[121.262905,24.121591],[121.260997,24.121548],[121.260576,24.121485],[121.259701,24.121257],[121.2589,24.120979],[121.258392,24.120873],[121.257839,24.12046],[121.25723,24.119785],[121.256856,24.119593],[121.256501,24.119433],[121.254354,24.118734],[121.253548,24.118391],[121.252679,24.118255],[121.250855,24.118296],[121.249563,24.118434],[121.24787,24.118817],[121.247171,24.119158],[121.246696,24.119456],[121.245773,24.120178],[121.245392,24.120339],[121.24503,24.120429],[121.24453,24.120653],[121.244274,24.120912],[121.243893,24.120998],[121.243469,24.121084],[121.243013,24.121095],[121.242594,24.120957],[121.240714,24.120675],[121.239453,24.120339],[121.239097,24.120165],[121.238715,24.119822],[121.238497,24.119483],[121.238216,24.119215],[121.237853,24.119041],[121.237029,24.118793],[121.236323,24.118226],[121.235967,24.118051],[121.234043,24.117683],[121.233693,24.117541],[121.232421,24.11667],[121.231284,24.116049],[121.230885,24.115963],[121.230023,24.115952],[121.22948,24.115866],[121.22908,24.115464],[121.228649,24.114284],[121.228386,24.113882],[121.227593,24.113051],[121.227224,24.112844],[121.226313,24.11285],[121.225795,24.11298],[121.225445,24.113129],[121.224578,24.113862],[121.224354,24.114549],[121.224023,24.114935],[121.223205,24.115244],[121.222818,24.115449],[121.222469,24.115661],[121.222201,24.115937],[121.221851,24.116127],[121.220734,24.116574],[121.220322,24.116625],[121.218954,24.116269],[121.218567,24.116194],[121.21813,24.116176],[121.217605,24.116063],[121.2165,24.115661],[121.215345,24.115531],[121.214958,24.115434],[121.214533,24.115251],[121.213578,24.114379],[121.213078,24.113695],[121.212646,24.112923],[121.211628,24.112124],[121.211385,24.111826],[121.211253,24.111449],[121.211066,24.111129],[121.210672,24.110916],[121.209005,24.110296],[121.207912,24.110296],[121.206688,24.109964],[121.205908,24.109489],[121.205008,24.109419],[121.204528,24.109334],[121.204147,24.109248],[121.20336,24.108905],[121.202105,24.108771],[121.201518,24.108257],[121.201174,24.10809],[121.200261,24.107792],[121.199918,24.107546],[121.199412,24.106984],[121.198793,24.106031],[121.198424,24.105636],[121.196688,24.104702],[121.195495,24.104156],[121.194783,24.103732],[121.19439,24.103389],[121.194196,24.103095],[121.193209,24.102086],[121.192316,24.101285],[121.192003,24.100802],[121.191622,24.100023],[121.191341,24.09961],[121.190916,24.099456],[121.190218,24.100063],[121.189824,24.100526],[121.189475,24.100763],[121.189113,24.100928],[121.188789,24.101163],[121.188545,24.101472],[121.18824,24.101684],[121.187846,24.101811],[121.187079,24.101852],[121.18671,24.101782],[121.185842,24.101279],[121.185455,24.101112],[121.184562,24.100899],[121.183013,24.100173],[121.182308,24.100177],[121.182189,24.099638],[121.181902,24.099191],[121.181463,24.09789],[121.180539,24.096525],[121.180158,24.096398],[121.179721,24.096432],[121.178834,24.096048],[121.178353,24.095963],[121.17753,24.095899],[121.177168,24.095814],[121.176843,24.095631],[121.176668,24.095281],[121.176404,24.093714],[121.176298,24.093364],[121.176079,24.092958],[121.175323,24.091989],[121.175111,24.09164],[121.174155,24.089685],[121.173624,24.088978],[121.172662,24.087947],[121.172474,24.087608],[121.172381,24.087242],[121.172161,24.085682],[121.172079,24.084301],[121.171429,24.082788],[121.170766,24.080544],[121.170653,24.079743],[121.17059,24.078499],[121.170446,24.077718],[121.169858,24.076183],[121.169171,24.075237],[121.168552,24.074091],[121.168164,24.072445],[121.168027,24.072055],[121.167402,24.070741],[121.167121,24.069905],[121.166851,24.068074],[121.166738,24.066871],[121.166712,24.064945],[121.166642,24.064004],[121.16653,24.063081],[121.166443,24.062731],[121.166236,24.062239],[121.165518,24.061196],[121.164232,24.059826],[121.163851,24.059711],[121.163439,24.059379],[121.162908,24.058735],[121.162046,24.057871],[121.161428,24.056923],[121.161303,24.056557],[121.16129,24.056214],[121.16147,24.055433],[121.16152,24.055061],[121.161507,24.054625],[121.161296,24.053828],[121.161139,24.053449],[121.160315,24.052487],[121.159348,24.051661],[121.157786,24.050492],[121.157556,24.050221],[121.157318,24.049758],[121.15718,24.048976],[121.156637,24.048294],[121.156481,24.04791],[121.15638,24.047159],[121.156249,24.046642],[121.15583,24.045599],[121.155455,24.044876],[121.154839,24.043867],[121.154526,24.043174],[121.154314,24.042423],[121.154257,24.042021],[121.154463,24.041563],[121.154069,24.041145],[121.153876,24.040836],[121.152933,24.040174],[121.152633,24.039913],[121.152321,24.039504],[121.151978,24.039276],[121.151597,24.039116],[121.150811,24.038926],[121.149937,24.038617],[121.147528,24.038209],[121.14676,24.038006],[121.146055,24.037674],[121.145306,24.037142],[121.145081,24.036841],[121.144906,24.036103],[121.144658,24.035679],[121.144315,24.035288],[121.144022,24.035054],[121.143522,24.034871],[121.143142,24.034819],[121.142804,24.034652],[121.142511,24.034365],[121.142324,24.033661],[121.142248,24.032778],[121.142254,24.031981],[121.142483,24.0299],[121.142483,24.029521],[121.142333,24.029051],[121.142065,24.028719],[121.141459,24.028254],[121.141078,24.028128],[121.139469,24.027783],[121.1391,24.027663],[121.138676,24.027384],[121.138339,24.027235],[121.137958,24.027217],[121.137571,24.027133],[121.13719,24.027031],[121.136841,24.026875],[121.136151,24.026124],[121.135477,24.025722],[121.13484,24.02511],[121.133767,24.024438],[121.132837,24.023571],[121.132646,24.023138],[121.132044,24.021302],[121.131688,24.019691],[121.131402,24.018709],[121.130218,24.015887],[121.129367,24.014325],[121.128177,24.012788],[121.127318,24.011342],[121.126654,24.010071],[121.125593,24.008517],[121.125002,24.006847],[121.124871,24.006246],[121.124714,24.004941],[121.12446,24.004054],[121.124263,24.003573],[121.123742,24.002751],[121.122908,24.001744],[121.122468,24.000961],[121.122339,24.000534],[121.122198,23.998716],[121.122341,23.997226],[121.122419,23.99686],[121.121741,23.996197],[121.120899,23.995646],[121.119938,23.994375],[121.119657,23.994072],[121.119251,23.993849],[121.118933,23.993483],[121.118303,23.992984],[121.117541,23.992495],[121.117566,23.992115],[121.117871,23.991325],[121.117933,23.990941],[121.11798,23.989566],[121.117949,23.989175],[121.11773,23.988817],[121.117381,23.98853],[121.116875,23.987941],[121.116213,23.987498],[121.115484,23.987392],[121.115072,23.987232],[121.114448,23.986733],[121.114011,23.98662],[121.112627,23.98674],[121.111236,23.987027],[121.109908,23.987206],[121.109116,23.987425],[121.108199,23.987585],[121.10699,23.988229],[121.106603,23.988348],[121.105194,23.988441],[121.104838,23.988303],[121.104476,23.988041],[121.104096,23.988001],[121.103603,23.988105],[121.103173,23.988224],[121.102767,23.988403],[121.101077,23.988861],[121.099513,23.989677],[121.099,23.989855],[121.098652,23.989557],[121.097647,23.988877],[121.097004,23.988348],[121.096624,23.988098],[121.095869,23.987737],[121.094565,23.987434],[121.094216,23.987211],[121.09376,23.986432],[121.093485,23.986077],[121.093154,23.985849],[121.0923,23.98547],[121.091557,23.985066],[121.089848,23.98454],[121.088924,23.984179],[121.088569,23.983938],[121.087689,23.983119],[121.087283,23.982455],[121.087033,23.98218],[121.086677,23.981986],[121.085561,23.981146],[121.084831,23.980751],[121.08445,23.980647],[121.083614,23.980528],[121.082342,23.98018],[121.081899,23.980117],[121.081013,23.980054],[121.079654,23.980191],[121.079199,23.980158],[121.078381,23.979853],[121.077614,23.979499],[121.077233,23.979259],[121.076953,23.978995],[121.076709,23.978641],[121.076372,23.977788],[121.075966,23.976991],[121.075766,23.976688],[121.075416,23.976465],[121.074524,23.976415],[121.073757,23.976122],[121.072484,23.975785],[121.070806,23.975088],[121.069939,23.97486],[121.068729,23.974212],[121.067806,23.97413],[121.065954,23.974379],[121.065567,23.974517],[121.064882,23.97502],[121.064427,23.975187],[121.063996,23.975221],[121.062718,23.975135],[121.06215,23.974941],[121.061875,23.974673],[121.061787,23.97342],[121.061706,23.973029],[121.061476,23.972273],[121.061252,23.97193],[121.060877,23.971828],[121.06041,23.971821],[121.060017,23.971758],[121.059624,23.971582],[121.058944,23.971116],[121.058663,23.970829],[121.058313,23.969994],[121.058107,23.969651],[121.05772,23.969358],[121.057314,23.969227],[121.055824,23.96913],[121.054019,23.969335],[121.054183,23.968473],[121.054519,23.967613],[121.054737,23.966845],[121.055528,23.965328],[121.055795,23.96456],[121.055526,23.963797],[121.055348,23.963427],[121.054867,23.962808],[121.053793,23.961027],[121.053649,23.960248],[121.05353,23.959898],[121.053299,23.959515],[121.052687,23.958874],[121.051751,23.957415],[121.050995,23.956481],[121.050652,23.956201],[121.049374,23.955675],[121.049043,23.955432],[121.048955,23.954962],[121.048951,23.954492],[121.049075,23.953318],[121.049479,23.951735],[121.049771,23.951001],[121.050064,23.950078],[121.050157,23.94969],[121.050138,23.949283],[121.049963,23.948956],[121.04962,23.948739],[121.048354,23.948485],[121.047518,23.948239],[121.047063,23.948268],[121.046689,23.948142],[121.046551,23.947754],[121.046445,23.947031],[121.046582,23.943846],[121.046201,23.943423],[121.045198,23.943308],[121.044824,23.943211],[121.044144,23.942834],[121.042941,23.943345],[121.042536,23.94346],[121.041981,23.943419],[121.040615,23.943065],[121.040198,23.943031],[121.039755,23.943105],[121.039356,23.943284],[121.039008,23.943532],[121.037848,23.944135],[121.036633,23.94453],[121.033379,23.944761],[121.032886,23.944715],[121.032456,23.944618],[121.032101,23.944469],[121.031677,23.944223],[121.030847,23.943623],[121.030566,23.943343],[121.030335,23.943027],[121.030179,23.942605],[121.030179,23.942099],[121.030284,23.941693],[121.030321,23.941279],[121.030296,23.940925],[121.030109,23.940537],[121.02961,23.94025],[121.029086,23.939737],[121.02873,23.938832],[121.028648,23.938265],[121.02861,23.937829],[121.028635,23.937393],[121.02885,23.936569],[121.028881,23.93619],[121.028831,23.935343],[121.028886,23.934553],[121.029085,23.933808],[121.02954,23.93305],[121.029732,23.932599],[121.029769,23.932163],[121.029719,23.931247],[121.029493,23.930032],[121.029081,23.929363],[121.028903,23.926877],[121.028815,23.926455],[121.028678,23.92611],[121.028453,23.925796],[121.02816,23.925521],[121.027923,23.925207],[121.026969,23.924435],[121.026756,23.923999],[121.026575,23.923157],[121.026555,23.922751],[121.026393,23.92236],[121.025744,23.921737],[121.025538,23.921342],[121.025444,23.92085],[121.025506,23.920385],[121.025468,23.919475],[121.024791,23.916897],[121.024629,23.916572],[121.024497,23.916114],[121.02441,23.915649],[121.024384,23.914734],[121.024121,23.913588],[121.024121,23.913165],[121.024295,23.912328],[121.024294,23.911974],[121.024013,23.91124],[121.023956,23.910445],[121.023775,23.909682],[121.023735,23.90887],[121.023877,23.907637],[121.023802,23.907242],[121.023395,23.905691],[121.023196,23.905348],[121.022884,23.90501],[121.022241,23.904495],[121.022154,23.904145],[121.02245,23.901626],[121.022618,23.901287],[121.022562,23.900858],[121.02279,23.900314],[121.022516,23.899937],[121.022103,23.899159],[121.021847,23.898459],[121.021635,23.898109],[121.020912,23.897612],[121.020525,23.896788],[121.019993,23.894813],[121.019942,23.893998],[121.019836,23.893581],[121.019922,23.892734],[121.019803,23.891938],[121.01875,23.891905],[121.018289,23.89186],[121.017453,23.891688],[121.016992,23.891684],[121.016681,23.891889],[121.016382,23.892243],[121.016065,23.89253],[121.015641,23.892801],[121.014806,23.893155],[121.014395,23.893397],[121.013617,23.893598],[121.013,23.894119],[121.01262,23.894198],[121.012227,23.894108],[121.011367,23.894138],[121.010619,23.894104],[121.010712,23.893598],[121.010531,23.893192],[121.009945,23.892506],[121.009533,23.891784],[121.008995,23.891143],[121.00869,23.890937],[121.008272,23.890824],[121.007749,23.89054],[121.006313,23.889572],[121.006004,23.889278],[121.005343,23.88822],[121.004208,23.886997],[121.003978,23.886683],[121.003855,23.8859],[121.003282,23.884836],[121.003,23.884044],[121.002863,23.883227],[121.00282,23.881916],[121.002315,23.880871],[121.002097,23.88004],[121.002029,23.879148],[121.002172,23.878726],[121.002297,23.877787],[121.00246,23.877408],[121.002923,23.876774],[121.003396,23.875557],[121.003991,23.874514],[121.003974,23.874142],[121.004026,23.873783],[121.004652,23.873135],[121.004754,23.872785],[121.005121,23.872455],[121.005521,23.872227],[121.006189,23.871717],[121.006856,23.87104],[121.007267,23.870789],[121.007907,23.870164],[121.008613,23.869798],[121.008999,23.869735],[121.008805,23.869117],[121.008102,23.868342],[121.007812,23.867742],[121.007614,23.867214],[121.007521,23.866785],[121.007314,23.866275],[121.007066,23.865875],[121.00673,23.865489],[121.005823,23.864618],[121.004831,23.863426],[121.00417,23.862873],[121.00239,23.862208],[121.001964,23.861955],[121.000997,23.861045],[121.000711,23.860626],[121.000419,23.860375],[120.999603,23.859176],[120.999256,23.858898],[120.998764,23.858707],[120.997987,23.858305],[120.997586,23.85817],[120.996946,23.858106],[120.99599,23.858325],[120.995169,23.858596],[120.994332,23.856391],[120.994068,23.855944],[120.993707,23.855587],[120.993506,23.855235],[120.993499,23.854743],[120.993003,23.853463],[120.992947,23.85289],[120.993003,23.851901],[120.992924,23.851454],[120.993163,23.85026],[120.992981,23.849382],[120.99299,23.849009],[120.993299,23.847339],[120.993223,23.846544],[120.993256,23.846108],[120.993493,23.845225],[120.993489,23.844783],[120.993361,23.844237],[120.992973,23.843469],[120.992881,23.842932],[120.992853,23.842503],[120.992942,23.841568],[120.992901,23.841148],[120.992653,23.840272],[120.99268,23.839895],[120.992375,23.83943],[120.991906,23.83925],[120.989425,23.838798],[120.986283,23.83861],[120.985668,23.838626],[120.985276,23.838714],[120.984871,23.838825],[120.984021,23.8392],[120.983568,23.839349],[120.983175,23.839353],[120.982116,23.838613],[120.981586,23.838407],[120.98052,23.838152],[120.978895,23.837934],[120.977445,23.837979],[120.976056,23.83793],[120.975479,23.83798],[120.975007,23.838138],[120.974561,23.838395],[120.973328,23.839246],[120.972095,23.839318],[120.97169,23.839486],[120.971244,23.839732],[120.970158,23.840578],[120.968708,23.841251],[120.968361,23.841513],[120.968002,23.841872],[120.967473,23.84187],[120.967071,23.841615],[120.966188,23.840551],[120.966,23.840226],[120.965288,23.839703],[120.964703,23.838906],[120.963915,23.838224],[120.963454,23.838149],[120.962993,23.838177],[120.962528,23.838362],[120.961645,23.838556],[120.960837,23.838913],[120.960359,23.839009],[120.960104,23.839294],[120.959216,23.83965],[120.95893,23.839867],[120.95875,23.84031],[120.958659,23.841066],[120.958473,23.841529],[120.958231,23.84187],[120.957996,23.842339],[120.957685,23.842608],[120.957213,23.84273],[120.956687,23.842976],[120.956277,23.843703],[120.956004,23.844078],[120.955541,23.844482],[120.954306,23.845134],[120.953877,23.845301],[120.953356,23.845426],[120.952742,23.845437],[120.951724,23.845658],[120.950555,23.846152],[120.950049,23.846535],[120.949541,23.847745],[120.949075,23.848443],[120.948895,23.848838],[120.948111,23.850999],[120.948245,23.85145],[120.948885,23.852791],[120.94947,23.85352],[120.949696,23.853952],[120.94962,23.854342],[120.949428,23.854794],[120.94937,23.855177],[120.949529,23.855983],[120.949509,23.856462],[120.94934,23.857379],[120.949203,23.857796],[120.948966,23.858137],[120.948291,23.858808],[120.94806,23.859103],[120.947756,23.859964],[120.947477,23.86035],[120.947049,23.860652],[120.946635,23.861034],[120.946307,23.861386],[120.946058,23.861738],[120.945729,23.862625],[120.945415,23.863142],[120.945074,23.863522],[120.944875,23.863863],[120.94456,23.864666],[120.944243,23.864996],[120.943202,23.865378],[120.942812,23.865691],[120.942473,23.866161],[120.942107,23.866524],[120.941759,23.866748],[120.941305,23.866832],[120.940752,23.866839],[120.939164,23.86662],[120.938797,23.86676],[120.938076,23.867171],[120.937672,23.867344],[120.937144,23.867455],[120.936747,23.867679],[120.936169,23.868225],[120.935741,23.868516],[120.935294,23.868656],[120.934864,23.868715],[120.934289,23.868981],[120.933283,23.86857],[120.931984,23.868351],[120.931463,23.86839],[120.93012,23.868758],[120.929481,23.869311],[120.929059,23.869568],[120.928588,23.869776],[120.928222,23.870087],[120.928005,23.870507],[120.927819,23.870954],[120.927707,23.871406],[120.92734,23.872198],[120.927315,23.873189],[120.926849,23.873189],[120.926505,23.872916],[120.926122,23.872902],[120.925807,23.872404],[120.925249,23.872297],[120.923848,23.872905],[120.923423,23.873194],[120.92304,23.873388],[120.922636,23.873318],[120.922314,23.873042],[120.921872,23.872821],[120.920638,23.872475],[120.919693,23.872414],[120.91903,23.872437],[120.917729,23.872737],[120.916815,23.872699],[120.916398,23.873338],[120.916293,23.873678],[120.915542,23.87529],[120.9148,23.875618],[120.913949,23.875812],[120.913683,23.876103],[120.91338,23.876902],[120.913159,23.877203],[120.912576,23.877769],[120.911849,23.878302],[120.910867,23.879405],[120.910559,23.879901],[120.909619,23.880725],[120.909287,23.880942],[120.908469,23.881202],[120.908184,23.881522],[120.90833,23.88185],[120.908415,23.882193],[120.908521,23.883006],[120.908533,23.883825],[120.908674,23.884164],[120.908629,23.884552],[120.90835,23.885198],[120.908352,23.886401],[120.90853,23.887191],[120.908476,23.887593],[120.907678,23.888415],[120.907516,23.888792],[120.907435,23.889141],[120.907493,23.88995],[120.9074,23.890311],[120.907407,23.890713],[120.907533,23.891081],[120.907784,23.891367],[120.908478,23.891841],[120.90995,23.892638],[120.910518,23.893196],[120.911036,23.894273],[120.911348,23.894559],[120.912151,23.894868],[120.912999,23.895326],[120.913497,23.895459],[120.913908,23.895502],[120.914362,23.895484],[120.915197,23.895346],[120.915645,23.895398],[120.915931,23.895703],[120.916293,23.895886],[120.91658,23.89615],[120.916842,23.896504],[120.917191,23.897274],[120.917248,23.897669],[120.917167,23.89808],[120.916993,23.898434],[120.9167,23.898735],[120.915773,23.899505],[120.915181,23.900091],[120.914597,23.901697],[120.914349,23.902938],[120.914206,23.903299],[120.91362,23.904092],[120.913372,23.905187],[120.912732,23.906912],[120.912471,23.90788],[120.912184,23.908151],[120.910445,23.90889],[120.91004,23.908992],[120.909198,23.908883],[120.908731,23.908976],[120.908332,23.908958],[120.907483,23.908716],[120.90666,23.908814],[120.906218,23.90878],[120.905812,23.908859],[120.905139,23.909294],[120.904734,23.909455],[120.904196,23.909588],[120.904104,23.910017],[120.903886,23.910322],[120.903138,23.910769],[120.902627,23.911003],[120.902378,23.911301],[120.902378,23.911685],[120.902572,23.912453],[120.902566,23.913175],[120.902491,23.913554],[120.902579,23.913898],[120.902866,23.91457],[120.902692,23.914907],[120.902068,23.915555],[120.901476,23.916088],[120.901352,23.916467],[120.901296,23.91681],[120.901315,23.917228],[120.900898,23.918684],[120.900998,23.91904],[120.901173,23.921013],[120.901099,23.921625],[120.900694,23.922296],[120.900557,23.922675],[120.900064,23.923472],[120.89994,23.923822],[120.899816,23.924544],[120.899716,23.925352],[120.899704,23.926544],[120.89986,23.92689],[120.900004,23.92768],[120.900278,23.928323],[120.899662,23.928204],[120.898333,23.928362],[120.897591,23.928626],[120.896525,23.929163],[120.896282,23.929439],[120.896264,23.929784],[120.896376,23.930138],[120.896408,23.93054],[120.896164,23.930843],[120.895803,23.931543],[120.895485,23.931874],[120.894338,23.932443],[120.894045,23.932671],[120.893615,23.93282],[120.893184,23.932721],[120.892829,23.932491],[120.891912,23.931712],[120.891525,23.931479],[120.8912,23.931183],[120.891019,23.930836],[120.890969,23.930479],[120.891274,23.92935],[120.891199,23.928955],[120.890887,23.928508],[120.890606,23.928224],[120.890201,23.928125],[120.889783,23.928158],[120.88891,23.928535],[120.888462,23.928526],[120.888156,23.928289],[120.887769,23.927547],[120.88749,23.926849],[120.887103,23.926434],[120.886517,23.925939],[120.88575,23.925669],[120.885364,23.925633],[120.884067,23.925813],[120.882472,23.925827],[120.881913,23.925713],[120.881114,23.925419],[120.880641,23.925404],[120.880162,23.925478],[120.879703,23.925363],[120.879676,23.924808],[120.879755,23.924045],[120.879644,23.923487],[120.87968,23.922674],[120.879513,23.922191],[120.879334,23.920972],[120.879137,23.920595],[120.878774,23.920358],[120.878363,23.920336],[120.877902,23.920184],[120.877907,23.919665],[120.87798,23.919293],[120.877716,23.918995],[120.877243,23.918708],[120.876907,23.918385],[120.876569,23.918144],[120.876157,23.917992],[120.875837,23.917609],[120.875775,23.917108],[120.876394,23.916069],[120.876375,23.915087],[120.876651,23.914676],[120.876619,23.914274],[120.876188,23.913457],[120.875942,23.91311],[120.875831,23.912674],[120.876076,23.911778],[120.87661,23.911186],[120.876861,23.910457],[120.87648,23.910215],[120.876056,23.910114],[120.874716,23.909529],[120.874264,23.9094],[120.873336,23.909247],[120.872962,23.909084],[120.872525,23.908994],[120.871973,23.908977],[120.871537,23.908812],[120.871137,23.908582],[120.870535,23.908464],[120.869945,23.908419],[120.868232,23.908449],[120.867734,23.908338],[120.866198,23.907853],[120.865344,23.907358],[120.864803,23.907105],[120.864379,23.907015],[120.86398,23.906841],[120.863629,23.906135],[120.863296,23.905211],[120.86254,23.90404],[120.86241,23.903557],[120.862373,23.903207],[120.862231,23.902834],[120.861917,23.90155],[120.861842,23.900674],[120.861661,23.90024],[120.861028,23.899468],[120.860676,23.898098],[120.860436,23.897649],[120.860116,23.897393],[120.859207,23.896459],[120.858832,23.896267],[120.858402,23.896206],[120.857701,23.895709],[120.85678,23.895599],[120.856319,23.895445],[120.855994,23.895188],[120.855532,23.89454],[120.854137,23.893535],[120.853732,23.893305],[120.853412,23.89303],[120.853018,23.892262],[120.853018,23.891824],[120.853134,23.891463],[120.853445,23.891151],[120.853463,23.890515],[120.852639,23.890042],[120.852006,23.889536],[120.851693,23.88922],[120.851484,23.888832],[120.851373,23.88843],[120.85128,23.887507],[120.851181,23.887168],[120.850621,23.885974],[120.850626,23.884703],[120.850779,23.884337],[120.851318,23.883615],[120.851619,23.883332],[120.851981,23.883145],[120.851846,23.88282],[120.851434,23.8827],[120.850436,23.882048],[120.849932,23.881818],[120.849354,23.881215],[120.848991,23.881001],[120.848561,23.880786],[120.847762,23.880534],[120.846993,23.880055],[120.847048,23.879683],[120.847226,23.879299],[120.847538,23.878385],[120.847709,23.878057],[120.847795,23.87763],[120.847505,23.876761],[120.847926,23.875565],[120.847981,23.875136],[120.847894,23.874714],[120.847507,23.874375],[120.84742,23.874021],[120.846865,23.873411],[120.847,23.87263],[120.847122,23.872249],[120.847345,23.871838],[120.848091,23.870894],[120.848754,23.870172],[120.84879,23.869786],[120.849066,23.86905],[120.849151,23.868684],[120.849091,23.868287],[120.848874,23.867876],[120.848775,23.867499],[120.848809,23.866772],[120.848779,23.866375],[120.848424,23.864758],[120.848334,23.864],[120.848134,23.863673],[120.84749,23.863156],[120.847582,23.861257],[120.847944,23.860632],[120.847931,23.860288],[120.847799,23.859932],[120.84783,23.859209],[120.847067,23.858579],[120.84696,23.858166],[120.846722,23.857884],[120.845916,23.857735],[120.84506,23.85769],[120.844635,23.857713],[120.843823,23.857851],[120.843579,23.857571],[120.843353,23.856767],[120.843184,23.85639],[120.842915,23.856069],[120.842578,23.855881],[120.841866,23.855594],[120.841466,23.855646],[120.840804,23.855996],[120.840423,23.856089],[120.839204,23.855917],[120.838886,23.855694],[120.838629,23.855394],[120.838184,23.855143],[120.837661,23.855358],[120.837437,23.855644],[120.837151,23.855902],[120.836808,23.856103],[120.836422,23.856247],[120.834845,23.856586],[120.834384,23.856643],[120.832664,23.856232],[120.831878,23.856162],[120.831448,23.856232],[120.830763,23.856537],[120.830252,23.856564],[120.829485,23.856244],[120.8286,23.856118],[120.82739,23.855562],[120.827103,23.855276],[120.826404,23.854145],[120.826085,23.853824],[120.825742,23.853549],[120.825318,23.853348],[120.824863,23.853274],[120.823978,23.853296],[120.823006,23.853452],[120.822409,23.853292],[120.821941,23.85394],[120.821592,23.854204],[120.820041,23.854949],[120.819636,23.855049],[120.819137,23.855037],[120.818788,23.8549],[120.81842,23.854647],[120.818108,23.854394],[120.817597,23.853821],[120.817254,23.853586],[120.816898,23.853437],[120.816418,23.853351],[120.815465,23.853277],[120.815047,23.853128],[120.814361,23.852641],[120.814018,23.852295],[120.813469,23.851567],[120.81287,23.850958],[120.812471,23.850757],[120.811536,23.850608],[120.811074,23.850622],[120.810625,23.850719],[120.808899,23.851517],[120.808451,23.851576],[120.807933,23.851494],[120.807578,23.851311],[120.807266,23.851063],[120.806867,23.85088],[120.806443,23.850829],[120.805533,23.850951],[120.804686,23.850955],[120.803763,23.851174],[120.803377,23.85108],[120.802996,23.850916],[120.802604,23.850875],[120.80208,23.850882],[120.80122,23.850979],[120.800722,23.850921],[120.800273,23.850995],[120.799544,23.851311],[120.798565,23.85137],[120.798185,23.851501],[120.797244,23.851668],[120.796403,23.851978],[120.796048,23.852202],[120.795668,23.852328],[120.795232,23.852254],[120.794845,23.852116],[120.793567,23.85103],[120.793236,23.850841],[120.792831,23.850777],[120.792382,23.850818],[120.791391,23.850561],[120.790089,23.850584],[120.789696,23.850681],[120.789347,23.850918],[120.789067,23.85125],[120.788718,23.851394],[120.787808,23.851589],[120.787378,23.851756],[120.78711,23.85202],[120.786563,23.852736],[120.78622,23.852892],[120.785827,23.852915],[120.785067,23.852456],[120.784275,23.851562],[120.78228,23.851363],[120.781214,23.851388],[120.780354,23.85149],[120.779487,23.851106],[120.77864,23.850867],[120.778247,23.850867],[120.777811,23.850775],[120.777505,23.85058],[120.777511,23.850201],[120.777698,23.849397],[120.777716,23.848973],[120.777685,23.848544],[120.77746,23.848227],[120.777161,23.847952],[120.776774,23.847756],[120.775927,23.847458],[120.775466,23.847424],[120.7744,23.847602],[120.774038,23.847421],[120.773492,23.845745],[120.773043,23.845592],[120.77262,23.845603],[120.770679,23.846705],[120.7699,23.846929],[120.769046,23.847015],[120.768567,23.847159],[120.768236,23.847387],[120.767402,23.84825],[120.767003,23.848444],[120.766019,23.848578],[120.765639,23.848697],[120.765327,23.848991],[120.764724,23.849327],[120.764156,23.849962],[120.763714,23.849962],[120.762231,23.849766],[120.761758,23.84975],[120.761222,23.849784],[120.76086,23.849928],[120.760543,23.850186],[120.759559,23.851552],[120.759241,23.852304],[120.758874,23.852408],[120.757611,23.852378],[120.757367,23.852706],[120.757239,23.853559],[120.757099,23.853999],[120.756897,23.854428],[120.756627,23.854758],[120.755907,23.855411],[120.755579,23.85565],[120.755349,23.855989],[120.755237,23.856847],[120.754717,23.858513],[120.754312,23.85842],[120.753914,23.858402],[120.753064,23.85814],[120.752674,23.858223],[120.75223,23.858431],[120.751834,23.858646],[120.751482,23.858919],[120.751062,23.859088],[120.750085,23.858939],[120.749584,23.858808],[120.749155,23.858577],[120.748567,23.858103],[120.748291,23.857807],[120.74739,23.857504],[120.746991,23.857455],[120.746604,23.857646],[120.745982,23.8582],[120.745582,23.858437],[120.745169,23.858543],[120.744683,23.85856],[120.742792,23.858473],[120.742187,23.859128],[120.741768,23.859482],[120.74143,23.859701],[120.740978,23.85983],[120.739628,23.859786],[120.738601,23.859567],[120.737595,23.859503],[120.737444,23.859077],[120.736818,23.85839],[120.736775,23.857965],[120.736658,23.857566],[120.73632,23.856784],[120.736264,23.856362],[120.736147,23.856035],[120.735827,23.855746],[120.735269,23.855544],[120.734857,23.855263],[120.734543,23.854502],[120.734456,23.854147],[120.73448,23.853666],[120.734375,23.85326],[120.734202,23.852878],[120.73387,23.852589],[120.733016,23.852185],[120.73226,23.851638],[120.731775,23.851516],[120.731376,23.851488],[120.730976,23.851387],[120.730111,23.851549],[120.72957,23.851494],[120.729116,23.851325],[120.728821,23.851072],[120.728397,23.850902],[120.727587,23.851119],[120.726973,23.851215],[120.726451,23.851104],[120.726057,23.85089],[120.725442,23.85023],[120.725042,23.850025],[120.724146,23.849929],[120.723464,23.849435],[120.72304,23.849249],[120.722573,23.849208],[120.721763,23.849309],[120.721364,23.849244],[120.720946,23.849255],[120.720554,23.849352],[120.720228,23.849166],[120.720325,23.848776],[120.720355,23.848399],[120.720194,23.848008],[120.720169,23.84759],[120.720014,23.847202],[120.719461,23.846565],[120.718674,23.846183],[120.718307,23.845896],[120.718134,23.84558],[120.717416,23.84513],[120.71731,23.844367],[120.716908,23.843953],[120.716122,23.843569],[120.715582,23.84365],[120.715074,23.843891],[120.713874,23.844238],[120.713446,23.844482],[120.712982,23.844502],[120.712753,23.844048],[120.712233,23.84346],[120.711786,23.843406],[120.710831,23.843554],[120.710066,23.843888],[120.709686,23.843838],[120.709196,23.843465],[120.708743,23.843352],[120.707936,23.843851],[120.707599,23.844008],[120.707067,23.844168],[120.706626,23.844254],[120.705806,23.844256],[120.704961,23.84439],[120.703681,23.844136],[120.702597,23.844228],[120.702224,23.844208],[120.701299,23.843966],[120.699589,23.843116],[120.698889,23.842667],[120.697356,23.842093],[120.695583,23.841299],[120.694957,23.84108],[120.694472,23.84094],[120.693785,23.84084],[120.69257,23.840768],[120.691539,23.840601],[120.690784,23.840371],[120.689402,23.839793],[120.685877,23.838671],[120.685343,23.838398],[120.685023,23.838179],[120.683708,23.836974],[120.682273,23.835827],[120.681474,23.835365],[120.680159,23.834432],[120.678212,23.833218],[120.677801,23.833094],[120.677297,23.833037],[120.6758,23.833036],[120.675278,23.8331],[120.674751,23.833264],[120.673199,23.833472],[120.67275,23.833461],[120.671872,23.833339],[120.671412,23.833323],[120.670903,23.833194],[120.670466,23.83302],[120.669975,23.832777],[120.669526,23.832406],[120.668548,23.831216],[120.668198,23.830937],[120.664372,23.829348],[120.663439,23.828858],[120.661921,23.827935],[120.661435,23.827693],[120.660643,23.827431],[120.659728,23.827235],[120.659267,23.827083],[120.658451,23.826724],[120.656688,23.826237],[120.656185,23.826029],[120.65573,23.825731],[120.65447,23.824135],[120.654052,23.823675],[120.653653,23.823377],[120.652793,23.823045],[120.652247,23.822921],[120.651848,23.822645],[120.651325,23.821891],[120.650882,23.821474],[120.650409,23.821277],[120.649378,23.821151],[120.648262,23.82109],[120.647366,23.82095],[120.64642,23.820737],[120.646616,23.820263],[120.64702,23.820004],[120.648245,23.818625],[120.648447,23.818207],[120.649028,23.817275],[120.649757,23.816386],[120.650057,23.815952],[120.650442,23.815234],[120.651563,23.813844],[120.65245,23.812408],[120.652873,23.811968],[120.653737,23.811537],[120.654724,23.811158],[120.656753,23.809799],[120.656978,23.809359],[120.656953,23.808787],[120.656762,23.808433],[120.65557,23.807555],[120.655116,23.80728],[120.654028,23.806323],[120.653566,23.805117],[120.653301,23.804677],[120.652699,23.803995],[120.652717,23.803593],[120.652802,23.803209],[120.652696,23.802347],[120.652419,23.8015],[120.652369,23.800999],[120.652245,23.800593],[120.652048,23.800096],[120.651736,23.79967],[120.651838,23.799268],[120.651523,23.798038],[120.651289,23.797582],[120.650619,23.796726],[120.650226,23.796516],[120.649164,23.796153],[120.647954,23.795602],[120.645996,23.794963],[120.644725,23.794371],[120.644362,23.794164],[120.643311,23.79336],[120.641493,23.791654],[120.640796,23.791198],[120.640289,23.790922],[120.639847,23.790748],[120.639423,23.790755],[120.638504,23.790999],[120.637627,23.791335],[120.637116,23.791622],[120.636185,23.791641],[120.635535,23.791614],[120.633945,23.791353],[120.632813,23.791258],[120.628713,23.790712],[120.627485,23.790712],[120.626797,23.790916],[120.625388,23.791852],[120.624228,23.792746],[120.621789,23.794491],[120.619473,23.796024],[120.618633,23.796767],[120.617417,23.798097],[120.616224,23.799241],[120.615233,23.800372],[120.614545,23.801404],[120.613955,23.802632],[120.613275,23.80423],[120.612438,23.805707],[120.611697,23.806725],[120.610758,23.807691],[120.610167,23.808202],[120.609191,23.808811],[120.607843,23.80952],[120.606014,23.810204],[120.601414,23.811545],[120.60043,23.811741],[120.59846,23.812028],[120.595081,23.812345],[120.593786,23.812345],[120.591439,23.812135],[120.590182,23.812178],[120.586796,23.812494],[120.583508,23.813133],[120.578407,23.813664],[120.575452,23.813745],[120.573483,23.813731],[120.570651,23.813866],[120.568269,23.814142],[120.566904,23.814249],[120.562262,23.81533],[120.561726,23.815563],[120.56139,23.815926],[120.560285,23.817515],[120.558786,23.819328],[120.557359,23.820695],[120.555649,23.822688],[120.554735,23.82364],[120.553512,23.824857],[120.552427,23.825837],[120.551847,23.82632],[120.549078,23.828166],[120.547707,23.829277],[120.546874,23.83002],[120.545302,23.831207],[120.543878,23.832492],[120.5434,23.832837],[120.542185,23.833456],[120.54085,23.834216],[120.540266,23.83448],[120.539559,23.834729],[120.536804,23.835376],[120.535494,23.835527],[120.53493,23.835525],[120.53448,23.83546],[120.534011,23.835322],[120.532458,23.834618],[120.530641,23.833958],[120.528791,23.833467],[120.527566,23.833251],[120.524571,23.832883],[120.522102,23.832781],[120.519605,23.832783],[120.513486,23.833186],[120.512104,23.833109],[120.51016,23.832802],[120.509758,23.832861],[120.509144,23.832716],[120.507538,23.832177],[120.506307,23.832024],[120.50506,23.831981],[120.50437,23.831866],[120.503697,23.831721],[120.503048,23.831502],[120.500322,23.830785],[120.499234,23.830529],[120.498012,23.830369],[120.494333,23.830439],[120.492345,23.830752],[120.490621,23.830906],[120.490016,23.830886],[120.489355,23.83074],[120.488078,23.830699],[120.486046,23.830396],[120.484492,23.830356],[120.482173,23.830117],[120.481458,23.830074],[120.479538,23.83019],[120.478452,23.830506],[120.477577,23.83087],[120.476224,23.831888],[120.475518,23.83255],[120.473771,23.834047],[120.472614,23.834946],[120.472095,23.835249],[120.471471,23.835527],[120.469804,23.836059],[120.467614,23.836563],[120.466323,23.836725],[120.465813,23.836752],[120.463209,23.836693],[120.461156,23.836874],[120.459785,23.836922],[120.458544,23.837116],[120.453868,23.83715],[120.451391,23.837391],[120.449555,23.837642],[120.446658,23.838692],[120.444346,23.839753],[120.443815,23.840071],[120.440549,23.842572],[120.437987,23.844227],[120.435949,23.845696],[120.434362,23.846698],[120.43362,23.847385],[120.432716,23.848335],[120.431108,23.849665],[120.430315,23.850163],[120.428974,23.851149],[120.426757,23.852454],[120.423767,23.85391],[120.423338,23.854276],[120.422957,23.854795],[120.422433,23.855213],[120.421338,23.85573],[120.420095,23.856119],[120.418302,23.85688],[120.416042,23.857731],[120.415011,23.858002],[120.41438,23.858219],[120.412165,23.859137],[120.411453,23.859354],[120.410146,23.859585],[120.408865,23.859953],[120.406816,23.860452],[120.404683,23.860662],[120.402327,23.860725],[120.401272,23.860504],[120.400165,23.860037],[120.399745,23.859906],[120.398531,23.859804],[120.396798,23.85949],[120.394956,23.859346],[120.390439,23.858354],[120.387141,23.857435],[120.385965,23.856923],[120.384445,23.85644],[120.38345,23.856079],[120.383022,23.855873],[120.381587,23.854837],[120.380806,23.854145],[120.378048,23.851002],[120.377097,23.850129],[120.376015,23.849347],[120.374428,23.848302],[120.372384,23.847252],[120.371583,23.846727],[120.370677,23.846277],[120.369292,23.845747],[120.366652,23.844912],[120.364307,23.844325],[120.36161,23.843385],[120.359622,23.842868],[120.357061,23.842087],[120.355843,23.841877],[120.353543,23.841656],[120.351341,23.84128],[120.349988,23.840975],[120.347501,23.840237],[120.343427,23.839239],[120.342049,23.838813],[120.340707,23.838461],[120.33936,23.838239],[120.338634,23.838179],[120.336784,23.838169],[120.334271,23.838433],[120.333092,23.838476],[120.332532,23.838465],[120.331327,23.838318],[120.330239,23.8383],[120.328747,23.83853],[120.327531,23.838923],[120.326008,23.839192],[120.323169,23.83928],[120.322414,23.839349],[120.319026,23.840353],[120.317413,23.841134],[120.316002,23.841685],[120.315536,23.841841],[120.314161,23.842152],[120.312706,23.842548],[120.309147,23.843736],[120.307307,23.844451],[120.305209,23.845156],[120.303269,23.845686],[120.302668,23.845799],[120.298855,23.846749],[120.297346,23.847271],[120.296125,23.847844],[120.295278,23.848158],[120.293209,23.848749],[120.291804,23.849088],[120.289668,23.849792],[120.287391,23.850616],[120.284797,23.851826],[120.283644,23.8523],[120.282054,23.852793],[120.279815,23.853694],[120.278664,23.854353],[120.276878,23.8555],[120.275314,23.856247],[120.273261,23.857437],[120.271555,23.858591],[120.271042,23.859022],[120.270442,23.859437],[120.269248,23.860069],[120.268316,23.860446],[120.266384,23.861482],[120.26362,23.862753],[120.263154,23.863187],[120.263041,23.862744],[120.262986,23.860521],[120.263136,23.859279],[120.263374,23.858011],[120.263611,23.856024],[120.263736,23.855606],[120.263954,23.855157],[120.264197,23.854785],[120.264541,23.854405],[120.264703,23.854089],[120.264765,23.853744],[120.265153,23.852446],[120.265883,23.851056],[120.266489,23.850087],[120.266788,23.849173],[120.266807,23.848552],[120.266626,23.84764],[120.266788,23.84683],[120.267213,23.845532],[120.267269,23.845089],[120.267257,23.844721],[120.267045,23.844446],[120.266696,23.844146],[120.265604,23.844067],[120.265224,23.844119],[120.264118,23.845134],[120.26365,23.845229],[120.263501,23.845541],[120.263401,23.845995],[120.262995,23.8462],[120.262633,23.846011],[120.261411,23.845132],[120.261055,23.84497],[120.26035,23.844713],[120.25983,23.844764],[120.258469,23.843697],[120.258269,23.843232],[120.256375,23.84371],[120.255844,23.84364],[120.255496,23.843787],[120.255413,23.844184],[120.254636,23.844552],[120.254137,23.844597],[120.253843,23.844313],[120.253299,23.844261],[120.251841,23.844532],[120.25079,23.844845],[120.25039,23.844816],[120.249427,23.844595],[120.249014,23.844547],[120.248085,23.844561],[120.247706,23.844732],[120.245474,23.846518],[120.244819,23.847622],[120.244503,23.848342],[120.244371,23.848839],[120.244015,23.848695],[120.243762,23.848433],[120.243348,23.848196],[120.242946,23.848521],[120.2427,23.848858],[120.241732,23.850896],[120.241474,23.851266],[120.240392,23.85219],[120.239637,23.853196],[120.239325,23.853481],[120.238826,23.853474],[120.238521,23.85335],[120.238223,23.852946],[120.238082,23.852607],[120.237916,23.851729],[120.237422,23.850521],[120.237236,23.850122],[120.236995,23.849749],[120.236616,23.849427],[120.236122,23.849287],[120.234641,23.849151],[120.232457,23.84852],[120.232006,23.848416],[120.23112,23.848366],[120.230662,23.848147],[120.230305,23.848035],[120.229911,23.847998],[120.229504,23.847813],[120.229157,23.847511],[120.228076,23.846303],[120.227533,23.845775],[120.227272,23.845357],[120.226982,23.845028],[120.226563,23.844427],[120.226924,23.844003],[120.22994,23.842204],[120.230419,23.841953],[120.232459,23.841071],[120.233435,23.840579],[120.239446,23.837404],[120.240496,23.836738],[120.242254,23.835461],[120.243921,23.83458],[120.244296,23.834434],[120.245561,23.833744],[120.24776,23.832665],[120.248195,23.832392],[120.249169,23.831635],[120.250992,23.829881],[120.251742,23.829267],[120.252381,23.828825],[120.253131,23.828163],[120.254162,23.827475],[120.256642,23.82555],[120.257464,23.824983],[120.2578,23.824809],[120.258277,23.824681],[120.258285,23.82422],[120.258952,23.823748],[120.259289,23.823432],[120.260386,23.822755],[120.261432,23.821927],[120.263135,23.820717],[120.264312,23.82015],[120.265429,23.819845],[120.266379,23.819439],[120.267464,23.818809],[120.268439,23.818407],[120.27015,23.817588],[120.272528,23.816071],[120.274262,23.815156],[120.275744,23.814074],[120.276662,23.813343],[120.277256,23.812957],[120.279505,23.811591],[120.281012,23.810799],[120.281723,23.810375],[120.282531,23.809783],[120.283283,23.809023],[120.283693,23.808705],[120.285127,23.807888],[120.287454,23.806164],[120.287809,23.805958],[120.288459,23.805681],[120.291252,23.803958],[120.293267,23.802503],[120.296533,23.800701],[120.298063,23.799553],[120.300123,23.798835],[120.300797,23.798401],[120.301758,23.797681],[120.303535,23.796665],[120.305041,23.795667],[120.305911,23.795162],[120.30639,23.794963],[120.308212,23.794464],[120.312996,23.792791],[120.315278,23.792206],[120.316555,23.791932],[120.320066,23.791366],[120.321829,23.791248],[120.324948,23.790885],[120.329543,23.79],[120.333552,23.789416],[120.335462,23.789344],[120.337207,23.789375],[120.34138,23.789676],[120.34475,23.790275],[120.346219,23.790452],[120.346969,23.790483],[120.349968,23.790531],[120.351596,23.790447],[120.352615,23.790378],[120.353529,23.790128],[120.355406,23.789335],[120.356344,23.788868],[120.357741,23.788087],[120.35925,23.787408],[120.360194,23.786916],[120.362475,23.786035],[120.363346,23.78557],[120.364118,23.785078],[120.364449,23.784818],[120.365605,23.783691],[120.368826,23.781143],[120.369922,23.780211],[120.371496,23.779017],[120.373744,23.777471],[120.37468,23.77673],[120.375799,23.775755],[120.376592,23.774972],[120.377323,23.7741],[120.378007,23.772931],[120.378406,23.772198],[120.378737,23.771435],[120.380202,23.767568],[120.380766,23.766308],[120.381346,23.765322],[120.381892,23.764624],[120.382161,23.764418],[120.382686,23.764036],[120.383405,23.763698],[120.383822,23.763558],[120.385661,23.763147],[120.388338,23.762298],[120.391422,23.761569],[120.393558,23.761306],[120.396077,23.761116],[120.398023,23.760834],[120.400346,23.760712],[120.401402,23.760547],[120.40247,23.760443],[120.404577,23.760301],[120.407409,23.76004],[120.411122,23.759936],[120.412186,23.759974],[120.413944,23.759892],[120.418595,23.759599],[120.421039,23.759294],[120.421555,23.759304],[120.424474,23.759119],[120.42899,23.758367],[120.430443,23.758063],[120.431532,23.758088],[120.432766,23.757962],[120.434764,23.757481],[120.438243,23.756887],[120.439789,23.75656],[120.440973,23.756401],[120.442623,23.756083],[120.446425,23.755754],[120.446989,23.755544],[120.447707,23.75569],[120.448383,23.755688],[120.449955,23.75555],[120.452709,23.755522],[120.456617,23.755281],[120.458603,23.755265],[120.460387,23.755308],[120.460972,23.755376],[120.464184,23.755543],[120.466903,23.755588],[120.469838,23.755719],[120.472959,23.756029],[120.475331,23.756411],[120.477749,23.756862],[120.481125,23.757328],[120.482677,23.757495],[120.484229,23.757595],[120.487365,23.757931],[120.489425,23.758283],[120.489832,23.758385],[120.491903,23.759128],[120.494431,23.75988],[120.496995,23.76055],[120.498151,23.760943],[120.49935,23.761192],[120.50267,23.762219],[120.503744,23.762477],[120.505199,23.762634],[120.507304,23.762711],[120.50817,23.762811],[120.50986,23.762585],[120.510897,23.762318],[120.513169,23.761912],[120.514548,23.761898],[120.515267,23.761952],[120.516633,23.762201],[120.518537,23.762691],[120.520432,23.763401],[120.522121,23.764153],[120.523821,23.764986],[120.527172,23.766365],[120.528535,23.766778],[120.53158,23.767583],[120.533045,23.768156],[120.536433,23.770116],[120.53725,23.770802],[120.537857,23.771416],[120.538517,23.771931],[120.538811,23.772344],[120.539409,23.772418],[120.539822,23.772543],[120.540884,23.772599],[120.542494,23.772491],[120.546136,23.771868],[120.548112,23.771631],[120.549166,23.771603],[120.55121,23.771389],[120.553209,23.771376],[120.555658,23.7712],[120.556661,23.771033],[120.557679,23.770717],[120.559572,23.770311],[120.562689,23.770068],[120.56616,23.7697],[120.567459,23.769639],[120.568716,23.76968],[120.570959,23.769588],[120.572713,23.769592],[120.577869,23.77013],[120.581567,23.770751],[120.582821,23.770906],[120.585174,23.771105],[120.587623,23.771222],[120.588471,23.771319],[120.589418,23.771452],[120.591376,23.771831],[120.593416,23.772385],[120.594935,23.77292],[120.59837,23.77444],[120.60164,23.775734],[120.602417,23.775959],[120.605605,23.776553],[120.608116,23.776707],[120.612,23.776769],[120.613833,23.776735],[120.615031,23.776812],[120.615462,23.776922],[120.615858,23.777085],[120.616212,23.777328],[120.616748,23.777785],[120.617586,23.778626],[120.618003,23.778963],[120.618875,23.779351],[120.619375,23.779473],[120.620395,23.779586],[120.62115,23.779593],[120.625367,23.778922],[120.629577,23.778748],[120.633108,23.7791],[120.635252,23.779021],[120.635958,23.779087],[120.636523,23.779475],[120.636574,23.778712],[120.637308,23.777519],[120.637957,23.776778],[120.638995,23.775356],[120.639729,23.774846],[120.640157,23.774718],[120.640479,23.774295],[120.640975,23.773255],[120.641275,23.771891],[120.641305,23.771411],[120.641274,23.771054],[120.641026,23.770045],[120.640654,23.769756],[120.639707,23.76925],[120.639432,23.768794],[120.639077,23.768528],[120.638722,23.768094],[120.638029,23.767449],[120.637783,23.767099],[120.637593,23.76664],[120.637501,23.766257],[120.637591,23.765207],[120.637781,23.764852],[120.6381,23.764557],[120.638356,23.764103],[120.638564,23.76338],[120.639139,23.762495],[120.639261,23.76206],[120.639297,23.761552],[120.639254,23.761197],[120.639012,23.760238],[120.639005,23.759786],[120.639041,23.759405],[120.639498,23.758057],[120.639417,23.757648],[120.638993,23.757538],[120.638502,23.757289],[120.638042,23.756208],[120.637918,23.755804],[120.638295,23.754113],[120.638439,23.753677],[120.638621,23.753343],[120.638544,23.75288],[120.638393,23.752411],[120.637848,23.75139],[120.637854,23.750487],[120.637797,23.750058],[120.637871,23.749085],[120.638075,23.748713],[120.638709,23.746774],[120.639384,23.745685],[120.63977,23.745331],[120.64013,23.74518],[120.64065,23.745069],[120.641453,23.745062],[120.641768,23.744821],[120.642075,23.744457],[120.642342,23.743606],[120.642662,23.743315],[120.643099,23.743033],[120.643333,23.742731],[120.643405,23.742284],[120.643541,23.741965],[120.644163,23.741426],[120.644273,23.741013],[120.644445,23.739631],[120.644389,23.73922],[120.644528,23.738789],[120.644749,23.738403],[120.644681,23.738022],[120.644489,23.737613],[120.644415,23.737236],[120.643961,23.736561],[120.643881,23.736157],[120.643984,23.735732],[120.643995,23.735349],[120.643792,23.734951],[120.643214,23.7342],[120.643079,23.733852],[120.643016,23.733023],[120.642863,23.732712],[120.642837,23.732283],[120.642523,23.731515],[120.641965,23.730843],[120.641648,23.730628],[120.641235,23.73052],[120.640751,23.730563],[120.640318,23.730504],[120.639955,23.729926],[120.639228,23.728032],[120.639173,23.727666],[120.63967,23.725935],[120.640162,23.725296],[120.640483,23.725048],[120.64091,23.724901],[120.641303,23.724596],[120.641241,23.724231],[120.640959,23.723881],[120.641008,23.723524],[120.641399,23.72273],[120.641344,23.722371],[120.641096,23.721551],[120.641076,23.720757],[120.640996,23.72038],[120.640836,23.720039],[120.64068,23.71951],[120.640802,23.719115],[120.640755,23.718558],[120.640668,23.71812],[120.640358,23.717273],[120.640347,23.716309],[120.640259,23.715833],[120.639852,23.715009],[120.639741,23.714634],[120.640043,23.714235],[120.640786,23.713835],[120.6407,23.713334],[120.640619,23.712948],[120.640368,23.712612],[120.6397,23.71193],[120.639496,23.71151],[120.639404,23.711178],[120.63955,23.710743],[120.640191,23.710203],[120.64038,23.709813],[120.640263,23.709436],[120.639971,23.70921],[120.639891,23.708873],[120.640063,23.708537],[120.640309,23.708235],[120.640673,23.707282],[120.640875,23.706564],[120.641059,23.706201],[120.641293,23.705914],[120.641792,23.705711],[120.642327,23.705743],[120.642746,23.705503],[120.643895,23.704585],[120.645053,23.70379],[120.645379,23.703481],[120.645482,23.703086],[120.645371,23.702359],[120.645175,23.702014],[120.644571,23.701488],[120.644055,23.700429],[120.643737,23.700147],[120.643593,23.699659],[120.643866,23.699119],[120.644355,23.698323],[120.644484,23.697966],[120.644704,23.697591],[120.645184,23.696975],[120.645361,23.696593],[120.645632,23.695598],[120.646006,23.694505],[120.64623,23.693325],[120.64642,23.692966],[120.646602,23.692169],[120.646503,23.691758],[120.646208,23.691381],[120.646035,23.690972],[120.646059,23.690593],[120.645815,23.690327],[120.6459,23.68957],[120.64575,23.688756],[120.645711,23.687916],[120.64582,23.68748],[120.646177,23.687198],[120.646574,23.687092],[120.646987,23.686882],[120.647226,23.686507],[120.647255,23.686083],[120.646937,23.685778],[120.64659,23.685586],[120.64637,23.685297],[120.646345,23.684902],[120.646595,23.684448],[120.646921,23.684184],[120.647322,23.683959],[120.648005,23.683424],[120.648196,23.683094],[120.648192,23.681855],[120.648154,23.681437],[120.647982,23.680701],[120.647847,23.680349],[120.647166,23.679333],[120.647032,23.678981],[120.647006,23.678547],[120.6468,23.678048],[120.64655,23.677782],[120.646376,23.677288],[120.646515,23.676829],[120.646561,23.676294],[120.646278,23.675577],[120.64629,23.675188],[120.647136,23.674161],[120.647164,23.672696],[120.646461,23.672373],[120.645749,23.671971],[120.64542,23.671757],[120.645077,23.67143],[120.644917,23.671082],[120.644897,23.67066],[120.644766,23.670168],[120.644452,23.669378],[120.644474,23.66856],[120.644337,23.667761],[120.64409,23.667326],[120.643008,23.666434],[120.642606,23.666242],[120.641288,23.665815],[120.64101,23.665484],[120.640793,23.66503],[120.640574,23.66407],[120.640392,23.662765],[120.639903,23.66182],[120.639768,23.661456],[120.63951,23.661099],[120.639318,23.660641],[120.639231,23.660178],[120.639029,23.659878],[120.63865,23.659603],[120.638238,23.659162],[120.638055,23.658858],[120.637888,23.658436],[120.637678,23.657673],[120.637438,23.657253],[120.636867,23.656496],[120.636652,23.656121],[120.636782,23.655128],[120.636105,23.65392],[120.635703,23.653057],[120.635433,23.652644],[120.635164,23.652373],[120.634922,23.651836],[120.63514,23.651003],[120.635173,23.650066],[120.635902,23.64898],[120.636235,23.648721],[120.636678,23.648466],[120.635909,23.647806],[120.635799,23.647262],[120.635566,23.646894],[120.635248,23.646605],[120.635003,23.646267],[120.634904,23.64589],[120.634914,23.645416],[120.635183,23.643964],[120.635095,23.643497],[120.634911,23.643129],[120.634807,23.642781],[120.633102,23.640575],[120.629928,23.637291],[120.630369,23.632974],[120.629159,23.630667],[120.630166,23.628437],[120.632516,23.62722],[120.633133,23.624671],[120.633601,23.623289],[120.634239,23.622368],[120.634632,23.621628],[120.635317,23.620948],[120.635757,23.62093],[120.635965,23.620583],[120.635653,23.62023],[120.635451,23.61984],[120.635455,23.619397],[120.635876,23.618535],[120.635967,23.618041],[120.635855,23.617591],[120.635626,23.617264],[120.635481,23.615724],[120.635147,23.615526],[120.634197,23.615365],[120.63365,23.615182],[120.633099,23.614862],[120.632572,23.61497],[120.632245,23.614442],[120.631947,23.614135],[120.631475,23.613365],[120.631338,23.612911],[120.631348,23.612388],[120.631234,23.611975],[120.631226,23.611478],[120.631101,23.611026],[120.630561,23.610435],[120.630361,23.610078],[120.630346,23.609597],[120.630252,23.609146],[120.630022,23.60871],[120.629986,23.607852],[120.629854,23.60741],[120.629588,23.607015],[120.628962,23.606288],[120.628733,23.605861],[120.628607,23.605489],[120.62861,23.60506],[120.629171,23.603793],[120.629308,23.603416],[120.629385,23.602976],[120.629764,23.602188],[120.629823,23.601732],[120.629777,23.601341],[120.629591,23.600912],[120.62914,23.600265],[120.628577,23.599675],[120.627318,23.598525],[120.627118,23.598139],[120.627095,23.59722],[120.62686,23.596676],[120.62666,23.596358],[120.626197,23.595256],[120.62542,23.594285],[120.625197,23.593809],[120.625219,23.593319],[120.625303,23.592849],[120.625294,23.592364],[120.625212,23.591935],[120.624888,23.591046],[120.62386,23.590098],[120.623545,23.589637],[120.62357,23.588752],[120.623438,23.588298],[120.623405,23.587786],[120.623108,23.587445],[120.622656,23.587323],[120.622143,23.587088],[120.621542,23.586368],[120.621319,23.585921],[120.621027,23.58558],[120.620705,23.585233],[120.620303,23.584925],[120.619915,23.584449],[120.619212,23.583797],[120.619155,23.583298],[120.619245,23.582718],[120.619205,23.582237],[120.618762,23.580851],[120.618563,23.580388],[120.617654,23.579837],[120.617356,23.579587],[120.617126,23.579174],[120.617067,23.578767],[120.617108,23.578124],[120.616921,23.57688],[120.617093,23.575121],[120.617419,23.574293],[120.617213,23.573936],[120.616786,23.573634],[120.615383,23.572986],[120.615042,23.572577],[120.614482,23.572162],[120.614024,23.571938],[120.613777,23.571469],[120.613448,23.571089],[120.613089,23.570776],[120.611911,23.569362],[120.611212,23.568624],[120.610621,23.568175],[120.610035,23.567915],[120.608965,23.567649],[120.607983,23.567075],[120.606921,23.566667],[120.605839,23.566418],[120.605533,23.566209],[120.605552,23.565762],[120.605782,23.565373],[120.606546,23.564701],[120.606776,23.564285],[120.606803,23.563849],[120.606935,23.563434],[120.607341,23.563138],[120.608195,23.562723],[120.608583,23.562448],[120.608837,23.562078],[120.608829,23.561592],[120.608654,23.561145],[120.608376,23.560771],[120.60836,23.560335],[120.608413,23.559845],[120.6083,23.559382],[120.608095,23.559001],[120.608005,23.556955],[120.608054,23.556447],[120.607638,23.555632],[120.60789,23.554623],[120.60793,23.554183],[120.607601,23.553887],[120.60723,23.553682],[120.607559,23.553048],[120.608069,23.552734],[120.609142,23.552524],[120.609518,23.55224],[120.610316,23.551939],[120.610808,23.551693],[120.611534,23.551147],[120.611874,23.550675],[120.612207,23.550366],[120.613143,23.549757],[120.613901,23.549068],[120.614756,23.548522],[120.615404,23.547849],[120.616284,23.547398],[120.616628,23.547167],[120.616494,23.546343],[120.61654,23.545858],[120.616708,23.545447],[120.617845,23.544084],[120.618269,23.543844],[120.618658,23.543476],[120.618929,23.543115],[120.619376,23.542227],[120.619771,23.541817],[120.620031,23.541453],[120.620168,23.541047],[120.620239,23.540629],[120.620475,23.540203],[120.620972,23.539952],[120.621476,23.539627],[120.621882,23.539444],[120.623224,23.539216],[120.623764,23.53904],[120.624595,23.538408],[120.625607,23.538166],[120.626013,23.537977],[120.626739,23.537333],[120.627139,23.537126],[120.627575,23.536981],[120.62803,23.536664],[120.628321,23.536244],[120.628459,23.535811],[120.628731,23.535445],[120.629315,23.5351],[120.629788,23.534955],[120.630753,23.534477],[120.631085,23.534242],[120.631957,23.533874],[120.632813,23.533233],[120.633302,23.532641],[120.633603,23.532181],[120.633873,23.531343],[120.634174,23.530935],[120.634481,23.530178],[120.635038,23.529542],[120.635445,23.528804],[120.635976,23.52821],[120.636289,23.527921],[120.637077,23.527551],[120.638055,23.527594],[120.638463,23.527432],[120.638645,23.527005],[120.63874,23.526088],[120.638892,23.525623],[120.639053,23.525301],[120.639604,23.524585],[120.640176,23.524154],[120.640643,23.523964],[120.64104,23.524009],[120.641499,23.523989],[120.643795,23.523533],[120.644194,23.523246],[120.644608,23.522549],[120.644941,23.522133],[120.645237,23.521921],[120.646203,23.522021],[120.646669,23.521838],[120.647045,23.521551],[120.647437,23.52063],[120.647647,23.520314],[120.64781,23.519806],[120.647996,23.519451],[120.648455,23.519235],[120.648882,23.519149],[120.649359,23.518941],[120.649734,23.518472],[120.649944,23.518061],[120.650508,23.517445],[120.651183,23.516835],[120.651335,23.515842],[120.651682,23.515002],[120.651696,23.514623],[120.651471,23.5143],[120.650825,23.513749],[120.650912,23.512523],[120.651104,23.512117],[120.651814,23.511187],[120.653063,23.51062],[120.653347,23.510361],[120.65374,23.509433],[120.653823,23.50907],[120.653848,23.508216],[120.654145,23.507146],[120.654357,23.506659],[120.654654,23.506327],[120.655047,23.50627],[120.655469,23.506302],[120.655917,23.506236],[120.656714,23.505798],[120.65751,23.505518],[120.658155,23.504782],[120.658634,23.504328],[120.65902,23.504166],[120.659436,23.504089],[120.66047,23.504227],[120.660899,23.504238],[120.662216,23.504053],[120.66261,23.503658],[120.66311,23.502947],[120.663486,23.502502],[120.664496,23.501613],[120.66486,23.501412],[120.665308,23.50134],[120.665712,23.501378],[120.666128,23.501608],[120.666285,23.502039],[120.666344,23.502475],[120.666162,23.503392],[120.666227,23.503814],[120.666507,23.504109],[120.66678,23.504534],[120.667035,23.505028],[120.667643,23.506745],[120.667936,23.506995],[120.669442,23.506499],[120.669993,23.506503],[120.670448,23.506404],[120.670829,23.506242],[120.672933,23.505162],[120.674618,23.50411],[120.675571,23.50372],[120.676104,23.503699],[120.677095,23.503851],[120.678377,23.504266],[120.67883,23.504163],[120.67931,23.50388],[120.680653,23.50333],[120.681377,23.503135],[120.689012,23.508948],[120.689426,23.509167],[120.689803,23.509499],[120.690519,23.510382],[120.691596,23.511359],[120.691981,23.511899],[120.693447,23.511201],[120.694757,23.510682],[120.695242,23.510716],[120.696615,23.511133],[120.697375,23.511614],[120.697725,23.511729],[120.698214,23.511392],[120.69834,23.511009],[120.69905,23.510316],[120.699422,23.510024],[120.6999,23.509783],[120.700376,23.50972],[120.701441,23.510144],[120.701848,23.510223],[120.702801,23.510113],[120.703468,23.510153],[120.703875,23.510235],[120.704333,23.510189],[120.705328,23.51021],[120.705719,23.510104],[120.706349,23.510118],[120.706849,23.510179],[120.707816,23.510409],[120.708334,23.510416],[120.708739,23.510107],[120.708844,23.509666],[120.708931,23.508021],[120.7087,23.507179],[120.708424,23.506481],[120.708204,23.505131],[120.708454,23.504752],[120.708574,23.504393],[120.708812,23.503127],[120.709268,23.503045],[120.70979,23.50303],[120.710815,23.503165],[120.711244,23.503106],[120.711621,23.50221],[120.711848,23.501874],[120.71197,23.50149],[120.712774,23.501151],[120.713169,23.500917],[120.71445,23.50047],[120.714865,23.500145],[120.71533,23.49912],[120.715944,23.498725],[120.71762,23.498481],[120.718251,23.498533],[120.718706,23.498416],[120.71999,23.497562],[120.721358,23.496524],[120.722402,23.495614],[120.72299,23.495289],[120.723989,23.494499],[120.725306,23.493522],[120.726165,23.49297],[120.726856,23.492413],[120.727779,23.491255],[120.728241,23.490577],[120.728648,23.487708],[120.729091,23.486647],[120.729443,23.485446],[120.729894,23.484706],[120.730093,23.484268],[120.730217,23.48381],[120.730242,23.483302],[120.731464,23.483482],[120.732844,23.483792],[120.735748,23.484928],[120.736251,23.484894],[120.736712,23.484768],[120.737228,23.48473],[120.737756,23.484763],[120.738258,23.48484],[120.73874,23.485012],[120.739654,23.485434],[120.740143,23.485571],[120.741078,23.485725],[120.74248,23.485836],[120.742945,23.48596],[120.743354,23.486246],[120.74398,23.487032],[120.744349,23.487371],[120.744606,23.48772],[120.744683,23.488064],[120.744858,23.488504],[120.745571,23.489154],[120.746196,23.4894],[120.746795,23.490082],[120.747304,23.490145],[120.748829,23.489906],[120.749434,23.489719],[120.749799,23.489418],[120.750027,23.489032],[120.750361,23.48871],[120.750781,23.488484],[120.751247,23.488473],[120.751514,23.488872],[120.752134,23.490312],[120.752461,23.490863],[120.753029,23.491518],[120.754436,23.492516],[120.755762,23.493037],[120.756199,23.493267],[120.756881,23.493737],[120.757201,23.494071],[120.757677,23.494233],[120.758137,23.494184],[120.758689,23.49445],[120.759062,23.494572],[120.760285,23.494868],[120.761322,23.495059],[120.762453,23.495057],[120.763515,23.495039],[120.763888,23.494987],[120.764348,23.494845],[120.765195,23.494266],[120.765649,23.494153],[120.766165,23.494298],[120.767499,23.494828],[120.768535,23.495406],[120.76926,23.495912],[120.769601,23.496235],[120.770066,23.496429],[120.770439,23.496481],[120.772341,23.496325],[120.773279,23.496334],[120.773701,23.496587],[120.773992,23.496858],[120.774494,23.497472],[120.777836,23.503134],[120.778224,23.503581],[120.778678,23.504342],[120.779367,23.505049],[120.779808,23.505403],[120.780722,23.505902],[120.781496,23.506202],[120.781908,23.506297],[120.782295,23.506263],[120.782706,23.50606],[120.783105,23.505728],[120.783588,23.505067],[120.783907,23.504791],[120.784726,23.504302],[120.785063,23.504031],[120.785362,23.503715],[120.78575,23.503056],[120.786076,23.502719],[120.786393,23.502478],[120.786784,23.502347],[120.787689,23.502317],[120.7881,23.502369],[120.788512,23.502496],[120.789964,23.50327],[120.790853,23.503604],[120.792006,23.504595],[120.792449,23.504624],[120.793572,23.504433],[120.79401,23.50441],[120.794425,23.50448],[120.795296,23.504464],[120.796556,23.504265],[120.799103,23.504337],[120.799621,23.504222],[120.799997,23.504048],[120.800717,23.503502],[120.801503,23.502274],[120.801923,23.502148],[120.80309,23.503337],[120.803753,23.503877],[120.805651,23.504686],[120.807024,23.504666],[120.807504,23.504817],[120.80885,23.505594],[120.809747,23.505707],[120.810595,23.505885],[120.811974,23.505894],[120.812484,23.506018],[120.812781,23.506944],[120.813575,23.50852],[120.813884,23.508786],[120.814206,23.509173],[120.81502,23.510272],[120.815782,23.510622],[120.816531,23.510866],[120.816785,23.511121],[120.817515,23.512297],[120.8184,23.513008],[120.818472,23.513345],[120.818742,23.513769],[120.819064,23.514013],[120.819338,23.514308],[120.819527,23.514961],[120.819978,23.514457],[120.82132,23.513627],[120.821591,23.513245],[120.821781,23.512841],[120.823274,23.511223],[120.823378,23.51078],[120.823377,23.510347],[120.823129,23.508875],[120.823163,23.508473],[120.823094,23.507577],[120.82317,23.50713],[120.823528,23.506396],[120.824167,23.506141],[120.823993,23.505568],[120.824418,23.504656],[120.824488,23.504256],[120.824297,23.503863],[120.824267,23.503315],[120.824023,23.502513],[120.824023,23.502127],[120.823959,23.501698],[120.823381,23.500608],[120.823289,23.500134],[120.82348,23.498368],[120.823894,23.497504],[120.8244,23.496651],[120.824984,23.495987],[120.825459,23.495587],[120.825767,23.495228],[120.825622,23.494005],[120.825465,23.493533],[120.825381,23.493075],[120.825438,23.4914],[120.825293,23.490113],[120.825292,23.489368],[120.825532,23.488876],[120.825928,23.488232],[120.826308,23.487334],[120.826708,23.48534],[120.827117,23.483724],[120.827421,23.482999],[120.827892,23.482277],[120.82855,23.481602],[120.829287,23.48104],[120.830157,23.480126],[120.830392,23.479541],[120.8307,23.47901],[120.830945,23.478739],[120.831259,23.478277],[120.831638,23.477541],[120.831918,23.476712],[120.832128,23.475511],[120.8323,23.47506],[120.832868,23.47441],[120.833175,23.474206],[120.833668,23.474057],[120.835032,23.473041],[120.836249,23.472343],[120.836794,23.472158],[120.837287,23.472095],[120.837656,23.471975],[120.838013,23.471813],[120.838905,23.471271],[120.839403,23.471255],[120.839779,23.471562],[120.83993,23.472009],[120.840768,23.472696],[120.841195,23.472966],[120.841982,23.473364],[120.842349,23.473425],[120.842992,23.473323],[120.84497,23.472875],[120.845518,23.472891],[120.845959,23.472977],[120.846917,23.473044],[120.847922,23.472672],[120.84878,23.472177],[120.849303,23.472098],[120.849849,23.472281],[120.850798,23.472437],[120.851256,23.472609],[120.851834,23.472712],[120.852606,23.473159],[120.852978,23.473272],[120.853884,23.473413],[120.85548,23.473512],[120.856028,23.473769],[120.856184,23.473368],[120.856829,23.473478],[120.858664,23.473271],[120.859174,23.473153],[120.860117,23.473223],[120.861027,23.473485],[120.862422,23.473686],[120.863651,23.473699],[120.864877,23.47332],[120.866311,23.472568],[120.867241,23.471999],[120.867596,23.471659],[120.867867,23.471277],[120.868223,23.4709],[120.868648,23.470564],[120.86947,23.470216],[120.871318,23.469521],[120.872857,23.469005],[120.873298,23.468752],[120.874142,23.468621],[120.874779,23.468416],[120.876047,23.468116],[120.876951,23.46798],[120.877636,23.467933],[120.879885,23.467985],[120.881124,23.468102],[120.881729,23.468328],[120.882109,23.468646],[120.882465,23.469274],[120.8825,23.470274],[120.88265,23.471591],[120.883652,23.472645],[120.883835,23.472948],[120.884542,23.474777],[120.88492,23.475111],[120.885897,23.475578],[120.886659,23.475759],[120.887652,23.475876],[120.888368,23.475858],[120.889538,23.475713],[120.892261,23.475709],[120.892705,23.475908],[120.893887,23.475736],[120.895513,23.475838],[120.897669,23.476068],[120.898544,23.475734],[120.898953,23.475662],[120.899339,23.475682],[120.900356,23.475908],[120.90134,23.476032],[120.905393,23.476327],[120.90627,23.476359],[120.909105,23.476278],[120.909653,23.476332],[120.910157,23.476407],[120.911049,23.47672],[120.911637,23.477113],[120.911832,23.476714],[120.912429,23.47664],[120.913731,23.475769],[120.914639,23.475245],[120.91501,23.475128],[120.915973,23.475112],[120.917547,23.47522],[120.91797,23.475211],[120.918949,23.474972],[120.919446,23.474941],[120.922204,23.474984],[120.922725,23.474826],[120.923126,23.474621],[120.924107,23.473971],[120.925368,23.47335],[120.925863,23.47318],[120.927041,23.472952],[120.927579,23.47277],[120.929622,23.471519],[120.930289,23.471255],[120.931478,23.470923],[120.931888,23.470878],[120.932279,23.470909],[120.932641,23.471056],[120.934535,23.472239],[120.93487,23.472697],[120.935485,23.47286],[120.935964,23.472919],[120.936963,23.472925],[120.937998,23.47279],[120.938469,23.472675],[120.939285,23.472348],[120.940196,23.471727],[120.940756,23.471189],[120.941661,23.469981],[120.942258,23.469489],[120.94314,23.46897],[120.944542,23.468311],[120.945405,23.467742],[120.945751,23.467606],[120.94624,23.467493],[120.948321,23.467173],[120.948705,23.467141],[120.949122,23.467198],[120.950552,23.467615],[120.952356,23.468011],[120.95286,23.46819],[120.953322,23.468411],[120.954666,23.469409],[120.955103,23.46965],[120.955914,23.469971],[120.956536,23.470075],[120.957067,23.470283],[120.95656,23.470612],[120.956125,23.471179],[120.95585,23.471599],[120.95578,23.472025],[120.955874,23.472574],[120.95617,23.473524],[120.956746,23.47489],[120.957598,23.476229],[120.958457,23.477306],[120.958654,23.477649],[120.959019,23.478547],[120.959393,23.481139],[120.959924,23.482925],[120.96,23.483473],[120.959938,23.484072],[120.959487,23.486519],[120.959698,23.487124],[120.960728,23.487361],[120.961522,23.487282],[120.96266,23.487251],[120.964073,23.4874],[120.965176,23.487596],[120.966641,23.487969],[120.96844,23.488653],[120.968963,23.488761],[120.969349,23.488784],[120.970928,23.488772],[120.971755,23.488822],[120.973438,23.489176],[120.975878,23.489951],[120.976457,23.490027],[120.976991,23.490016],[120.978028,23.489917],[120.980054,23.489858],[120.980943,23.489898],[120.981572,23.48999],[120.98302,23.490038],[120.983444,23.490103],[120.98499,23.490573],[120.986284,23.490785],[120.987333,23.490713],[120.988275,23.490505],[120.98903,23.490264],[120.990072,23.490121],[120.992598,23.490129],[120.994952,23.490201],[120.995535,23.490167],[120.996517,23.489829],[120.998518,23.488996],[120.999534,23.488842],[121.001,23.488973],[121.002985,23.489457],[121.00337,23.489481],[121.004459,23.489536],[121.005895,23.489477],[121.007211,23.489323],[121.007723,23.489558],[121.009397,23.49012],[121.010042,23.49021],[121.010737,23.49021],[121.011438,23.490341],[121.011995,23.49077],[121.01259,23.491127],[121.015018,23.491623],[121.016715,23.491865],[121.018166,23.491748],[121.021441,23.492205],[121.02267,23.492245],[121.023062,23.492209],[121.024092,23.491909],[121.024813,23.491778],[121.026944,23.491864],[121.027957,23.492241],[121.02886,23.492756],[121.029526,23.492957],[121.0306,23.493127],[121.031386,23.492903],[121.032327,23.49303],[121.033186,23.492901],[121.034767,23.492395],[121.036629,23.491691],[121.037345,23.491474],[121.037899,23.491221],[121.038279,23.491144],[121.039712,23.491111],[121.042286,23.491221],[121.043756,23.491655],[121.046184,23.49177],[121.046927,23.491878],[121.048209,23.492314],[121.048848,23.492634],[121.050481,23.493767],[121.051081,23.493991],[121.051455,23.494058],[121.052323,23.494031],[121.052744,23.494095],[121.053454,23.495257],[121.054001,23.495785],[121.054352,23.495986],[121.055104,23.496264],[121.056321,23.496287],[121.057063,23.496503],[121.057725,23.496776],[121.058076,23.497013],[121.05876,23.497272],[121.059351,23.49771],[121.060252,23.498475],[121.061631,23.498981],[121.061999,23.499044],[121.06226,23.499331],[121.062519,23.499997],[121.062561,23.500437],[121.0628,23.501381],[121.062842,23.501837],[121.062768,23.502823],[121.062941,23.504108],[121.063252,23.504469],[121.063744,23.504656],[121.064583,23.505087],[121.064929,23.505334],[121.065616,23.505911],[121.065933,23.506286],[121.065987,23.50672],[121.065896,23.507268],[121.066062,23.508332],[121.066299,23.509185],[121.06639,23.509607],[121.066413,23.510063],[121.066542,23.510542],[121.066928,23.51158],[121.067673,23.513002],[121.068168,23.51438],[121.068321,23.515944],[121.068534,23.516831],[121.068546,23.517798],[121.068789,23.518143],[121.068586,23.518595],[121.070506,23.51818],[121.070971,23.518134],[121.071914,23.518137],[121.073786,23.518367],[121.07427,23.518351],[121.074784,23.51824],[121.075619,23.517915],[121.076429,23.517491],[121.077388,23.517184],[121.078585,23.516886],[121.079695,23.516482],[121.080566,23.515971],[121.080986,23.515793],[121.081946,23.515558],[121.082887,23.515409],[121.084246,23.515283],[121.085286,23.515064],[121.085688,23.514942],[121.087298,23.514269],[121.087842,23.51415],[121.088382,23.514241],[121.08975,23.514853],[121.090825,23.515036],[121.09183,23.515025],[121.092324,23.515325],[121.092524,23.515657],[121.092859,23.516503],[121.092772,23.51744],[121.092858,23.517969],[121.093128,23.518461],[121.094131,23.518829],[121.094503,23.519158],[121.094862,23.520039],[121.095203,23.520364],[121.095667,23.520696],[121.096661,23.521262],[121.097051,23.521585],[121.097187,23.522186],[121.097704,23.521856],[121.099728,23.521525],[121.100665,23.521433],[121.101062,23.521311],[121.101413,23.520986],[121.101802,23.520717],[121.103391,23.519419],[121.103861,23.519249],[121.105463,23.519455],[121.106542,23.519462],[121.107509,23.519396],[121.110091,23.518999],[121.110608,23.519173],[121.111226,23.519697],[121.111653,23.519986],[121.112076,23.52001],[121.113072,23.519798],[121.113607,23.519952],[121.114175,23.520256],[121.114663,23.520595],[121.115551,23.520575],[121.115927,23.520712],[121.116805,23.521182],[121.117256,23.5215],[121.117616,23.521895],[121.118035,23.521563],[121.118443,23.521358],[121.119827,23.521283],[121.120326,23.521109],[121.121613,23.520132],[121.122485,23.519737],[121.122885,23.519405],[121.123422,23.518707],[121.123842,23.51842],[121.124113,23.518041],[121.124778,23.517307],[121.125192,23.517073],[121.126147,23.516973],[121.12657,23.517003],[121.127038,23.517242],[121.127875,23.51802],[121.128214,23.518214],[121.128603,23.518401],[121.129141,23.518302],[121.130582,23.517921],[121.131149,23.517623],[121.131567,23.517259],[121.131832,23.516889],[121.132084,23.515884],[121.132238,23.515494],[121.132584,23.51516],[121.133083,23.514918],[121.133634,23.514961],[121.134768,23.514805],[121.135532,23.514898],[121.135792,23.515426],[121.135874,23.515765],[121.136265,23.51676],[121.137207,23.518675],[121.137413,23.519296],[121.137774,23.519912],[121.138222,23.520495],[121.139113,23.521463],[121.139638,23.521865],[121.140876,23.522524],[121.142034,23.52305],[121.142616,23.523387],[121.143108,23.523964],[121.144671,23.525263],[121.144974,23.525466],[121.14696,23.52596],[121.149323,23.526771],[121.150001,23.526804],[121.150667,23.526633],[121.151163,23.526847],[121.151108,23.527477],[121.150863,23.52845],[121.150521,23.529096],[121.148854,23.531548],[121.148037,23.532577],[121.147358,23.533324],[121.14758,23.534259],[121.147982,23.535157],[121.148219,23.535857],[121.148288,23.536512],[121.148238,23.537205],[121.14835,23.538598],[121.148286,23.539246],[121.148611,23.539788],[121.149048,23.540273],[121.149428,23.540916],[121.150067,23.541817],[121.150556,23.542779],[121.150945,23.54375],[121.151021,23.54429],[121.150733,23.545938],[121.150412,23.546978],[121.149459,23.548367],[121.149111,23.54901],[121.148245,23.551187],[121.148204,23.551552],[121.147951,23.552101],[121.146528,23.553347],[121.146197,23.554015],[121.146313,23.554469],[121.146745,23.554921],[121.14811,23.555982],[121.148478,23.556508],[121.149762,23.556858],[121.150366,23.557287],[121.150721,23.558506],[121.15109,23.55895],[121.151617,23.559804],[121.152136,23.560111],[121.152808,23.560122],[121.153396,23.559822],[121.154149,23.559761],[121.154699,23.559472],[121.15525,23.559104],[121.155903,23.55904],[121.156942,23.559074],[121.157297,23.559638],[121.157614,23.560284],[121.157723,23.560611],[121.157767,23.561293],[121.157701,23.562259],[121.157769,23.563024],[121.157884,23.563368],[121.158276,23.564088],[121.158506,23.564751],[121.158558,23.565095],[121.158589,23.566372],[121.159103,23.567271],[121.159254,23.567767],[121.159037,23.568323],[121.158842,23.568637],[121.158395,23.56916],[121.157436,23.570023],[121.156609,23.57061],[121.155124,23.570495],[121.154463,23.570633],[121.154114,23.570757],[121.153544,23.571096],[121.153104,23.571604],[121.152915,23.571922],[121.152605,23.572516],[121.151981,23.574071],[121.15182,23.574665],[121.151796,23.575254],[121.151974,23.575945],[121.15213,23.5799],[121.1524,23.58242],[121.152454,23.583363],[121.152608,23.584144],[121.1528,23.584655],[121.15299,23.585],[121.153416,23.585359],[121.153612,23.586197],[121.153465,23.586932],[121.154056,23.586862],[121.157754,23.585828],[121.158458,23.585753],[121.159228,23.585857],[121.160289,23.586279],[121.16119,23.586945],[121.161887,23.586997],[121.162273,23.586995],[121.163706,23.586735],[121.164768,23.586857],[121.166281,23.586789],[121.167601,23.586601],[121.169529,23.586562],[121.170079,23.586285],[121.170543,23.585865],[121.170959,23.585341],[121.171269,23.58477],[121.171794,23.584447],[121.174249,23.584117],[121.176031,23.58381],[121.176663,23.582734],[121.177985,23.582359],[121.178627,23.582255],[121.179014,23.582763],[121.178927,23.583479],[121.178996,23.584048],[121.179374,23.585547],[121.179943,23.587294],[121.180087,23.587901],[121.179963,23.588554],[121.17959,23.5892],[121.179717,23.589631],[121.180629,23.589793],[121.181248,23.590107],[121.18181,23.590559],[121.182235,23.591125],[121.182724,23.592114],[121.183092,23.592615],[121.183629,23.59313],[121.183932,23.59334],[121.184595,23.593568],[121.18597,23.593552],[121.186842,23.594087],[121.189028,23.594541],[121.189553,23.59497],[121.189762,23.595275],[121.189918,23.595884],[121.190488,23.596277],[121.191094,23.596575],[121.191759,23.596667],[121.192534,23.597681],[121.192799,23.597925],[121.193217,23.598444],[121.193552,23.598618],[121.19455,23.598957],[121.195637,23.599248],[121.195956,23.59899],[121.196931,23.598482],[121.197408,23.59801],[121.198094,23.597786],[121.198749,23.597495],[121.199478,23.596782],[121.20011,23.59631],[121.200846,23.596163],[121.201991,23.596118],[121.203332,23.595743],[121.204712,23.595736],[121.206427,23.595335],[121.206884,23.595719],[121.207177,23.596311],[121.207736,23.597101],[121.208513,23.597796],[121.209032,23.5982],[121.209354,23.598387],[121.210083,23.598243],[121.21087,23.597848],[121.211231,23.597943],[121.211649,23.598469],[121.211926,23.599421],[121.21242,23.599896],[121.212908,23.600209],[121.213388,23.600706],[121.213502,23.60123],[121.214035,23.602352],[121.214069,23.603424],[121.214155,23.604302],[121.214367,23.604905],[121.214742,23.605435],[121.215275,23.606343],[121.215531,23.606934],[121.216131,23.608777],[121.216182,23.609407],[121.216325,23.610046],[121.216442,23.610973],[121.21652,23.61131],[121.216736,23.61184],[121.217081,23.613741],[121.217198,23.61492],[121.217746,23.615346],[121.218467,23.615538],[121.219207,23.615658],[121.219846,23.615886],[121.220396,23.61641],[121.220534,23.617006],[121.220511,23.617392],[121.220556,23.618044],[121.220695,23.618552],[121.221569,23.620762],[121.221856,23.621412],[121.223255,23.623133],[121.223847,23.624311],[121.224763,23.6277],[121.224824,23.628122],[121.224855,23.629101],[121.224812,23.629819],[121.224433,23.630833],[121.224247,23.632305],[121.223985,23.633341],[121.223954,23.633996],[121.223995,23.635041],[121.224179,23.636459],[121.224161,23.637197],[121.224102,23.637545],[121.224445,23.638515],[121.224963,23.639012],[121.225212,23.639646],[121.225385,23.640346],[121.225708,23.640951],[121.226017,23.641858],[121.226416,23.642346],[121.227225,23.642957],[121.22755,23.643481],[121.227532,23.644023],[121.227441,23.644359],[121.227628,23.644942],[121.228286,23.645847],[121.228673,23.646301],[121.230384,23.647971],[121.230378,23.648595],[121.230217,23.649184],[121.230255,23.649823],[121.230825,23.650787],[121.231031,23.651385],[121.230963,23.651997],[121.230622,23.652579],[121.230574,23.653105],[121.230763,23.653586],[121.231366,23.654392],[121.231678,23.655036],[121.231929,23.656681],[121.231974,23.6573],[121.232193,23.657914],[121.232966,23.659264],[121.2336,23.660088],[121.233866,23.660345],[121.23446,23.660749],[121.235105,23.661014],[121.235575,23.661426],[121.235769,23.662058],[121.23598,23.662949],[121.236067,23.663731],[121.235924,23.665923],[121.235936,23.668632],[121.235733,23.67],[121.235475,23.671183],[121.235198,23.671764],[121.233693,23.674155],[121.2328,23.675123],[121.232111,23.675599],[121.231788,23.676525],[121.231883,23.677083],[121.232313,23.677952],[121.232696,23.678507],[121.233436,23.679338],[121.233633,23.679649],[121.233604,23.680245],[121.234011,23.680771],[121.235112,23.681708],[121.235527,23.682165],[121.235936,23.683265],[121.236284,23.683922],[121.23666,23.684484],[121.237302,23.685297],[121.237765,23.685787],[121.23901,23.686644],[121.239405,23.687134],[121.239457,23.687782],[121.239445,23.68852],[121.239254,23.689087],[121.239125,23.689733],[121.239291,23.690905],[121.238984,23.692153],[121.239024,23.694122],[121.23897,23.694763],[121.239046,23.695447],[121.239131,23.695785],[121.239475,23.696388],[121.240746,23.698099],[121.241073,23.698813],[121.240498,23.699188],[121.239972,23.699644],[121.239512,23.700357],[121.239392,23.700734],[121.239829,23.701565],[121.240149,23.701761],[121.240557,23.702258],[121.240864,23.703683],[121.240951,23.704658],[121.241298,23.705884],[121.241387,23.706595],[121.241393,23.708575],[121.241258,23.709175],[121.240825,23.70969],[121.239919,23.710189],[121.239456,23.710634],[121.239425,23.71123],[121.239321,23.711889],[121.2392,23.712214],[121.239115,23.712885],[121.239132,23.714194],[121.23926,23.714517],[121.239768,23.714921],[121.239895,23.71553],[121.239817,23.716101],[121.239657,23.716709],[121.239417,23.717298],[121.238315,23.719106],[121.238016,23.719691],[121.237971,23.720045],[121.238104,23.720625],[121.238825,23.721754],[121.238889,23.722409],[121.239174,23.723702],[121.239494,23.724237],[121.238982,23.724447],[121.237624,23.724443],[121.237201,23.724481],[121.236496,23.72463],[121.236032,23.725082],[121.235272,23.726175],[121.234269,23.727187],[121.233954,23.727724],[121.233763,23.728308],[121.233581,23.728618],[121.232941,23.728997],[121.231704,23.729505],[121.231191,23.729979],[121.230989,23.730288],[121.230276,23.731808],[121.229814,23.733796],[121.229437,23.734367],[121.229029,23.734857],[121.228662,23.735717],[121.228702,23.736324],[121.22893,23.73761],[121.229079,23.739252],[121.229047,23.740291],[121.229102,23.74153],[121.229075,23.743623],[121.229139,23.744314],[121.229447,23.744901],[121.229624,23.745411],[121.229944,23.745998],[121.231113,23.747693],[121.232592,23.749052],[121.232713,23.749682],[121.23248,23.749949],[121.231545,23.750511],[121.230658,23.751143],[121.230115,23.751481],[121.229523,23.751691],[121.228882,23.751736],[121.227556,23.751682],[121.226101,23.751861],[121.224215,23.752344],[121.223494,23.752337],[121.22241,23.752608],[121.221183,23.753071],[121.22064,23.753408],[121.220153,23.753911],[121.21994,23.754485],[121.219795,23.755144],[121.219551,23.755738],[121.219079,23.756196],[121.21853,23.75655],[121.216671,23.757275],[121.216023,23.757198],[121.21542,23.756895],[121.21491,23.756545],[121.213527,23.755211],[121.212916,23.755182],[121.21243,23.755622],[121.211481,23.757345],[121.210986,23.75837],[121.210117,23.759722],[121.20966,23.760564],[121.209248,23.761049],[121.207102,23.762122],[121.206615,23.76251],[121.206601,23.763142],[121.206874,23.763738],[121.207009,23.764878],[121.207041,23.7654],[121.206859,23.76598],[121.206283,23.767149],[121.205902,23.767632],[121.205577,23.768169],[121.204665,23.769083],[121.203751,23.770715],[121.204031,23.771162],[121.204386,23.771307],[121.20478,23.771905],[121.205226,23.771894],[121.206134,23.772707],[121.206313,23.773687],[121.20665,23.774244],[121.207166,23.774642],[121.207795,23.774872],[121.209725,23.775436],[121.210996,23.775748],[121.212273,23.77598],[121.212883,23.776184],[121.214256,23.778387],[121.214735,23.778804],[121.215333,23.778944],[121.216012,23.77892],[121.216635,23.778989],[121.217302,23.779152],[121.217912,23.779416],[121.218441,23.779809],[121.218845,23.780319],[121.219124,23.780885],[121.219634,23.781283],[121.220892,23.78172],[121.222219,23.781924],[121.224592,23.782576],[121.226773,23.783747],[121.227862,23.784576],[121.228777,23.785424],[121.229193,23.785937],[121.229335,23.786262],[121.229988,23.78733],[121.230914,23.788163],[121.231343,23.788639],[121.231454,23.789213],[121.230924,23.789648],[121.229157,23.790088],[121.228321,23.790562],[121.227409,23.791495],[121.227031,23.792055],[121.226824,23.79268],[121.226804,23.793362],[121.22659,23.794342],[121.226339,23.794983],[121.225942,23.797166],[121.225845,23.798879],[121.226185,23.800399],[121.226209,23.802168],[121.226283,23.802839],[121.226803,23.804365],[121.227069,23.805408],[121.227099,23.805941],[121.226941,23.806893],[121.226934,23.807512],[121.227094,23.808137],[121.227505,23.808618],[121.228034,23.809004],[121.228712,23.809252],[121.229342,23.809316],[121.230706,23.809641],[121.231662,23.810088],[121.232229,23.81044],[121.232745,23.810846],[121.233318,23.811083],[121.233916,23.811223],[121.234495,23.811591],[121.234887,23.812061],[121.23501,23.812641],[121.235034,23.813282],[121.234916,23.81577],[121.234846,23.816307],[121.234689,23.816921],[121.23447,23.817465],[121.234862,23.817919]]]}},{"type":"Feature","properties":{"name":"曾文溪","basin_no":"1630","source":"WRA 河川流域範圍圖"},"geometry":{"type":"Polygon","coordinates":[[[120.703323,23.298819],[120.703668,23.29962],[120.704934,23.30188],[120.705415,23.302553],[120.705938,23.303447],[120.706751,23.304592],[120.707124,23.304935],[120.708485,23.305852],[120.709103,23.306491],[120.709597,23.30717],[120.709964,23.306732],[120.710748,23.30687],[120.711154,23.307186],[120.712052,23.308389],[120.712923,23.309452],[120.713158,23.309861],[120.713205,23.310333],[120.713109,23.310784],[120.712803,23.311218],[120.712243,23.311818],[120.712254,23.312238],[120.713595,23.313907],[120.713979,23.314509],[120.714496,23.315593],[120.714635,23.316078],[120.714707,23.316552],[120.714859,23.317022],[120.715485,23.318004],[120.715705,23.318279],[120.716461,23.318916],[120.716764,23.319322],[120.717518,23.320566],[120.71934,23.323117],[120.719657,23.323483],[120.720644,23.324061],[120.721322,23.324788],[120.721789,23.324914],[120.722652,23.324742],[120.723172,23.324792],[120.723655,23.325018],[120.72405,23.325289],[120.725012,23.325666],[120.72584,23.326176],[120.726299,23.32639],[120.727038,23.326952],[120.72758,23.327656],[120.728279,23.329243],[120.728847,23.33011],[120.729199,23.330528],[120.729482,23.330824],[120.730167,23.331314],[120.730504,23.33165],[120.731407,23.332722],[120.731763,23.333025],[120.732344,23.333311],[120.732828,23.333485],[120.733261,23.333731],[120.733597,23.334092],[120.734045,23.334988],[120.7344,23.335343],[120.73524,23.335866],[120.735538,23.336232],[120.735604,23.336688],[120.735576,23.337151],[120.735488,23.338131],[120.735368,23.338575],[120.73535,23.338925],[120.735616,23.339325],[120.736026,23.339725],[120.736963,23.340522],[120.737686,23.34103],[120.738429,23.341667],[120.738744,23.342078],[120.739132,23.343134],[120.73926,23.343568],[120.739221,23.344015],[120.739051,23.344453],[120.739179,23.3449],[120.739177,23.345342],[120.738859,23.345753],[120.738687,23.346069],[120.738723,23.3465],[120.739828,23.347652],[120.74079,23.348799],[120.741512,23.349905],[120.741767,23.350844],[120.742002,23.351253],[120.742669,23.351933],[120.743505,23.352364],[120.743658,23.352804],[120.743631,23.353269],[120.743438,23.354206],[120.74337,23.35533],[120.743752,23.355439],[120.745212,23.356369],[120.745521,23.356586],[120.746294,23.357284],[120.746715,23.357507],[120.747709,23.357679],[120.748168,23.357911],[120.748452,23.358153],[120.748668,23.358591],[120.748777,23.359054],[120.74894,23.359404],[120.749367,23.359634],[120.75201,23.359731],[120.754133,23.360146],[120.754503,23.360241],[120.754963,23.360433],[120.755305,23.360799],[120.75552,23.36125],[120.75686,23.361875],[120.757265,23.362219],[120.758267,23.363232],[120.758698,23.363528],[120.759171,23.363939],[120.759633,23.364169],[120.760658,23.364295],[120.76222,23.364948],[120.762669,23.365192],[120.763034,23.365259],[120.76456,23.366088],[120.76531,23.36662],[120.766026,23.366963],[120.766405,23.367087],[120.766939,23.367157],[120.767345,23.367548],[120.767516,23.368221],[120.767247,23.369065],[120.76699,23.369557],[120.766528,23.3702],[120.766365,23.370544],[120.766271,23.370991],[120.766203,23.372785],[120.76611,23.373244],[120.766316,23.373731],[120.766823,23.374594],[120.76702,23.375084],[120.767147,23.375587],[120.767121,23.37593],[120.767027,23.376278],[120.766069,23.378005],[120.765558,23.378723],[120.766031,23.379],[120.76606,23.379601],[120.765975,23.380513],[120.766033,23.380992],[120.766473,23.381804],[120.766827,23.382249],[120.767597,23.383053],[120.767825,23.383457],[120.768459,23.385213],[120.768675,23.385642],[120.768925,23.387026],[120.769103,23.387484],[120.769878,23.388672],[120.770368,23.389674],[120.770853,23.391534],[120.77095,23.39237],[120.770951,23.392866],[120.770452,23.39421],[120.770368,23.394555],[120.770423,23.394912],[120.770597,23.39537],[120.771132,23.396237],[120.771457,23.396607],[120.771725,23.397079],[120.772636,23.399111],[120.77306,23.400208],[120.773227,23.400827],[120.776,23.400529],[120.776944,23.400469],[120.777553,23.400484],[120.780521,23.400674],[120.782516,23.401193],[120.783686,23.401597],[120.785498,23.402485],[120.787653,23.403629],[120.789348,23.405097],[120.789875,23.405767],[120.79006,23.405293],[120.793286,23.404103],[120.794381,23.403869],[120.794788,23.404218],[120.795925,23.405406],[120.796394,23.405742],[120.797501,23.406248],[120.798703,23.406713],[120.800198,23.407489],[120.800889,23.407972],[120.801319,23.408413],[120.801532,23.408862],[120.801696,23.409702],[120.801896,23.410162],[120.80325,23.411208],[120.80364,23.411293],[120.804093,23.411302],[120.805145,23.411033],[120.805561,23.41097],[120.807747,23.410933],[120.807962,23.411229],[120.808199,23.411696],[120.80863,23.412067],[120.810413,23.413369],[120.811503,23.414435],[120.812464,23.415232],[120.814752,23.41623],[120.815177,23.416526],[120.815717,23.417081],[120.816418,23.417639],[120.817627,23.418364],[120.818824,23.419007],[120.820615,23.419845],[120.821645,23.419942],[120.821946,23.420186],[120.821507,23.420621],[120.821254,23.421003],[120.821048,23.421689],[120.821049,23.422206],[120.821239,23.423057],[120.821414,23.423581],[120.821609,23.42392],[120.822627,23.42529],[120.822815,23.425762],[120.822994,23.426468],[120.823131,23.427676],[120.823103,23.428518],[120.823043,23.428936],[120.822921,23.429313],[120.822654,23.429828],[120.822353,23.430132],[120.821631,23.430722],[120.821342,23.431029],[120.821071,23.43136],[120.82093,23.431701],[120.820627,23.432135],[120.820019,23.432548],[120.819703,23.432979],[120.819712,23.433726],[120.819559,23.435027],[120.819054,23.437183],[120.819418,23.437478],[120.820327,23.437952],[120.82098,23.438585],[120.821872,23.440262],[120.822365,23.441431],[120.823118,23.442594],[120.823338,23.443027],[120.823245,23.443599],[120.822675,23.443985],[120.822106,23.444276],[120.821226,23.444576],[120.820339,23.444998],[120.819192,23.44575],[120.81887,23.446186],[120.818589,23.446831],[120.818337,23.447091],[120.817315,23.447759],[120.817043,23.448141],[120.817001,23.448502],[120.817212,23.448974],[120.817244,23.449421],[120.816816,23.450306],[120.816533,23.451071],[120.816324,23.451861],[120.81654,23.452579],[120.819668,23.454584],[120.820846,23.455731],[120.822843,23.457171],[120.823057,23.457464],[120.823195,23.458009],[120.823106,23.46111],[120.823479,23.461643],[120.825363,23.463158],[120.826398,23.463883],[120.826643,23.464187],[120.826554,23.464801],[120.825707,23.466328],[120.825543,23.466969],[120.825624,23.468797],[120.825532,23.470156],[120.825611,23.471258],[120.826251,23.471838],[120.829285,23.472667],[120.829692,23.472951],[120.830005,23.473315],[120.830944,23.473646],[120.831231,23.474096],[120.831619,23.474358],[120.831996,23.474482],[120.8323,23.47506],[120.832128,23.475511],[120.831918,23.476712],[120.831638,23.477541],[120.831259,23.478277],[120.830945,23.478739],[120.8307,23.47901],[120.830392,23.479541],[120.830157,23.480126],[120.829287,23.48104],[120.828256,23.481868],[120.827892,23.482277],[120.827421,23.482999],[120.827232,23.483385],[120.826881,23.484571],[120.826308,23.487334],[120.825928,23.488232],[120.825532,23.488876],[120.825292,23.489368],[120.825293,23.490113],[120.825438,23.4914],[120.825381,23.493075],[120.825465,23.493533],[120.825622,23.494005],[120.825767,23.495228],[120.825459,23.495587],[120.824984,23.495987],[120.8244,23.496651],[120.823894,23.497504],[120.82348,23.498368],[120.823307,23.499766],[120.823289,23.500134],[120.823381,23.500608],[120.823959,23.501698],[120.824023,23.502127],[120.824023,23.502513],[120.824267,23.503315],[120.824297,23.503863],[120.824488,23.504256],[120.824418,23.504656],[120.823993,23.505568],[120.824167,23.506141],[120.823528,23.506396],[120.82317,23.50713],[120.823094,23.507577],[120.823163,23.508473],[120.823129,23.508875],[120.823377,23.510347],[120.823378,23.51078],[120.823274,23.511223],[120.821781,23.512841],[120.821591,23.513245],[120.82132,23.513627],[120.819978,23.514457],[120.819527,23.514961],[120.819338,23.514308],[120.819064,23.514013],[120.818742,23.513769],[120.818472,23.513345],[120.8184,23.513008],[120.817515,23.512297],[120.816785,23.511121],[120.816531,23.510866],[120.815782,23.510622],[120.81502,23.510272],[120.814206,23.509173],[120.813884,23.508786],[120.813575,23.50852],[120.812781,23.506944],[120.812484,23.506018],[120.811974,23.505894],[120.810595,23.505885],[120.809747,23.505707],[120.80885,23.505594],[120.807504,23.504817],[120.807024,23.504666],[120.805651,23.504686],[120.803753,23.503877],[120.80309,23.503337],[120.801923,23.502148],[120.801503,23.502274],[120.800717,23.503502],[120.799997,23.504048],[120.799621,23.504222],[120.799103,23.504337],[120.796556,23.504265],[120.795296,23.504464],[120.794425,23.50448],[120.79401,23.50441],[120.793572,23.504433],[120.792449,23.504624],[120.792006,23.504595],[120.790853,23.503604],[120.789964,23.50327],[120.788512,23.502496],[120.7881,23.502369],[120.787689,23.502317],[120.786784,23.502347],[120.786393,23.502478],[120.786076,23.502719],[120.78575,23.503056],[120.785362,23.503715],[120.785063,23.504031],[120.784726,23.504302],[120.783907,23.504791],[120.783588,23.505067],[120.783105,23.505728],[120.782706,23.50606],[120.782295,23.506263],[120.781908,23.506297],[120.781496,23.506202],[120.780722,23.505902],[120.779808,23.505403],[120.779367,23.505049],[120.778678,23.504342],[120.778224,23.503581],[120.777836,23.503134],[120.774494,23.497472],[120.773992,23.496858],[120.773701,23.496587],[120.773279,23.496334],[120.772341,23.496325],[120.770439,23.496481],[120.770066,23.496429],[120.769601,23.496235],[120.76926,23.495912],[120.768535,23.495406],[120.767499,23.494828],[120.766165,23.494298],[120.765649,23.494153],[120.765195,23.494266],[120.764348,23.494845],[120.763888,23.494987],[120.763515,23.495039],[120.762453,23.495057],[120.761322,23.495059],[120.760285,23.494868],[120.759062,23.494572],[120.758689,23.49445],[120.758137,23.494184],[120.757677,23.494233],[120.757201,23.494071],[120.756881,23.493737],[120.756199,23.493267],[120.755762,23.493037],[120.754436,23.492516],[120.753029,23.491518],[120.752461,23.490863],[120.752134,23.490312],[120.751514,23.488872],[120.751247,23.488473],[120.750781,23.488484],[120.750361,23.48871],[120.750027,23.489032],[120.749799,23.489418],[120.749434,23.489719],[120.748829,23.489906],[120.747304,23.490145],[120.746795,23.490082],[120.746196,23.4894],[120.745571,23.489154],[120.744858,23.488504],[120.744683,23.488064],[120.744606,23.48772],[120.744349,23.487371],[120.74398,23.487032],[120.743354,23.486246],[120.742945,23.48596],[120.74248,23.485836],[120.741078,23.485725],[120.740143,23.485571],[120.739654,23.485434],[120.73874,23.485012],[120.738258,23.48484],[120.737756,23.484763],[120.737228,23.48473],[120.736712,23.484768],[120.736251,23.484894],[120.735748,23.484928],[120.732844,23.483792],[120.731464,23.483482],[120.730242,23.483302],[120.730217,23.48381],[120.730093,23.484268],[120.729894,23.484706],[120.729443,23.485446],[120.729091,23.486647],[120.728648,23.487708],[120.728241,23.490577],[120.727779,23.491255],[120.726856,23.492413],[120.726165,23.49297],[120.725306,23.493522],[120.723989,23.494499],[120.72299,23.495289],[120.722402,23.495614],[120.721358,23.496524],[120.71999,23.497562],[120.718706,23.498416],[120.718251,23.498533],[120.71762,23.498481],[120.715944,23.498725],[120.71533,23.49912],[120.715482,23.498537],[120.715445,23.498169],[120.715196,23.49751],[120.714965,23.497093],[120.714635,23.496768],[120.714209,23.496528],[120.712645,23.496068],[120.71217,23.495826],[120.711141,23.494781],[120.710769,23.494244],[120.71017,23.493221],[120.709941,23.492697],[120.709743,23.491776],[120.709515,23.491219],[120.709118,23.490727],[120.708932,23.490289],[120.708652,23.48939],[120.708022,23.488264],[120.707886,23.487814],[120.7077,23.486871],[120.707382,23.48611],[120.706961,23.48474],[120.706326,23.483523],[120.705953,23.482436],[120.705179,23.482086],[120.704421,23.481646],[120.70186,23.480486],[120.700988,23.479793],[120.700309,23.479027],[120.699867,23.477754],[120.699651,23.476788],[120.699573,23.475411],[120.699424,23.474503],[120.699014,23.473223],[120.698727,23.472864],[120.697794,23.472137],[120.696563,23.471336],[120.696058,23.471048],[120.69557,23.47087],[120.695214,23.470556],[120.694813,23.469953],[120.694495,23.469612],[120.694045,23.469303],[120.693073,23.469129],[120.692017,23.468732],[120.691658,23.468648],[120.690603,23.468549],[120.689119,23.467201],[120.688808,23.466765],[120.688774,23.466307],[120.688917,23.465826],[120.689321,23.464903],[120.68942,23.464058],[120.689339,23.462257],[120.689206,23.461532],[120.688992,23.460898],[120.688791,23.460604],[120.688251,23.460126],[120.687807,23.45988],[120.687445,23.459584],[120.687377,23.458665],[120.687154,23.457751],[120.686977,23.457295],[120.686665,23.456909],[120.686297,23.456584],[120.684869,23.456119],[120.683848,23.455895],[120.682385,23.455744],[120.681897,23.455584],[120.68082,23.45534],[120.679486,23.454864],[120.678939,23.454868],[120.678448,23.454938],[120.677946,23.454886],[120.676956,23.454583],[120.676518,23.454378],[120.676159,23.45389],[120.675899,23.453355],[120.675575,23.453007],[120.674795,23.452441],[120.674558,23.452059],[120.674509,23.451102],[120.67425,23.450565],[120.673903,23.450307],[120.674051,23.449702],[120.674021,23.449179],[120.673405,23.447732],[120.673118,23.446508],[120.672882,23.446041],[120.671914,23.445065],[120.671678,23.444654],[120.671567,23.444171],[120.671463,23.443133],[120.671041,23.441808],[120.670836,23.441381],[120.670811,23.440465],[120.670718,23.440038],[120.670262,23.43981],[120.669792,23.439665],[120.667215,23.439057],[120.666663,23.439039],[120.666004,23.439111],[120.665536,23.439305],[120.664379,23.439631],[120.663776,23.439673],[120.663644,23.43875],[120.663462,23.438436],[120.662602,23.437389],[120.66224,23.437046],[120.661288,23.43677],[120.660787,23.436678],[120.658035,23.436357],[120.657622,23.436194],[120.657567,23.435671],[120.657574,23.431982],[120.657711,23.431553],[120.657767,23.431068],[120.657815,23.429738],[120.657815,23.429277],[120.657641,23.428857],[120.657279,23.428522],[120.656186,23.428113],[120.655749,23.427883],[120.654038,23.42679],[120.653542,23.426309],[120.653256,23.425921],[120.653064,23.425488],[120.653101,23.425018],[120.653275,23.424567],[120.653108,23.424072],[120.651746,23.42335],[120.651052,23.422867],[120.65071,23.42246],[120.650335,23.422151],[120.65018,23.421709],[120.650124,23.421232],[120.65013,23.420395],[120.650368,23.419343],[120.650777,23.418498],[120.650857,23.418058],[120.650796,23.417586],[120.650565,23.417189],[120.65034,23.416909],[120.65,23.416597],[120.64999,23.416189],[120.64986,23.41571],[120.650116,23.415141],[120.650468,23.414807],[120.650619,23.414241],[120.650631,23.413794],[120.651331,23.412563],[120.652365,23.410967],[120.652311,23.410516],[120.652301,23.408974],[120.652189,23.408565],[120.651113,23.407743],[120.650563,23.407089],[120.64894,23.404574],[120.648394,23.403908],[120.647057,23.403091],[120.645693,23.40235],[120.644907,23.402267],[120.643143,23.401432],[120.642183,23.401183],[120.641313,23.400748],[120.640812,23.400393],[120.640382,23.400192],[120.639992,23.399896],[120.63953,23.399048],[120.639184,23.398759],[120.63868,23.398671],[120.638265,23.398422],[120.638239,23.397801],[120.638085,23.397379],[120.637777,23.397029],[120.636981,23.39648],[120.636505,23.396349],[120.635642,23.396261],[120.634605,23.396415],[120.633138,23.397069],[120.631644,23.396873],[120.631271,23.396857],[120.630787,23.396909],[120.629591,23.397839],[120.628623,23.398401],[120.627969,23.399141],[120.625341,23.401728],[120.624804,23.402026],[120.624349,23.402204],[120.623702,23.40229],[120.622654,23.402229],[120.622221,23.40208],[120.62181,23.40164],[120.621616,23.401238],[120.62128,23.400236],[120.621001,23.399678],[120.62075,23.399308],[120.620113,23.398601],[120.619485,23.397569],[120.618999,23.397163],[120.618592,23.396953],[120.61814,23.396802],[120.617613,23.396798],[120.617164,23.396961],[120.616658,23.397292],[120.615183,23.398821],[120.61482,23.399098],[120.614365,23.399243],[120.613876,23.399173],[120.612415,23.398791],[120.610161,23.398392],[120.609691,23.398254],[120.609247,23.397997],[120.608679,23.397773],[120.607719,23.397498],[120.606689,23.396965],[120.605519,23.396145],[120.604855,23.39545],[120.604593,23.395075],[120.604185,23.39408],[120.603771,23.392797],[120.603641,23.392222],[120.603553,23.391321],[120.603047,23.389459],[120.602153,23.387357],[120.601462,23.386036],[120.600933,23.385228],[120.600627,23.384876],[120.599804,23.384208],[120.599374,23.383239],[120.599123,23.382842],[120.598546,23.382198],[120.598151,23.381315],[120.598012,23.380884],[120.598003,23.380426],[120.598102,23.379521],[120.59811,23.379067],[120.59802,23.378186],[120.598094,23.377083],[120.598098,23.376193],[120.598558,23.375398],[120.598645,23.374563],[120.598636,23.373159],[120.598489,23.372689],[120.597843,23.371121],[120.597661,23.370802],[120.596968,23.370258],[120.595259,23.369439],[120.594695,23.368967],[120.593982,23.368509],[120.593516,23.368484],[120.592569,23.36826],[120.590285,23.367346],[120.589713,23.366725],[120.589532,23.3664],[120.589439,23.365172],[120.589285,23.364682],[120.588974,23.364295],[120.588202,23.363954],[120.587803,23.363672],[120.58753,23.363216],[120.587364,23.362753],[120.587151,23.361787],[120.584262,23.362076],[120.583585,23.362089],[120.582521,23.362191],[120.581101,23.361649],[120.580617,23.361604],[120.580154,23.361776],[120.57934,23.362185],[120.578829,23.362286],[120.578303,23.362205],[120.577878,23.361952],[120.577408,23.361814],[120.576987,23.362101],[120.576467,23.362783],[120.576135,23.362968],[120.575786,23.36309],[120.575281,23.363153],[120.574637,23.363036],[120.574009,23.362275],[120.573133,23.361065],[120.57281,23.360704],[120.572135,23.360151],[120.571457,23.359394],[120.570134,23.35816],[120.56904,23.35685],[120.56841,23.356227],[120.567234,23.355536],[120.566423,23.354974],[120.565973,23.354762],[120.565002,23.354478],[120.564512,23.354396],[120.563482,23.354344],[120.56282,23.354213],[120.562392,23.354112],[120.561913,23.353929],[120.56154,23.353417],[120.561135,23.353114],[120.560665,23.352929],[120.560234,23.352683],[120.559867,23.352328],[120.559418,23.351621],[120.559195,23.351188],[120.558824,23.35026],[120.558263,23.34919],[120.557794,23.348066],[120.556643,23.34661],[120.555996,23.345889],[120.555714,23.345661],[120.554494,23.345009],[120.553394,23.344643],[120.552783,23.344354],[120.551577,23.343673],[120.550509,23.343217],[120.548669,23.342515],[120.548143,23.342364],[120.547592,23.34226],[120.547108,23.342242],[120.547277,23.341768],[120.547327,23.341317],[120.547336,23.339892],[120.547248,23.339536],[120.547051,23.33905],[120.546778,23.338639],[120.545502,23.33763],[120.545251,23.33738],[120.544414,23.336077],[120.544072,23.335292],[120.543884,23.334985],[120.543254,23.33438],[120.543072,23.33408],[120.542919,23.333567],[120.542726,23.331946],[120.542292,23.330294],[120.542088,23.329831],[120.541018,23.328355],[120.540233,23.327678],[120.539567,23.32733],[120.5377,23.326795],[120.537226,23.326558],[120.536703,23.326195],[120.536473,23.325802],[120.53653,23.325339],[120.536676,23.324732],[120.537008,23.323766],[120.537252,23.323296],[120.536292,23.323477],[120.53592,23.323443],[120.535476,23.323213],[120.534404,23.322287],[120.533567,23.321797],[120.533097,23.321659],[120.532666,23.321418],[120.532112,23.320682],[120.531951,23.320244],[120.531918,23.318774],[120.531838,23.318338],[120.53167,23.317905],[120.531359,23.317557],[120.52923,23.316259],[120.527824,23.31485],[120.527368,23.314611],[120.525976,23.314225],[120.525514,23.313999],[120.524316,23.313205],[120.523512,23.312602],[120.522828,23.312719],[120.522932,23.311997],[120.522709,23.311564],[120.522778,23.311083],[120.523358,23.309333],[120.523692,23.307421],[120.524013,23.304706],[120.523854,23.304148],[120.52407,23.303466],[120.524058,23.30264],[120.524153,23.302137],[120.524708,23.300353],[120.525343,23.299071],[120.525518,23.298613],[120.525755,23.297676],[120.526198,23.296775],[120.526482,23.2945],[120.526341,23.292793],[120.526192,23.292378],[120.525841,23.292191],[120.524989,23.291881],[120.524508,23.291656],[120.524216,23.291263],[120.523757,23.290452],[120.523544,23.290163],[120.523258,23.289832],[120.522486,23.289168],[120.522213,23.288746],[120.522027,23.288317],[120.521925,23.287696],[120.521981,23.286836],[120.52207,23.286351],[120.522829,23.284696],[120.522705,23.284251],[120.522476,23.283854],[120.52247,23.283393],[120.52282,23.282468],[120.523043,23.281651],[120.521831,23.280533],[120.521633,23.280089],[120.521639,23.279746],[120.521243,23.27882],[120.521318,23.27838],[120.521493,23.277958],[120.521593,23.277506],[120.521742,23.275942],[120.522208,23.275109],[120.522309,23.274635],[120.522594,23.273851],[120.522313,23.27356],[120.521753,23.273222],[120.521524,23.272788],[120.521363,23.272325],[120.520894,23.272113],[120.5204,23.271995],[120.519994,23.271704],[120.519273,23.27097],[120.518922,23.270415],[120.518761,23.269955],[120.518482,23.269555],[120.518187,23.26935],[120.517674,23.269216],[120.516644,23.269165],[120.515613,23.269226],[120.515208,23.268932],[120.514738,23.268794],[120.514418,23.2686],[120.51401,23.268142],[120.513676,23.267327],[120.513303,23.267007],[120.512764,23.266955],[120.51172,23.26702],[120.509923,23.266805],[120.509413,23.266875],[120.508201,23.267342],[120.507438,23.267234],[120.506374,23.266859],[120.505361,23.266645],[120.505017,23.266511],[120.503817,23.265706],[120.502726,23.265089],[120.502092,23.264636],[120.501536,23.263932],[120.501315,23.263487],[120.501443,23.263042],[120.501928,23.26222],[120.501968,23.26187],[120.501915,23.261399],[120.501545,23.260207],[120.501405,23.259891],[120.501197,23.259471],[120.500507,23.25872],[120.499957,23.257878],[120.499549,23.257593],[120.499054,23.257367],[120.498633,23.257074],[120.4983,23.256695],[120.498042,23.256237],[120.497643,23.254923],[120.497567,23.254428],[120.497586,23.253943],[120.497742,23.252729],[120.497794,23.251559],[120.497543,23.251169],[120.496917,23.250399],[120.49666,23.249857],[120.496714,23.24937],[120.496674,23.248505],[120.496573,23.247693],[120.495961,23.246092],[120.495725,23.245638],[120.495451,23.245225],[120.494808,23.244492],[120.49454,23.244072],[120.494249,23.243842],[120.493773,23.243765],[120.493416,23.243648],[120.493014,23.243356],[120.49267,23.243004],[120.492109,23.242217],[120.491687,23.241954],[120.490787,23.241508],[120.490431,23.241137],[120.490383,23.240654],[120.490291,23.24028],[120.490072,23.239492],[120.489894,23.239173],[120.48948,23.238887],[120.48864,23.23851],[120.487717,23.237989],[120.48673,23.237752],[120.48609,23.237546],[120.484555,23.236257],[120.484255,23.235905],[120.483661,23.234955],[120.483267,23.234625],[120.482457,23.234077],[120.481349,23.232381],[120.48079,23.231738],[120.480383,23.231428],[120.480009,23.231464],[120.479018,23.231803],[120.477871,23.232347],[120.475716,23.233203],[120.475376,23.233365],[120.473743,23.234406],[120.473388,23.23458],[120.472266,23.234326],[120.471887,23.234317],[120.471303,23.234342],[120.470933,23.23443],[120.470462,23.234626],[120.469768,23.235206],[120.469422,23.235558],[120.468714,23.236407],[120.468034,23.236938],[120.467545,23.237102],[120.466516,23.237037],[120.465607,23.237096],[120.463875,23.237696],[120.463367,23.237656],[120.462511,23.237342],[120.461472,23.237426],[120.460977,23.237333],[120.460622,23.237146],[120.459896,23.236922],[120.459511,23.236913],[120.45913,23.236968],[120.458212,23.237347],[120.457732,23.237202],[120.457286,23.236945],[120.455852,23.236905],[120.455397,23.236733],[120.454896,23.236686],[120.454336,23.236713],[120.453743,23.236812],[120.453272,23.236984],[120.452365,23.237807],[120.451971,23.237893],[120.451312,23.237907],[120.450848,23.237631],[120.450116,23.236959],[120.44963,23.236792],[120.449123,23.236706],[120.44797,23.236196],[120.447424,23.236171],[120.447019,23.236419],[120.446429,23.237065],[120.445524,23.237415],[120.445134,23.237388],[120.444747,23.23723],[120.444085,23.236478],[120.443618,23.236307],[120.443249,23.236402],[120.442245,23.236513],[120.44168,23.236507],[120.441173,23.23662],[120.440319,23.236942],[120.439781,23.237055],[120.438774,23.236877],[120.437448,23.237195],[120.436954,23.237092],[120.436495,23.236861],[120.435946,23.236717],[120.435443,23.236722],[120.434694,23.236823],[120.434206,23.236749],[120.43381,23.236458],[120.433499,23.236054],[120.433032,23.23626],[120.43296,23.236596],[120.432958,23.237095],[120.433093,23.238029],[120.433048,23.23851],[120.432781,23.238946],[120.432481,23.239207],[120.430842,23.240212],[120.429457,23.241499],[120.429134,23.241686],[120.428171,23.242122],[120.427607,23.242309],[120.42618,23.242447],[120.425696,23.242648],[120.425307,23.242977],[120.424998,23.243377],[120.424542,23.244099],[120.424305,23.244541],[120.424186,23.244997],[120.423984,23.245435],[120.423499,23.244934],[120.423278,23.244566],[120.423019,23.243871],[120.422955,23.243519],[120.422906,23.243059],[120.42305,23.242587],[120.423559,23.241786],[120.423727,23.241336],[120.423727,23.240894],[120.423514,23.239942],[120.423158,23.239569],[120.42238,23.239165],[120.422011,23.239041],[120.420705,23.239106],[120.420278,23.238822],[120.418499,23.238274],[120.418168,23.238093],[120.41775,23.237732],[120.417432,23.237339],[120.416987,23.237078],[120.416532,23.236915],[120.415174,23.236601],[120.414217,23.23617],[120.413294,23.235635],[120.41237,23.234935],[120.41202,23.234784],[120.41134,23.234911],[120.410831,23.235093],[120.409899,23.235116],[120.409374,23.235202],[120.408926,23.23547],[120.408464,23.235321],[120.408239,23.234938],[120.407597,23.23417],[120.407208,23.233868],[120.406852,23.233728],[120.406285,23.233559],[120.405792,23.233633],[120.404905,23.234031],[120.404535,23.234148],[120.404167,23.234184],[120.402999,23.233734],[120.401763,23.233077],[120.400648,23.232551],[120.399284,23.232012],[120.398765,23.231942],[120.397393,23.231893],[120.396844,23.231988],[120.396101,23.232315],[120.395695,23.232608],[120.395153,23.233301],[120.394503,23.233888],[120.394102,23.23418],[120.393762,23.234342],[120.392865,23.23462],[120.391874,23.23518],[120.390245,23.23567],[120.389702,23.235746],[120.389327,23.236042],[120.389123,23.236444],[120.389099,23.237254],[120.389139,23.237724],[120.38844,23.237496],[120.38811,23.237315],[120.387143,23.236591],[120.386142,23.236825],[120.385285,23.236196],[120.384792,23.236029],[120.384271,23.235972],[120.383113,23.236557],[120.382654,23.236437],[120.382351,23.236203],[120.381846,23.235388],[120.381691,23.235061],[120.381494,23.234248],[120.381278,23.23384],[120.38104,23.233564],[120.380616,23.233282],[120.380104,23.233122],[120.379544,23.232824],[120.379194,23.233165],[120.379275,23.234111],[120.379241,23.234937],[120.379074,23.235388],[120.378618,23.236329],[120.378353,23.236756],[120.377659,23.237309],[120.377079,23.237632],[120.37684,23.2373],[120.376477,23.237094],[120.376152,23.236738],[120.375833,23.235724],[120.375595,23.235273],[120.37531,23.234916],[120.374202,23.233932],[120.373848,23.233449],[120.37366,23.232997],[120.373562,23.232474],[120.373606,23.230616],[120.373463,23.229391],[120.373279,23.228556],[120.373152,23.228107],[120.372464,23.226552],[120.372308,23.226091],[120.372015,23.224699],[120.37178,23.224114],[120.371544,23.223782],[120.370942,23.223171],[120.370798,23.222627],[120.370771,23.222157],[120.370818,23.221149],[120.370755,23.220332],[120.370392,23.21916],[120.370096,23.217824],[120.370061,23.217075],[120.370027,23.214367],[120.37011,23.213604],[120.370301,23.212744],[120.370438,23.211767],[120.370251,23.209533],[120.370466,23.209068],[120.369734,23.208695],[120.368778,23.208749],[120.368248,23.208889],[120.367745,23.208941],[120.367339,23.208824],[120.366022,23.208181],[120.364594,23.207767],[120.36355,23.207622],[120.363023,23.207611],[120.361906,23.207686],[120.360996,23.207627],[120.360572,23.207485],[120.360078,23.207198],[120.359824,23.206912],[120.359612,23.206476],[120.359722,23.205032],[120.359784,23.204551],[120.359939,23.204048],[120.360466,23.202755],[120.360568,23.202383],[120.360616,23.20197],[120.360423,23.201507],[120.359218,23.200097],[120.358602,23.199451],[120.357011,23.197385],[120.35642,23.196464],[120.35611,23.195735],[120.355904,23.195006],[120.355863,23.194659],[120.355864,23.193109],[120.355708,23.192657],[120.355389,23.192283],[120.353959,23.191167],[120.353319,23.190454],[120.351792,23.189055],[120.351202,23.188581],[120.350757,23.188279],[120.350353,23.188094],[120.349128,23.187717],[120.34867,23.18746],[120.348397,23.187201],[120.348086,23.186752],[120.347691,23.185698],[120.347525,23.185374],[120.346959,23.184679],[120.346308,23.184183],[120.345371,23.183709],[120.342729,23.183245],[120.341059,23.182606],[120.340234,23.18237],[120.338983,23.182093],[120.338565,23.181946],[120.338166,23.181782],[120.337708,23.181484],[120.33673,23.180683],[120.336228,23.180683],[120.335842,23.180751],[120.335315,23.18071],[120.334919,23.180656],[120.333182,23.180234],[120.332326,23.18025],[120.331517,23.180361],[120.331024,23.18051],[120.328801,23.181686],[120.328051,23.182194],[120.326641,23.183295],[120.325881,23.18368],[120.325357,23.183795],[120.324555,23.183364],[120.323797,23.182688],[120.322875,23.182124],[120.322396,23.181912],[120.321876,23.18138],[120.321601,23.180965],[120.321709,23.180624],[120.32194,23.18029],[120.32313,23.179292],[120.323337,23.178911],[120.323412,23.178385],[120.323334,23.178049],[120.323464,23.177535],[120.323789,23.177176],[120.325098,23.176201],[120.326086,23.17537],[120.326638,23.174582],[120.326839,23.174219],[120.327018,23.173745],[120.326975,23.172999],[120.326768,23.172552],[120.326464,23.172333],[120.325973,23.172079],[120.325168,23.172052],[120.324745,23.172134],[120.323995,23.172371],[120.323155,23.172739],[120.322034,23.173472],[120.317845,23.176607],[120.316474,23.177934],[120.316064,23.178412],[120.315209,23.179669],[120.314417,23.18061],[120.313155,23.182277],[120.311335,23.184468],[120.310231,23.185502],[120.308169,23.187027],[120.306948,23.187754],[120.304141,23.188909],[120.302292,23.189484],[120.300931,23.189845],[120.299915,23.190082],[120.297336,23.190344],[120.293754,23.190235],[120.288898,23.189782],[120.287091,23.189394],[120.284882,23.188681],[120.28207,23.188076],[120.277972,23.186806],[120.277008,23.18663],[120.274989,23.186535],[120.27225,23.186264],[120.271851,23.186094],[120.271124,23.185654],[120.270759,23.18534],[120.269737,23.184068],[120.26876,23.182472],[120.268035,23.181427],[120.267429,23.180824],[120.26656,23.180357],[120.26475,23.179869],[120.263866,23.179765],[120.262804,23.179846],[120.261798,23.179668],[120.261011,23.179399],[120.258755,23.177315],[120.25816,23.176363],[120.257485,23.175608],[120.256902,23.175129],[120.255336,23.174341],[120.253756,23.173727],[120.25294,23.173481],[120.251454,23.173183],[120.249779,23.172668],[120.248676,23.172092],[120.24733,23.171094],[120.246702,23.170695],[120.246202,23.170523],[120.245824,23.170457],[120.244344,23.168505],[120.243352,23.166577],[120.243351,23.160799],[120.241663,23.157266],[120.240968,23.155018],[120.239925,23.152769],[120.237841,23.152078],[120.233672,23.149508],[120.231953,23.148606],[120.23202,23.148182],[120.232014,23.147742],[120.231813,23.147003],[120.231624,23.146703],[120.230574,23.145944],[120.230224,23.145637],[120.229276,23.144632],[120.228916,23.144199],[120.228642,23.143777],[120.228449,23.143329],[120.228164,23.142403],[120.228114,23.141943],[120.228093,23.140692],[120.228162,23.140189],[120.2285,23.139171],[120.228927,23.138359],[120.229287,23.137934],[120.228576,23.137446],[120.227289,23.136987],[120.22645,23.136761],[120.225579,23.136564],[120.224732,23.136451],[120.223268,23.136489],[120.223148,23.135954],[120.222268,23.134608],[120.221252,23.133231],[120.219645,23.130772],[120.216937,23.12739],[120.215802,23.125426],[120.213779,23.122896],[120.212821,23.122153],[120.210999,23.121024],[120.209518,23.120358],[120.208827,23.119988],[120.205371,23.118345],[120.201947,23.116773],[120.198441,23.115289],[120.19364,23.113396],[120.192051,23.112813],[120.190165,23.112205],[120.189676,23.111969],[120.18882,23.111649],[120.187794,23.111371],[120.185761,23.110727],[120.183735,23.109961],[120.18072,23.109057],[120.17901,23.108399],[120.173929,23.106826],[120.171847,23.105991],[120.170203,23.105185],[120.166683,23.10385],[120.165681,23.103608],[120.16476,23.103499],[120.164297,23.103395],[120.160139,23.101862],[120.15522,23.100411],[120.150806,23.099647],[120.14977,23.099355],[120.146592,23.098679],[120.145029,23.098264],[120.142901,23.097821],[120.141155,23.097545],[120.140709,23.097424],[120.135262,23.096683],[120.133069,23.096283],[120.132559,23.096312],[120.131084,23.09661],[120.127948,23.097939],[120.126844,23.098232],[120.123668,23.098681],[120.121725,23.099123],[120.121235,23.099161],[120.116536,23.099854],[120.115042,23.100027],[120.112214,23.10018],[120.111775,23.100144],[120.108416,23.099583],[120.105776,23.099388],[120.102255,23.099715],[120.098997,23.099742],[120.095279,23.099572],[120.092857,23.099527],[120.0894,23.099296],[120.08691,23.099021],[120.082655,23.09844],[120.081807,23.098261],[120.078914,23.097909],[120.07627,23.097464],[120.074747,23.097141],[120.073366,23.0968],[120.072121,23.096419],[120.069558,23.095807],[120.066116,23.094703],[120.064271,23.094012],[120.063238,23.093558],[120.062731,23.093286],[120.061554,23.092825],[120.056652,23.091008],[120.056095,23.090766],[120.054127,23.089721],[120.053385,23.089301],[120.052983,23.089018],[120.047636,23.086178],[120.043332,23.083604],[120.039211,23.08189],[120.035578,23.080096],[120.034284,23.079579],[120.033647,23.079248],[120.032626,23.078816],[120.030479,23.077972],[120.029551,23.077457],[120.029118,23.077324],[120.028616,23.077381],[120.02825,23.075855],[120.028126,23.07466],[120.028126,23.074171],[120.02822,23.073182],[120.028481,23.072748],[120.029346,23.072405],[120.030563,23.072001],[120.031404,23.071785],[120.031813,23.071731],[120.032108,23.071525],[120.032947,23.071103],[120.033528,23.070469],[120.034276,23.069802],[120.0352,23.068749],[120.035838,23.067893],[120.036068,23.067442],[120.03713,23.064844],[120.037617,23.064081],[120.039076,23.062639],[120.04039,23.06102],[120.04145,23.059934],[120.042524,23.05837],[120.042706,23.058041],[120.044068,23.056224],[120.045234,23.054082],[120.046173,23.051684],[120.048238,23.048711],[120.049618,23.046199],[120.051037,23.044312],[120.052228,23.043032],[120.053452,23.041808],[120.053896,23.041514],[120.05487,23.040726],[120.055832,23.040058],[120.057075,23.039369],[120.057577,23.039168],[120.058048,23.039114],[120.058541,23.039191],[120.059357,23.03941],[120.060686,23.039938],[120.062105,23.040717],[120.063439,23.041155],[120.064325,23.041351],[120.06476,23.041396],[120.065363,23.041302],[120.067023,23.040462],[120.068387,23.03987],[120.069493,23.039674],[120.070545,23.039653],[120.071073,23.039581],[120.072309,23.039182],[120.073732,23.038932],[120.074279,23.038788],[120.07552,23.038289],[120.077042,23.037822],[120.079109,23.037102],[120.080759,23.03628],[120.084031,23.034547],[120.085921,23.033481],[120.087464,23.03249],[120.088585,23.033983],[120.089234,23.034746],[120.0922,23.037981],[120.093368,23.039525],[120.094024,23.040525],[120.094821,23.041523],[120.095531,23.042598],[120.096118,23.043323],[120.096309,23.043684],[120.100741,23.048682],[120.101188,23.049353],[120.102498,23.0511],[120.103179,23.051793],[120.105059,23.053499],[120.105387,23.053775],[120.107862,23.055477],[120.109904,23.056701],[120.111786,23.057697],[120.112624,23.058285],[120.114072,23.059084],[120.11518,23.059777],[120.115626,23.06012],[120.116257,23.060703],[120.11721,23.061735],[120.118423,23.062938],[120.11885,23.063209],[120.120955,23.064772],[120.122564,23.065858],[120.124191,23.066863],[120.12649,23.068459],[120.127684,23.068994],[120.128457,23.069461],[120.13035,23.070872],[120.130728,23.071132],[120.131494,23.071547],[120.132263,23.071744],[120.133912,23.071958],[120.134327,23.071988],[120.13584,23.071938],[120.137344,23.072119],[120.141837,23.072878],[120.143177,23.072937],[120.147173,23.072934],[120.153184,23.072475],[120.157925,23.072324],[120.160329,23.072126],[120.161328,23.072118],[120.165737,23.071768],[120.169339,23.071855],[120.170946,23.071819],[120.173664,23.071562],[120.176712,23.071138],[120.178535,23.070967],[120.17999,23.070895],[120.181864,23.070953],[120.184082,23.07093],[120.187464,23.070621],[120.189862,23.070346],[120.190367,23.070347],[120.194168,23.070052],[120.195785,23.070039],[120.198064,23.070247],[120.199457,23.070459],[120.20259,23.071365],[120.203552,23.07174],[120.207988,23.073935],[120.208921,23.074556],[120.210044,23.075492],[120.212791,23.077516],[120.21545,23.079832],[120.216569,23.080905],[120.217673,23.082192],[120.218979,23.083827],[120.21953,23.084596],[120.220436,23.085692],[120.228117,23.095771],[120.22892,23.096885],[120.231145,23.099683],[120.232277,23.101264],[120.233207,23.102642],[120.234042,23.104024],[120.235669,23.106375],[120.236961,23.10813],[120.24032,23.12334],[120.241782,23.124388],[120.242892,23.12536],[120.245399,23.127925],[120.245962,23.128657],[120.246498,23.128806],[120.247339,23.128938],[120.248438,23.128958],[120.24955,23.128823],[120.250126,23.12883],[120.250504,23.128927],[120.251003,23.129155],[120.252293,23.130091],[120.253224,23.130515],[120.253602,23.130583],[120.254531,23.13064],[120.255447,23.13079],[120.256616,23.131086],[120.257572,23.131481],[120.258191,23.131982],[120.258455,23.132289],[120.25923,23.133594],[120.259448,23.133872],[120.260168,23.134475],[120.260511,23.134647],[120.261541,23.134986],[120.263086,23.135255],[120.263456,23.135397],[120.264711,23.135725],[120.267647,23.13619],[120.268065,23.136328],[120.269112,23.136561],[120.270696,23.137126],[120.272137,23.137996],[120.273253,23.138498],[120.274226,23.138767],[120.277397,23.13945],[120.278667,23.139794],[120.279138,23.140051],[120.279371,23.140487],[120.279628,23.141415],[120.279656,23.141794],[120.279617,23.142133],[120.279724,23.142611],[120.279179,23.143354],[120.279008,23.143803],[120.279291,23.144155],[120.280483,23.144309],[120.280954,23.144591],[120.281342,23.14472],[120.282132,23.144874],[120.282639,23.144904],[120.283967,23.1446],[120.285831,23.144388],[120.286253,23.144131],[120.286544,23.143879],[120.287187,23.142937],[120.287384,23.142459],[120.287781,23.141145],[120.288119,23.140466],[120.288421,23.140207],[120.288773,23.13999],[120.289261,23.139816],[120.289832,23.139754],[120.29019,23.139849],[120.290545,23.140007],[120.291425,23.140623],[120.292208,23.140836],[120.295245,23.141086],[120.296207,23.141016],[120.296738,23.14085],[120.297084,23.140673],[120.297555,23.140307],[120.298562,23.139375],[120.299324,23.138882],[120.301214,23.138352],[120.302456,23.138251],[120.303266,23.138355],[120.303678,23.138475],[120.304426,23.138825],[120.304807,23.138954],[120.309513,23.140233],[120.310595,23.140478],[120.311133,23.140541],[120.311734,23.140541],[120.312288,23.140462],[120.312774,23.14017],[120.313029,23.139872],[120.313161,23.139547],[120.313138,23.138949],[120.313313,23.138619],[120.313682,23.138224],[120.313916,23.13777],[120.313657,23.136919],[120.313344,23.136263],[120.31317,23.135759],[120.313123,23.135421],[120.313132,23.135041],[120.313323,23.134574],[120.313599,23.134147],[120.313865,23.133905],[120.314389,23.133783],[120.314734,23.133597],[120.315014,23.13304],[120.31538,23.132759],[120.316303,23.13252],[120.316701,23.132512],[120.317255,23.132415],[120.317667,23.132286],[120.318132,23.132024],[120.318429,23.131771],[120.319055,23.131104],[120.319453,23.130768],[120.31993,23.13053],[120.320683,23.13039],[120.32119,23.130464],[120.322367,23.130739],[120.322863,23.130734],[120.323231,23.130357],[120.323798,23.129203],[120.324217,23.128514],[120.324883,23.127891],[120.326031,23.127299],[120.327232,23.126848],[120.328777,23.126023],[120.329714,23.125668],[120.329724,23.125142],[120.329648,23.124681],[120.329532,23.124241],[120.32913,23.123259],[120.328667,23.122369],[120.326604,23.119283],[120.326151,23.118528],[120.325624,23.117528],[120.3252,23.116482],[120.32494,23.115601],[120.324742,23.114669],[120.324634,23.113747],[120.324626,23.112498],[120.324708,23.111441],[120.324798,23.1108],[120.325111,23.10972],[120.32579,23.108146],[120.326341,23.106567],[120.327101,23.104886],[120.327618,23.10403],[120.328004,23.103169],[120.330187,23.099524],[120.332875,23.095659],[120.336172,23.091894],[120.339506,23.088292],[120.340361,23.087449],[120.34106,23.086889],[120.341713,23.086462],[120.342984,23.085843],[120.344303,23.085292],[120.344668,23.085168],[120.345066,23.085118],[120.345818,23.084788],[120.347546,23.084486],[120.348692,23.084409],[120.349797,23.084433],[120.350298,23.084494],[120.351841,23.084898],[120.353083,23.085085],[120.354631,23.085403],[120.356,23.085552],[120.356853,23.085477],[120.358238,23.085492],[120.358949,23.085289],[120.360007,23.085481],[120.361762,23.085306],[120.362781,23.085288],[120.363268,23.085209],[120.363985,23.085006],[120.364464,23.084809],[120.364784,23.084585],[120.364834,23.084229],[120.365035,23.083899],[120.364793,23.083574],[120.364256,23.0823],[120.36417,23.081822],[120.364235,23.08086],[120.364496,23.079972],[120.364828,23.07969],[120.365179,23.079489],[120.366308,23.07914],[120.367806,23.078957],[120.369554,23.079022],[120.369671,23.078613],[120.369868,23.077373],[120.370269,23.076881],[120.370373,23.076538],[120.370408,23.07617],[120.370408,23.075729],[120.370302,23.075303],[120.370332,23.07481],[120.369945,23.074253],[120.3695,23.073244],[120.369412,23.072869],[120.369636,23.072078],[120.369369,23.071396],[120.369379,23.070611],[120.369451,23.070247],[120.369716,23.069847],[120.370054,23.069552],[120.370762,23.069292],[120.37091,23.068931],[120.371018,23.068459],[120.371272,23.068072],[120.371153,23.067741],[120.37113,23.067228],[120.370564,23.066709],[120.370613,23.066307],[120.370529,23.065153],[120.370763,23.06485],[120.371363,23.064812],[120.371348,23.063541],[120.371441,23.063014],[120.372755,23.063001],[120.373199,23.062951],[120.373569,23.062782],[120.373808,23.0624],[120.373881,23.061975],[120.373789,23.061165],[120.373919,23.060487],[120.374126,23.060171],[120.374568,23.060173],[120.374979,23.060325],[120.375439,23.060144],[120.375611,23.059808],[120.375549,23.059363],[120.376437,23.05753],[120.376664,23.057227],[120.377021,23.057031],[120.377472,23.056969],[120.377978,23.056985],[120.378565,23.057324],[120.37935,23.056879],[120.379885,23.056802],[120.380271,23.056531],[120.380659,23.056021],[120.381256,23.055824],[120.382284,23.054824],[120.382971,23.053839],[120.383716,23.05304],[120.384791,23.052053],[120.384696,23.051403],[120.384722,23.050978],[120.385266,23.050669],[120.385635,23.050285],[120.386155,23.049953],[120.386521,23.049844],[120.387145,23.049953],[120.388198,23.049912],[120.389218,23.049641],[120.389429,23.049214],[120.389093,23.048591],[120.389129,23.047952],[120.390053,23.046936],[120.389949,23.046206],[120.389411,23.045367],[120.38927,23.04494],[120.38932,23.044484],[120.389458,23.044014],[120.389766,23.043344],[120.389527,23.042452],[120.38959,23.041982],[120.38984,23.041499],[120.390872,23.040302],[120.390996,23.039909],[120.390842,23.039483],[120.390842,23.039114],[120.390936,23.038652],[120.391092,23.038207],[120.391031,23.037753],[120.390721,23.037401],[120.390691,23.036988],[120.390972,23.036434],[120.391252,23.035601],[120.39149,23.03396],[120.391676,23.033195],[120.391962,23.032689],[120.392241,23.03177],[120.392438,23.031467],[120.392551,23.031004],[120.392164,23.030047],[120.391686,23.029336],[120.39175,23.02888],[120.392216,23.027968],[120.39257,23.027148],[120.392782,23.026342],[120.39268,23.025769],[120.39247,23.025358],[120.392347,23.024893],[120.392214,23.023944],[120.392011,23.023495],[120.391733,23.022527],[120.391749,23.021919],[120.392053,23.021529],[120.392858,23.020761],[120.393143,23.020352],[120.393431,23.019754],[120.39347,23.019273],[120.393687,23.018887],[120.393836,23.018447],[120.393685,23.017878],[120.393261,23.017666],[120.39291,23.01755],[120.392502,23.017137],[120.393066,23.015634],[120.393239,23.014843],[120.393308,23.014243],[120.393331,23.012816],[120.393442,23.011366],[120.393402,23.010386],[120.393248,23.009948],[120.392908,23.009576],[120.392591,23.008878],[120.392562,23.008007],[120.392682,23.00751],[120.392819,23.007047],[120.393019,23.006598],[120.393254,23.006228],[120.394581,23.004699],[120.394786,23.004277],[120.395033,23.003577],[120.395335,23.003285],[120.396167,23.002741],[120.396589,23.002289],[120.396626,23.001201],[120.396812,23.000761],[120.397159,23.000377],[120.397489,22.999901],[120.39791,22.999137],[120.398498,22.998383],[120.39889,22.997701],[120.399447,22.996952],[120.399989,22.996356],[120.401658,22.994911],[120.403268,22.993389],[120.405934,22.991094],[120.405939,22.990552],[120.406093,22.989852],[120.406332,22.989536],[120.406535,22.989159],[120.406512,22.988714],[120.406024,22.988563],[120.405913,22.987208],[120.405694,22.986095],[120.405387,22.985011],[120.405117,22.984564],[120.404836,22.984288],[120.404518,22.984112],[120.403949,22.983993],[120.403412,22.984033],[120.403571,22.983446],[120.404312,22.98267],[120.404733,22.982365],[120.405265,22.982469],[120.405663,22.982641],[120.406152,22.982555],[120.406269,22.982047],[120.406251,22.981539],[120.405751,22.979571],[120.405697,22.978753],[120.405691,22.978318],[120.405742,22.977941],[120.405681,22.976464],[120.405245,22.974207],[120.404781,22.972332],[120.404605,22.971901],[120.405202,22.972037],[120.405605,22.971917],[120.406015,22.971626],[120.40643,22.971423],[120.406894,22.9714],[120.407804,22.971516],[120.40905,22.971974],[120.409411,22.972044],[120.409863,22.97201],[120.410272,22.971897],[120.411091,22.971497],[120.412074,22.970944],[120.412483,22.970673],[120.412813,22.970384],[120.41335,22.970057],[120.413808,22.969946],[120.414815,22.969867],[120.415431,22.969745],[120.41587,22.969601],[120.416353,22.96956],[120.417609,22.969811],[120.418817,22.969741],[120.420708,22.96972],[120.421635,22.969544],[120.423302,22.969054],[120.425239,22.968397],[120.42567,22.967128],[120.426275,22.966428],[120.426629,22.966164],[120.42705,22.96608],[120.428045,22.966159],[120.428949,22.965929],[120.429438,22.965974],[120.429999,22.966143],[120.430371,22.966195],[120.430786,22.966105],[120.4318,22.965175],[120.432123,22.964972],[120.432739,22.964895],[120.433111,22.964917],[120.433605,22.964805],[120.433959,22.964439],[120.434789,22.963875],[120.436558,22.962974],[120.437051,22.962993],[120.437343,22.96334],[120.437706,22.964137],[120.438085,22.965878],[120.4384,22.967144],[120.438526,22.967487],[120.439162,22.968609],[120.439622,22.969228],[120.440295,22.970314],[120.441287,22.972609],[120.441794,22.974357],[120.441939,22.974774],[120.442158,22.97516],[120.442303,22.97607],[120.442779,22.97733],[120.443661,22.977819],[120.443922,22.978111],[120.444573,22.979515],[120.444792,22.97987],[120.44525,22.979886],[120.445665,22.979834],[120.446939,22.979251],[120.44734,22.978969],[120.448074,22.978289],[120.448432,22.9781],[120.448927,22.977928],[120.449837,22.977806],[120.450208,22.977817],[120.450555,22.977964],[120.45086,22.978176],[120.45109,22.978431],[120.45142,22.978603],[120.451779,22.978503],[120.452105,22.978239],[120.452468,22.977815],[120.452859,22.977772],[120.453187,22.977973],[120.453381,22.978316],[120.453676,22.97914],[120.453845,22.979478],[120.454399,22.980138],[120.454642,22.980499],[120.454829,22.980928],[120.454881,22.9813],[120.454777,22.981657],[120.454736,22.982041],[120.454788,22.982463],[120.454753,22.98291],[120.454502,22.983404],[120.453715,22.984427],[120.453463,22.984851],[120.453391,22.985233],[120.453382,22.985766],[120.453512,22.986743],[120.453912,22.988161],[120.454255,22.989168],[120.454373,22.989978],[120.454373,22.99071],[120.454656,22.991109],[120.455006,22.991285],[120.455851,22.991337],[120.456708,22.99122],[120.457029,22.991034],[120.45805,22.99024],[120.458507,22.990032],[120.458995,22.989946],[120.45946,22.989984],[120.460207,22.990271],[120.46055,22.990481],[120.460908,22.990795],[120.461199,22.991233],[120.46132,22.991813],[120.461253,22.992201],[120.46082,22.992551],[120.460589,22.992854],[120.460438,22.993739],[120.459717,22.994472],[120.45951,22.994764],[120.459304,22.995188],[120.45936,22.995576],[120.460293,22.99682],[120.460465,22.997145],[120.460778,22.997344],[120.461519,22.997599],[120.46189,22.998165],[120.462016,22.998551],[120.461621,22.998854],[120.460767,22.999245],[120.460353,22.999595],[120.459825,23.000423],[120.459516,23.000802],[120.459453,23.001238],[120.459499,23.001823],[120.460145,23.003207],[120.460586,23.003884],[120.461047,23.004051],[120.461545,23.003893],[120.462255,23.003242],[120.462732,23.003175],[120.463182,23.003308],[120.463643,23.003542],[120.464099,23.003646],[120.464781,23.003598],[120.465404,23.003682],[120.466588,23.003566],[120.469017,23.003],[120.470354,23.002582],[120.470925,23.002516],[120.472424,23.002782],[120.473246,23.002846],[120.475092,23.003169],[120.476897,23.00328],[120.477598,23.003553],[120.477747,23.003894],[120.478055,23.004338],[120.47855,23.004765],[120.47971,23.005343],[120.479811,23.00577],[120.480305,23.006946],[120.480685,23.00832],[120.481096,23.009271],[120.48121,23.011068],[120.481302,23.011492],[120.482417,23.015009],[120.482566,23.015345],[120.483025,23.01607],[120.483694,23.016763],[120.485442,23.01814],[120.486397,23.018765],[120.487517,23.019205],[120.489346,23.020131],[120.491785,23.021198],[120.492111,23.021367],[120.492961,23.022002],[120.493526,23.022302],[120.494006,23.022424],[120.494672,23.022949],[120.495255,23.02325],[120.495728,23.023462],[120.496696,23.023717],[120.497572,23.024152],[120.498361,23.025105],[120.498819,23.025495],[120.500275,23.026116],[120.501067,23.026931],[120.501483,23.027233],[120.502422,23.027754],[120.502752,23.028384],[120.503053,23.028142],[120.503903,23.02879],[120.504638,23.029643],[120.506608,23.032541],[120.507373,23.033365],[120.507686,23.033902],[120.507744,23.034534],[120.50813,23.034404],[120.508517,23.034627],[120.510163,23.035688],[120.511721,23.036904],[120.513186,23.038111],[120.514601,23.039363],[120.516604,23.04153],[120.518223,23.043085],[120.519313,23.043977],[120.520963,23.045483],[120.523043,23.046923],[120.523281,23.047185],[120.523407,23.04753],[120.523445,23.04791],[120.523402,23.048296],[120.523176,23.049413],[120.523412,23.049803],[120.524463,23.050517],[120.525447,23.051402],[120.526114,23.052074],[120.526869,23.053009],[120.527376,23.053557],[120.52837,23.054286],[120.529119,23.054765],[120.530729,23.056144],[120.531091,23.056383],[120.531836,23.056711],[120.53529,23.057722],[120.535622,23.057891],[120.536196,23.058413],[120.536583,23.058618],[120.537557,23.058923],[120.537854,23.059343],[120.53809,23.060147],[120.538457,23.06084],[120.538682,23.061156],[120.538969,23.061399],[120.539738,23.061776],[120.540256,23.06191],[120.540585,23.062291],[120.541306,23.062147],[120.541712,23.06234],[120.542268,23.062965],[120.542592,23.063234],[120.542986,23.06344],[120.543567,23.063604],[120.544723,23.063826],[120.54512,23.063848],[120.545474,23.063753],[120.545937,23.063473],[120.546195,23.063189],[120.546533,23.062945],[120.547226,23.062627],[120.549354,23.062133],[120.550944,23.061884],[120.552166,23.061831],[120.554394,23.062039],[120.55511,23.062271],[120.555485,23.062463],[120.555798,23.062698],[120.556242,23.062833],[120.556694,23.06284],[120.55704,23.062529],[120.557131,23.062192],[120.557604,23.062073],[120.558055,23.062129],[120.55928,23.062709],[120.559636,23.062937],[120.560267,23.063457],[120.56095,23.064193],[120.561275,23.064459],[120.563813,23.06625],[120.564051,23.066527],[120.564276,23.066816],[120.564439,23.067134],[120.564575,23.067588],[120.564588,23.06799],[120.564464,23.069376],[120.564488,23.069909],[120.564561,23.070862],[120.564774,23.072449],[120.564851,23.074031],[120.564956,23.074858],[120.565137,23.075639],[120.565484,23.076023],[120.565781,23.076531],[120.565664,23.076903],[120.56548,23.077237],[120.565475,23.077616],[120.566185,23.080368],[120.566434,23.081095],[120.566584,23.081418],[120.567082,23.082055],[120.568735,23.083994],[120.569947,23.085265],[120.573193,23.089268],[120.574584,23.09132],[120.574824,23.091841],[120.57481,23.092318],[120.574307,23.093564],[120.573954,23.094688],[120.57404,23.095137],[120.574169,23.095471],[120.574597,23.095632],[120.575315,23.096128],[120.575862,23.096754],[120.576261,23.097612],[120.5767,23.098345],[120.579604,23.102592],[120.581391,23.104964],[120.582201,23.105763],[120.582873,23.106323],[120.583063,23.106682],[120.583287,23.107409],[120.583665,23.108242],[120.583905,23.108573],[120.584163,23.108889],[120.584737,23.109393],[120.585372,23.1101],[120.587191,23.112314],[120.587642,23.112949],[120.588091,23.114102],[120.588439,23.115569],[120.588911,23.120269],[120.588894,23.121764],[120.58885,23.122105],[120.588481,23.123089],[120.588539,23.123464],[120.588797,23.123886],[120.589339,23.124565],[120.58956,23.125003],[120.589854,23.125768],[120.590093,23.12621],[120.591099,23.127273],[120.59175,23.128426],[120.591952,23.128869],[120.592229,23.12925],[120.592631,23.129585],[120.592993,23.130133],[120.593607,23.130187],[120.594028,23.130467],[120.594373,23.130853],[120.594564,23.131158],[120.594753,23.131625],[120.595332,23.134316],[120.595605,23.13526],[120.596035,23.136091],[120.596362,23.136465],[120.597159,23.137102],[120.597634,23.137576],[120.59793,23.13798],[120.598194,23.138423],[120.598462,23.139247],[120.59888,23.140116],[120.599236,23.140733],[120.599538,23.141148],[120.599751,23.141607],[120.600379,23.142397],[120.600849,23.143731],[120.601158,23.144083],[120.601783,23.144345],[120.603339,23.144659],[120.603778,23.14488],[120.60442,23.145487],[120.605248,23.146031],[120.605532,23.146406],[120.605622,23.146844],[120.605586,23.147842],[120.605913,23.14816],[120.606949,23.148131],[120.607588,23.148296],[120.608509,23.148783],[120.609219,23.14946],[120.610161,23.15065],[120.61076,23.15109],[120.611651,23.151641],[120.612076,23.152108],[120.612351,23.152892],[120.612305,23.153357],[120.612045,23.154303],[120.61146,23.155616],[120.611495,23.156097],[120.611642,23.156431],[120.613225,23.158578],[120.61375,23.158949],[120.614573,23.159298],[120.615207,23.160084],[120.615911,23.160788],[120.6162,23.161174],[120.616732,23.162619],[120.61709,23.162908],[120.617605,23.163066],[120.618163,23.163116],[120.618647,23.163062],[120.619599,23.162785],[120.620102,23.162731],[120.620585,23.162781],[120.621106,23.162876],[120.621583,23.163061],[120.622456,23.163526],[120.623172,23.164128],[120.623806,23.165079],[120.624743,23.166192],[120.625002,23.167555],[120.625591,23.167761],[120.626131,23.167763],[120.626576,23.167939],[120.627102,23.168257],[120.628377,23.168833],[120.629986,23.169832],[120.630605,23.170105],[120.630863,23.17052],[120.630848,23.171042],[120.630752,23.171495],[120.630582,23.171936],[120.629926,23.172737],[120.629663,23.173132],[120.629473,23.173739],[120.629545,23.174204],[120.629853,23.174609],[120.630349,23.174726],[120.63303,23.174679],[120.633751,23.174812],[120.634126,23.174825],[120.634573,23.174739],[120.635224,23.174701],[120.635602,23.1748],[120.636101,23.175013],[120.636598,23.175972],[120.636778,23.176663],[120.637304,23.177597],[120.637521,23.17829],[120.637625,23.17878],[120.63755,23.179315],[120.637267,23.180196],[120.637359,23.180638],[120.638226,23.181155],[120.639414,23.182009],[120.640817,23.182704],[120.64071,23.183208],[120.639761,23.183943],[120.639132,23.184614],[120.638571,23.185298],[120.638141,23.186041],[120.638017,23.186363],[120.637602,23.188172],[120.636846,23.189795],[120.636798,23.190237],[120.636898,23.190574],[120.637116,23.190953],[120.637414,23.191312],[120.638449,23.192344],[120.638761,23.192748],[120.639018,23.193236],[120.639124,23.193576],[120.6395,23.195141],[120.640597,23.197719],[120.641194,23.198834],[120.642342,23.200197],[120.642622,23.200592],[120.642813,23.201175],[120.64302,23.20234],[120.643344,23.203103],[120.643862,23.203943],[120.644571,23.204941],[120.645199,23.206031],[120.64578,23.206862],[120.646053,23.207164],[120.646517,23.207345],[120.647061,23.207187],[120.647512,23.207363],[120.64789,23.207999],[120.648639,23.208493],[120.64914,23.20869],[120.649773,23.208611],[120.650137,23.208471],[120.651095,23.208227],[120.651503,23.208432],[120.651667,23.208877],[120.651797,23.209724],[120.651934,23.210076],[120.652487,23.210667],[120.652838,23.211135],[120.653275,23.211871],[120.65349,23.212349],[120.653612,23.212821],[120.653745,23.21402],[120.65396,23.21479],[120.654327,23.215386],[120.655263,23.216417],[120.655809,23.217264],[120.656056,23.21774],[120.656129,23.218228],[120.656128,23.219264],[120.656328,23.220133],[120.65635,23.220573],[120.656312,23.221084],[120.656147,23.221684],[120.655827,23.222574],[120.655584,23.222987],[120.655382,23.223323],[120.65508,23.223689],[120.654558,23.224181],[120.65385,23.224743],[120.654241,23.22496],[120.655004,23.225572],[120.655666,23.226179],[120.656628,23.227198],[120.657299,23.22769],[120.657737,23.227895],[120.658033,23.228199],[120.657866,23.228543],[120.657786,23.228914],[120.657968,23.229404],[120.658355,23.22959],[120.658771,23.229628],[120.659984,23.229181],[120.660516,23.22912],[120.661005,23.229398],[120.661938,23.23024],[120.663652,23.230962],[120.664042,23.231193],[120.66486,23.231721],[120.665525,23.232263],[120.666595,23.233245],[120.669038,23.235711],[120.669328,23.235945],[120.670107,23.236311],[120.671383,23.236736],[120.672732,23.237932],[120.674232,23.238977],[120.675518,23.240212],[120.676891,23.240989],[120.677151,23.241242],[120.677566,23.242151],[120.677567,23.24275],[120.677434,23.243467],[120.677491,23.244127],[120.677616,23.244468],[120.677834,23.244775],[120.678539,23.245526],[120.678239,23.24573],[120.677677,23.245885],[120.676544,23.246],[120.676073,23.246256],[120.67534,23.246811],[120.674239,23.247816],[120.674046,23.248195],[120.674011,23.248574],[120.674518,23.249387],[120.674643,23.249734],[120.674705,23.250202],[120.674744,23.251662],[120.674839,23.252936],[120.674968,23.253909],[120.675068,23.254245],[120.675221,23.254699],[120.675449,23.255123],[120.675772,23.255478],[120.676202,23.255812],[120.676563,23.256166],[120.676867,23.256543],[120.676994,23.257017],[120.676949,23.258372],[120.67707,23.258853],[120.677383,23.259625],[120.677605,23.260061],[120.677995,23.260505],[120.677891,23.260887],[120.678593,23.260772],[120.679953,23.261124],[120.680936,23.261243],[120.684411,23.261031],[120.685183,23.261368],[120.685596,23.261639],[120.685925,23.261998],[120.686197,23.262409],[120.686411,23.26365],[120.686589,23.264269],[120.68717,23.265481],[120.687917,23.266756],[120.68915,23.268239],[120.689351,23.268537],[120.68975,23.269434],[120.689977,23.269704],[120.690364,23.270025],[120.691144,23.270449],[120.691531,23.27077],[120.691859,23.27117],[120.692039,23.271549],[120.692154,23.272027],[120.692134,23.273009],[120.692181,23.273465],[120.692414,23.273748],[120.692865,23.273996],[120.693725,23.274267],[120.695068,23.274953],[120.695492,23.275269],[120.696097,23.275913],[120.696479,23.276181],[120.696939,23.276355],[120.698914,23.276724],[120.69935,23.276873],[120.699599,23.27718],[120.69989,23.277763],[120.700343,23.278506],[120.700712,23.279381],[120.700696,23.279847],[120.700449,23.280944],[120.700537,23.281865],[120.700495,23.282375],[120.700332,23.282998],[120.699813,23.284242],[120.699711,23.284709],[120.700092,23.285012],[120.700519,23.285238],[120.70083,23.285603],[120.70104,23.28601],[120.701271,23.286868],[120.701612,23.287813],[120.701975,23.289053],[120.702479,23.289958],[120.702681,23.290401],[120.702776,23.29073],[120.702742,23.291184],[120.70257,23.291897],[120.7026,23.293229],[120.702344,23.295676],[120.702438,23.296622],[120.703028,23.298126],[120.703323,23.298819]]]}},{"type":"Feature","properties":{"name":"朴子溪","basin_no":"1550","source":"WRA 河川流域範圍圖"},"geometry":{"type":"Polygon","coordinates":[[[120.610776,23.470266],[120.611605,23.471631],[120.611772,23.472178],[120.611939,23.473677],[120.612424,23.474937],[120.612493,23.475363],[120.612328,23.475903],[120.612117,23.476343],[120.612044,23.476682],[120.612036,23.477293],[120.612318,23.477526],[120.612769,23.477679],[120.613265,23.477691],[120.613748,23.477804],[120.614835,23.478212],[120.615609,23.478815],[120.615971,23.479174],[120.616226,23.479551],[120.616549,23.480562],[120.616611,23.481039],[120.616791,23.481499],[120.616974,23.481818],[120.61785,23.482881],[120.618151,23.483118],[120.619251,23.483768],[120.619584,23.484127],[120.619784,23.484565],[120.619691,23.485012],[120.619264,23.48542],[120.618856,23.485732],[120.618634,23.486118],[120.61869,23.487524],[120.618812,23.487949],[120.619705,23.488664],[120.62015,23.489107],[120.620664,23.490527],[120.621016,23.491204],[120.622257,23.491804],[120.623189,23.49206],[120.625825,23.492344],[120.626907,23.492647],[120.627481,23.492504],[120.627937,23.492283],[120.628603,23.492318],[120.631164,23.493454],[120.631648,23.493533],[120.633159,23.49346],[120.633518,23.493646],[120.633816,23.493959],[120.634256,23.494673],[120.634671,23.494962],[120.635722,23.494858],[120.636745,23.494962],[120.637252,23.494876],[120.638263,23.495021],[120.639662,23.494951],[120.640159,23.494743],[120.640845,23.49417],[120.641952,23.493689],[120.642253,23.493328],[120.642874,23.491752],[120.643644,23.492208],[120.645033,23.492865],[120.645453,23.493175],[120.645687,23.493461],[120.645865,23.493802],[120.646574,23.495574],[120.647008,23.496297],[120.647642,23.496865],[120.648494,23.497355],[120.648998,23.497802],[120.649069,23.498434],[120.649281,23.498859],[120.649923,23.499267],[120.650426,23.499915],[120.650945,23.500697],[120.651198,23.500952],[120.651545,23.501125],[120.652229,23.501904],[120.65373,23.504313],[120.654416,23.50502],[120.654721,23.505507],[120.655047,23.50627],[120.654654,23.506327],[120.654357,23.506659],[120.654145,23.507146],[120.653848,23.508216],[120.653823,23.50907],[120.65374,23.509433],[120.653347,23.510361],[120.653063,23.51062],[120.651814,23.511187],[120.651104,23.512117],[120.650912,23.512523],[120.650825,23.513749],[120.651471,23.5143],[120.651696,23.514623],[120.651682,23.515002],[120.651335,23.515842],[120.651183,23.516835],[120.650508,23.517445],[120.649944,23.518061],[120.649734,23.518472],[120.649359,23.518941],[120.648882,23.519149],[120.648455,23.519235],[120.647996,23.519451],[120.64781,23.519806],[120.647647,23.520314],[120.647437,23.52063],[120.647045,23.521551],[120.646669,23.521838],[120.646203,23.522021],[120.645237,23.521921],[120.644941,23.522133],[120.644608,23.522549],[120.644194,23.523246],[120.643795,23.523533],[120.641499,23.523989],[120.64104,23.524009],[120.640643,23.523964],[120.640176,23.524154],[120.639604,23.524585],[120.639053,23.525301],[120.638892,23.525623],[120.63874,23.526088],[120.638645,23.527005],[120.638463,23.527432],[120.638055,23.527594],[120.637077,23.527551],[120.636687,23.527706],[120.636289,23.527921],[120.635445,23.528804],[120.635038,23.529542],[120.634481,23.530178],[120.634174,23.530935],[120.633873,23.531343],[120.633603,23.532181],[120.633302,23.532641],[120.632813,23.533233],[120.631957,23.533874],[120.631085,23.534242],[120.630753,23.534477],[120.629788,23.534955],[120.629315,23.5351],[120.628731,23.535445],[120.628459,23.535811],[120.628321,23.536244],[120.62803,23.536664],[120.627575,23.536981],[120.627139,23.537126],[120.626739,23.537333],[120.626013,23.537977],[120.625607,23.538166],[120.624595,23.538408],[120.623764,23.53904],[120.623224,23.539216],[120.621882,23.539444],[120.621476,23.539627],[120.620972,23.539952],[120.620475,23.540203],[120.620239,23.540629],[120.620168,23.541047],[120.620031,23.541453],[120.619771,23.541817],[120.619376,23.542227],[120.618929,23.543115],[120.618658,23.543476],[120.618269,23.543844],[120.617845,23.544084],[120.616708,23.545447],[120.61654,23.545858],[120.616494,23.546343],[120.616628,23.547167],[120.616284,23.547398],[120.615404,23.547849],[120.614756,23.548522],[120.613901,23.549068],[120.613143,23.549757],[120.612207,23.550366],[120.611874,23.550675],[120.611534,23.551147],[120.611202,23.551427],[120.610808,23.551693],[120.610316,23.551939],[120.609518,23.55224],[120.609142,23.552524],[120.608069,23.552734],[120.607559,23.553048],[120.60723,23.553682],[120.606903,23.553156],[120.606519,23.552876],[120.606065,23.552156],[120.605725,23.55186],[120.605241,23.551106],[120.604919,23.550727],[120.604098,23.550032],[120.603622,23.549826],[120.603176,23.549734],[120.602792,23.549522],[120.602476,23.549278],[120.601881,23.548567],[120.60083,23.548307],[120.599467,23.547591],[120.59842,23.546604],[120.598061,23.546387],[120.597641,23.546017],[120.596955,23.545279],[120.596201,23.545394],[120.595936,23.545719],[120.595447,23.546466],[120.594846,23.546834],[120.594531,23.546166],[120.593196,23.54543],[120.592177,23.544954],[120.591578,23.544787],[120.591058,23.544721],[120.590054,23.544828],[120.589285,23.545302],[120.588201,23.546278],[120.587408,23.546763],[120.586868,23.546878],[120.58543,23.546914],[120.585033,23.546822],[120.584533,23.54661],[120.584117,23.546555],[120.58315,23.546657],[120.582734,23.546596],[120.582307,23.546341],[120.581901,23.545903],[120.581535,23.545634],[120.581114,23.545526],[120.580019,23.545449],[120.579517,23.545519],[120.579058,23.545494],[120.578607,23.545307],[120.577723,23.544747],[120.577156,23.544495],[120.574804,23.543892],[120.573728,23.543716],[120.572996,23.543445],[120.571381,23.542458],[120.570954,23.542264],[120.570409,23.542321],[120.569972,23.542544],[120.569445,23.542666],[120.568348,23.542749],[120.567736,23.5427],[120.56716,23.54274],[120.566724,23.542878],[120.565907,23.54337],[120.565483,23.543469],[120.563336,23.543262],[120.562808,23.54344],[120.562311,23.543526],[120.56195,23.543406],[120.561397,23.542934],[120.560853,23.542794],[120.56043,23.542763],[120.559484,23.542463],[120.559042,23.542484],[120.55851,23.542394],[120.558349,23.541913],[120.557917,23.541613],[120.557292,23.54159],[120.556642,23.541705],[120.556169,23.541972],[120.55583,23.542387],[120.555582,23.542787],[120.55527,23.543548],[120.554991,23.544053],[120.554659,23.544326],[120.554266,23.544516],[120.553303,23.544776],[120.552808,23.544801],[120.552348,23.544893],[120.551783,23.545144],[120.55142,23.545451],[120.550875,23.545494],[120.550378,23.545677],[120.549888,23.545695],[120.549443,23.545352],[120.548973,23.545165],[120.548611,23.545375],[120.548415,23.546248],[120.54824,23.546666],[120.547458,23.547276],[120.54701,23.547368],[120.546194,23.546917],[120.545736,23.546768],[120.544688,23.546878],[120.543206,23.546106],[120.542692,23.546002],[120.542123,23.546061],[120.541748,23.546282],[120.541506,23.546621],[120.541039,23.546932],[120.540433,23.546822],[120.539902,23.546575],[120.539272,23.546548],[120.538884,23.546781],[120.538576,23.547079],[120.538328,23.547528],[120.538311,23.547991],[120.537277,23.547878],[120.536647,23.548533],[120.536132,23.548711],[120.535685,23.548664],[120.535231,23.548738],[120.534733,23.548898],[120.53419,23.548855],[120.533577,23.548959],[120.532622,23.54893],[120.5317,23.548693],[120.531204,23.548677],[120.530593,23.548582],[120.530228,23.548372],[120.529788,23.548225],[120.52945,23.548444],[120.528978,23.54853],[120.528563,23.548399],[120.528038,23.548175],[120.527649,23.54785],[120.52724,23.547006],[120.526808,23.546748],[120.526386,23.546769],[120.525777,23.54708],[120.525303,23.547439],[120.524819,23.547491],[120.524264,23.547256],[120.52387,23.546866],[120.523543,23.546417],[120.52308,23.54611],[120.522622,23.545976],[120.521997,23.546089],[120.521475,23.546245],[120.521037,23.545965],[120.520878,23.545078],[120.520728,23.544676],[120.520387,23.544444],[120.519484,23.544038],[120.519067,23.544126],[120.518796,23.544406],[120.51838,23.544348],[120.516335,23.543544],[120.51534,23.543205],[120.514837,23.543325],[120.514433,23.543192],[120.514124,23.542783],[120.514059,23.541745],[120.513743,23.541456],[120.513271,23.541469],[120.512804,23.541686],[120.512348,23.542034],[120.512138,23.542336],[120.511938,23.542849],[120.511854,23.543395],[120.511551,23.543749],[120.510684,23.543449],[120.510418,23.543797],[120.510255,23.544217],[120.510276,23.544635],[120.510395,23.545095],[120.510391,23.545587],[120.509901,23.54636],[120.509532,23.546655],[120.509101,23.546913],[120.508598,23.547102],[120.508115,23.547186],[120.507597,23.550145],[120.501987,23.550367],[120.499051,23.550335],[120.494715,23.547075],[120.491965,23.545777],[120.488497,23.545041],[120.486075,23.543578],[120.483267,23.543228],[120.473156,23.54138],[120.47745,23.535102],[120.473103,23.532998],[120.469903,23.532843],[120.46717,23.532321],[120.464508,23.531443],[120.461829,23.530727],[120.456726,23.530115],[120.452859,23.526503],[120.450117,23.525746],[120.448154,23.521964],[120.444445,23.521535],[120.441745,23.520561],[120.438587,23.520132],[120.433066,23.519676],[120.427631,23.519753],[120.423087,23.520613],[120.416421,23.520206],[120.407412,23.520169],[120.399195,23.521587],[120.396455,23.520867],[120.393321,23.520867],[120.39058,23.520106],[120.385877,23.520104],[120.382005,23.518622],[120.378715,23.517741],[120.368851,23.517882],[120.366026,23.518309],[120.363205,23.516374],[120.358228,23.518537],[120.356155,23.516374],[120.353019,23.514164],[120.350667,23.512715],[120.346438,23.509663],[120.341706,23.509788],[120.33844,23.511901],[120.334222,23.513763],[120.331479,23.512996],[120.328733,23.514075],[120.323243,23.51366],[120.317764,23.514391],[120.314633,23.514391],[120.314791,23.518014],[120.304072,23.514983],[120.301844,23.513272],[120.299153,23.511475],[120.299781,23.508498],[120.300492,23.50585],[120.298444,23.503893],[120.298354,23.500773],[120.29791,23.498157],[120.294449,23.495112],[120.2941,23.494857],[120.293077,23.494248],[120.292897,23.493911],[120.292002,23.493218],[120.29168,23.493045],[120.290782,23.492774],[120.288853,23.492421],[120.288122,23.492245],[120.287744,23.492236],[120.285812,23.492532],[120.282112,23.493539],[120.27998,23.493977],[120.27957,23.494026],[120.277876,23.49402],[120.27684,23.493909],[120.276325,23.493819],[120.275929,23.49369],[120.274895,23.493265],[120.272984,23.492283],[120.270646,23.491263],[120.26944,23.490665],[120.268575,23.490055],[120.267274,23.488913],[120.266235,23.487581],[120.265612,23.486893],[120.26523,23.486598],[120.263597,23.485875],[120.25989,23.484388],[120.25819,23.483413],[120.258044,23.483],[120.257597,23.482182],[120.256268,23.480318],[120.25563,23.479564],[120.254899,23.479063],[120.254517,23.478889],[120.254087,23.478774],[120.25175,23.478424],[120.25123,23.478366],[120.246879,23.478174],[120.243759,23.477648],[120.242322,23.477266],[120.239611,23.476415],[120.237837,23.475523],[120.236495,23.475052],[120.235933,23.474938],[120.235469,23.474922],[120.233048,23.475254],[120.232082,23.475293],[120.231073,23.475268],[120.229205,23.475083],[120.228146,23.475078],[120.227655,23.475141],[120.227194,23.475295],[120.226574,23.475697],[120.226024,23.476433],[120.225739,23.477284],[120.225642,23.478377],[120.225686,23.478779],[120.225858,23.479289],[120.226935,23.481083],[120.227145,23.481573],[120.227859,23.483814],[120.22789,23.484211],[120.227853,23.484645],[120.227686,23.485074],[120.227478,23.485414],[120.226849,23.48611],[120.225715,23.487108],[120.224897,23.487621],[120.224095,23.487925],[120.223307,23.488056],[120.222452,23.488117],[120.222085,23.488201],[120.2214,23.488492],[120.220253,23.489072],[120.21978,23.489251],[120.219196,23.489375],[120.218806,23.489364],[120.218441,23.489291],[120.217597,23.488946],[120.216753,23.488474],[120.216,23.488195],[120.215617,23.488104],[120.214199,23.487953],[120.2134,23.487935],[120.212307,23.488028],[120.211828,23.488131],[120.210016,23.488709],[120.208828,23.488958],[120.208413,23.488917],[120.207578,23.488728],[120.207116,23.488493],[120.205596,23.48744],[120.205539,23.487054],[120.204472,23.486012],[120.204189,23.485779],[120.203758,23.485529],[120.201977,23.484919],[120.200727,23.484583],[120.199723,23.484396],[120.199303,23.484258],[120.198316,23.483675],[120.197492,23.48245],[120.19728,23.48199],[120.196305,23.480478],[120.195114,23.478424],[120.194668,23.477799],[120.19367,23.476212],[120.192858,23.475092],[120.191434,23.472724],[120.191108,23.471929],[120.190594,23.470342],[120.19042,23.469361],[120.190247,23.46781],[120.189978,23.466478],[120.189891,23.465559],[120.189833,23.465221],[120.189671,23.464731],[120.189432,23.464446],[120.188454,23.46372],[120.187491,23.462729],[120.187133,23.462549],[120.186582,23.462474],[120.186054,23.462468],[120.185546,23.462359],[120.183749,23.461619],[120.182854,23.461172],[120.180815,23.45989],[120.180469,23.459766],[120.179237,23.459499],[120.177376,23.459319],[120.176614,23.459202],[120.176188,23.459059],[120.175867,23.45889],[120.175486,23.45857],[120.175243,23.458166],[120.175123,23.457816],[120.175057,23.456599],[120.174885,23.455491],[120.17434,23.453931],[120.172856,23.450958],[120.1724,23.450184],[120.171923,23.449611],[120.17153,23.449274],[120.171216,23.449076],[120.170827,23.448877],[120.169912,23.448615],[120.167662,23.448326],[120.167078,23.448326],[120.165052,23.448466],[120.164611,23.448522],[120.163869,23.448795],[120.163198,23.449294],[120.162853,23.449633],[120.16263,23.450055],[120.162453,23.450845],[120.162406,23.451601],[120.162525,23.451992],[120.162713,23.452384],[120.162939,23.452655],[120.163678,23.453152],[120.164518,23.453493],[120.165424,23.454],[120.165593,23.454341],[120.165657,23.454736],[120.165602,23.455179],[120.165084,23.456296],[120.164789,23.456506],[120.163875,23.456684],[120.161385,23.456206],[120.16059,23.456179],[120.159775,23.45633],[120.159026,23.4567],[120.158249,23.457256],[120.157897,23.457552],[120.156863,23.45885],[120.15643,23.459166],[120.156068,23.459329],[120.155682,23.45941],[120.155291,23.459424],[120.153531,23.459135],[120.153154,23.459022],[120.152098,23.458552],[120.151134,23.458232],[120.148651,23.457661],[120.148188,23.457402],[120.146541,23.456641],[120.147117,23.455614],[120.147327,23.454828],[120.147691,23.454566],[120.148094,23.45439],[120.148578,23.454349],[120.149152,23.454489],[120.150443,23.455395],[120.151292,23.45586],[120.152197,23.456146],[120.152685,23.456394],[120.154102,23.456862],[120.154688,23.456977],[120.155123,23.4569],[120.155075,23.456473],[120.154935,23.456153],[120.15387,23.454758],[120.153178,23.453449],[120.152537,23.45281],[120.151955,23.451912],[120.151802,23.451555],[120.151742,23.451198],[120.151759,23.450433],[120.151595,23.449623],[120.151621,23.449117],[120.15171,23.448736],[120.151994,23.448503],[120.152434,23.448316],[120.152858,23.448478],[120.15329,23.448722],[120.153776,23.448736],[120.154116,23.448578],[120.154524,23.448311],[120.15472,23.448015],[120.154573,23.44767],[120.154045,23.447135],[120.153577,23.446275],[120.152716,23.445481],[120.151839,23.444302],[120.151245,23.443408],[120.14972,23.441503],[120.14946,23.441115],[120.148858,23.440002],[120.148182,23.439005],[120.148116,23.438625],[120.147857,23.438316],[120.147348,23.438429],[120.146887,23.438323],[120.146705,23.437623],[120.146665,23.437162],[120.146928,23.436718],[120.147161,23.43644],[120.147125,23.435955],[120.147002,23.435537],[120.146318,23.434361],[120.145826,23.433088],[120.145615,23.431966],[120.145485,23.430264],[120.145505,23.429217],[120.145568,23.428691],[120.145914,23.428309],[120.146776,23.428079],[120.14777,23.427955],[120.148701,23.427765],[120.149519,23.427524],[120.149428,23.427115],[120.148991,23.426354],[120.148912,23.425923],[120.149225,23.425603],[120.149678,23.425474],[120.150176,23.425521],[120.151107,23.425894],[120.151378,23.426208],[120.153591,23.427889],[120.153898,23.428099],[120.154267,23.428257],[120.154716,23.428348],[120.156551,23.428431],[120.158918,23.428845],[120.161127,23.428902],[120.164446,23.429252],[120.165915,23.429319],[120.166418,23.429292],[120.166613,23.428922],[120.166263,23.428638],[120.165353,23.428491],[120.163716,23.428383],[120.16245,23.428091],[120.161491,23.427949],[120.160003,23.427848],[120.158558,23.427674],[120.158184,23.427567],[120.157387,23.42744],[120.15657,23.42721],[120.155601,23.426763],[120.154706,23.426239],[120.15337,23.425197],[120.152773,23.42465],[120.152077,23.424108],[120.151531,23.423553],[120.152274,23.42323],[120.152852,23.423174],[120.154881,23.423226],[120.157123,23.423066],[120.158495,23.423135],[120.159837,23.423521],[120.160359,23.423435],[120.161041,23.423035],[120.16197,23.422735],[120.16246,23.422712],[120.163525,23.422913],[120.164536,23.422999],[120.164965,23.422945],[120.165843,23.422674],[120.166214,23.422311],[120.166373,23.421981],[120.16644,23.42159],[120.16637,23.421234],[120.165807,23.420139],[120.165914,23.419584],[120.166436,23.419033],[120.166355,23.418579],[120.165482,23.417882],[120.165426,23.417394],[120.165711,23.41695],[120.166455,23.416527],[120.167684,23.416031],[120.168163,23.415923],[120.169486,23.415858],[120.17046,23.415878],[120.171721,23.416345],[120.173047,23.417002],[120.173436,23.417103],[120.174826,23.417101],[120.175349,23.417015],[120.176333,23.416733],[120.176774,23.416659],[120.177656,23.416638],[120.178715,23.416839],[120.179767,23.417133],[120.18031,23.417372],[120.180722,23.417641],[120.181047,23.417925],[120.181572,23.418654],[120.181741,23.419067],[120.181871,23.419573],[120.181955,23.42079],[120.181665,23.421178],[120.181284,23.421356],[120.180443,23.421582],[120.17986,23.421616],[120.178939,23.421796],[120.178478,23.421923],[120.178015,23.422191],[120.17799,23.422697],[120.178203,23.423049],[120.178323,23.423372],[120.17807,23.423776],[120.176187,23.424415],[120.175838,23.424559],[120.175518,23.424762],[120.17534,23.42511],[120.175386,23.42546],[120.175555,23.425789],[120.176648,23.426713],[120.177051,23.426796],[120.177429,23.426807],[120.177809,23.426742],[120.178256,23.426798],[120.179432,23.426503],[120.180729,23.426505],[120.182227,23.426309],[120.182761,23.426313],[120.183715,23.42648],[120.184255,23.426433],[120.184717,23.426243],[120.185901,23.425345],[120.186312,23.425223],[120.186901,23.42527],[120.187396,23.42539],[120.188937,23.425859],[120.192579,23.426425],[120.193566,23.42643],[120.194467,23.426297],[120.194935,23.426107],[120.19523,23.425893],[120.195358,23.425572],[120.1955,23.425121],[120.195554,23.424773],[120.195514,23.423024],[120.195333,23.422087],[120.194996,23.421297],[120.194588,23.420674],[120.193994,23.419992],[120.194301,23.419164],[120.194375,23.418746],[120.194336,23.418389],[120.193834,23.417317],[120.193809,23.41687],[120.193937,23.416527],[120.194171,23.416227],[120.19511,23.415532],[120.195319,23.415241],[120.195391,23.414904],[120.195315,23.414541],[120.194333,23.413672],[120.194051,23.413358],[120.193884,23.412819],[120.193951,23.412464],[120.194178,23.412144],[120.194904,23.411706],[120.195722,23.411295],[120.196618,23.411087],[120.197339,23.41102],[120.197877,23.411203],[120.19871,23.411637],[120.199061,23.411869],[120.199968,23.412217],[120.201941,23.412783],[120.206261,23.413754],[120.206768,23.413907],[120.207224,23.414131],[120.207474,23.414589],[120.2075,23.415002],[120.20737,23.415415],[120.207142,23.415745],[120.206175,23.416659],[120.205541,23.417185],[120.204747,23.417645],[120.204115,23.418126],[120.203403,23.418961],[120.203408,23.419519],[120.203472,23.420006],[120.203592,23.42034],[120.204034,23.421246],[120.20456,23.421864],[120.204922,23.422212],[120.205567,23.422699],[120.206763,23.423401],[120.207987,23.423866],[120.208946,23.424065],[120.20938,23.424092],[120.210312,23.424],[120.21106,23.423808],[120.21151,23.423553],[120.212078,23.422763],[120.212245,23.4223],[120.212406,23.420347],[120.212632,23.419471],[120.212625,23.419025],[120.212533,23.41849],[120.211675,23.416573],[120.211542,23.415826],[120.211553,23.415458],[120.211638,23.415099],[120.211803,23.414785],[120.212086,23.414512],[120.212555,23.414219],[120.212929,23.41407],[120.214199,23.413785],[120.21605,23.413632],[120.217187,23.413587],[120.218137,23.413625],[120.220415,23.413528],[120.222641,23.413266],[120.224396,23.412825],[120.225167,23.412279],[120.226182,23.410988],[120.226637,23.410579],[120.227007,23.410286],[120.227714,23.409854],[120.228801,23.40931],[120.229422,23.408777],[120.229655,23.408477],[120.229896,23.408025],[120.230045,23.407558],[120.230087,23.407168],[120.230056,23.406676],[120.229955,23.406324],[120.229613,23.405919],[120.228563,23.405455],[120.227532,23.405093],[120.225772,23.404293],[120.224972,23.403815],[120.224677,23.40353],[120.224464,23.403223],[120.224346,23.402736],[120.224402,23.402232],[120.224586,23.401873],[120.225156,23.401241],[120.225463,23.400982],[120.225869,23.400751],[120.226804,23.400433],[120.228228,23.400252],[120.230208,23.400182],[120.231042,23.400035],[120.231877,23.399775],[120.23265,23.399446],[120.232988,23.399247],[120.233396,23.398879],[120.234078,23.397947],[120.23451,23.397583],[120.23486,23.39741],[120.235675,23.397224],[120.237376,23.397272],[120.237874,23.397123],[120.238294,23.396785],[120.23917,23.39571],[120.239477,23.395496],[120.240393,23.395162],[120.241264,23.394992],[120.242488,23.394904],[120.242892,23.395089],[120.244954,23.395421],[120.2474,23.395888],[120.251573,23.395848],[120.253045,23.39594],[120.253938,23.39608],[120.25492,23.396333],[120.255947,23.396703],[120.257497,23.397377],[120.258183,23.397736],[120.259691,23.399023],[120.259993,23.399231],[120.261272,23.399869],[120.262019,23.400386],[120.262779,23.400763],[120.263274,23.400899],[120.265859,23.401158],[120.266874,23.401439],[120.26828,23.401703],[120.268683,23.401721],[120.270055,23.40145],[120.271735,23.400787],[120.272237,23.400744],[120.272615,23.400769],[120.274765,23.401145],[120.275205,23.401143],[120.275714,23.40106],[120.276255,23.40095],[120.278872,23.400114],[120.281507,23.399376],[120.282501,23.399177],[120.283401,23.399073],[120.284343,23.399062],[120.28482,23.399112],[120.285544,23.399329],[120.286045,23.399597],[120.28706,23.399924],[120.287506,23.40003],[120.288057,23.400091],[120.288578,23.400078],[120.290145,23.399619],[120.290996,23.399315],[120.292606,23.398886],[120.293482,23.398599],[120.294938,23.39803],[120.295685,23.397684],[120.296787,23.397009],[120.297529,23.396476],[120.298833,23.395357],[120.301759,23.393812],[120.303703,23.392237],[120.303947,23.391964],[120.304204,23.391571],[120.304521,23.390645],[120.304656,23.389934],[120.30509,23.390052],[120.305528,23.390346],[120.306325,23.390712],[120.307272,23.391039],[120.307749,23.391152],[120.308182,23.39119],[120.308679,23.391136],[120.309916,23.390788],[120.311101,23.390581],[120.312875,23.390599],[120.314288,23.390779],[120.315141,23.391054],[120.316787,23.392508],[120.317396,23.393206],[120.318565,23.394962],[120.319517,23.396213],[120.319725,23.396696],[120.319949,23.397409],[120.320194,23.398734],[120.32052,23.399958],[120.321459,23.401339],[120.321693,23.401617],[120.322407,23.402299],[120.322775,23.402529],[120.323641,23.402926],[120.325249,23.403506],[120.326946,23.403881],[120.329338,23.404224],[120.332085,23.404208],[120.333524,23.404264],[120.334404,23.404368],[120.335809,23.40478],[120.337826,23.405493],[120.340991,23.406157],[120.3419,23.40648],[120.343275,23.406816],[120.344401,23.407247],[120.344833,23.407483],[120.345778,23.408131],[120.346086,23.408424],[120.346584,23.409043],[120.347245,23.410192],[120.348079,23.412251],[120.348334,23.413124],[120.348614,23.41379],[120.349129,23.414707],[120.34951,23.41516],[120.35012,23.415704],[120.350979,23.41621],[120.351771,23.416542],[120.354042,23.417303],[120.354889,23.417716],[120.355166,23.418023],[120.35539,23.418779],[120.355596,23.420244],[120.355606,23.420594],[120.355696,23.42103],[120.356035,23.422167],[120.356197,23.422908],[120.35634,23.424558],[120.356495,23.425477],[120.356622,23.426001],[120.356932,23.426811],[120.358088,23.429071],[120.359466,23.4324],[120.360018,23.433321],[120.360614,23.434168],[120.361025,23.434886],[120.362032,23.437186],[120.362754,23.438613],[120.363379,23.439656],[120.365014,23.441863],[120.365265,23.442324],[120.365751,23.443759],[120.366375,23.444978],[120.366984,23.445728],[120.36773,23.446376],[120.36807,23.446602],[120.368447,23.446787],[120.36901,23.44697],[120.369382,23.447046],[120.369946,23.447078],[120.37418,23.446736],[120.375236,23.446508],[120.375815,23.44633],[120.376917,23.445723],[120.377795,23.445327],[120.378292,23.445194],[120.37877,23.44514],[120.380178,23.44516],[120.381759,23.445328],[120.383127,23.445357],[120.38423,23.445157],[120.384912,23.444852],[120.385312,23.444737],[120.385779,23.444687],[120.38617,23.444694],[120.388884,23.445037],[120.389508,23.445238],[120.389827,23.44545],[120.390076,23.445737],[120.390132,23.446082],[120.390125,23.44645],[120.390205,23.44682],[120.390415,23.447261],[120.390836,23.447624],[120.392237,23.447906],[120.39326,23.448037],[120.394414,23.448118],[120.397972,23.448177],[120.399552,23.448112],[120.40142,23.448211],[120.40241,23.448383],[120.402954,23.448532],[120.403435,23.448773],[120.403975,23.449132],[120.404353,23.449499],[120.404865,23.45036],[120.405112,23.451129],[120.405678,23.453432],[120.405839,23.454757],[120.406009,23.45564],[120.406211,23.456136],[120.406428,23.456491],[120.406843,23.457069],[120.407148,23.457373],[120.40758,23.457547],[120.408562,23.457504],[120.409835,23.457182],[120.410421,23.457098],[120.410954,23.45717],[120.411887,23.457457],[120.412487,23.457588],[120.413312,23.457679],[120.413842,23.457578],[120.414236,23.45744],[120.416258,23.456083],[120.416695,23.455957],[120.419167,23.455648],[120.419705,23.455427],[120.420139,23.455169],[120.420525,23.454797],[120.421091,23.454077],[120.421686,23.453458],[120.422813,23.45272],[120.423092,23.45242],[120.423382,23.451822],[120.423588,23.451113],[120.423614,23.450734],[120.423298,23.448711],[120.423455,23.448282],[120.423862,23.447855],[120.424225,23.447729],[120.424672,23.44772],[120.425495,23.447889],[120.427138,23.448641],[120.428181,23.449343],[120.428994,23.450052],[120.42971,23.450973],[120.430086,23.451795],[120.430364,23.452553],[120.430814,23.453395],[120.431279,23.454115],[120.431673,23.454973],[120.431965,23.456323],[120.431857,23.458702],[120.43174,23.459298],[120.431537,23.459876],[120.430792,23.461513],[120.430249,23.463303],[120.430159,23.463843],[120.430175,23.464296],[120.430279,23.464707],[120.430427,23.465089],[120.430687,23.465506],[120.431237,23.466213],[120.431961,23.466696],[120.43253,23.466897],[120.435648,23.466919],[120.436176,23.466935],[120.437081,23.467052],[120.437964,23.467027],[120.439507,23.466881],[120.442022,23.466271],[120.444262,23.465855],[120.444729,23.465794],[120.44563,23.465774],[120.446603,23.465889],[120.448246,23.46641],[120.449254,23.466634],[120.451979,23.466835],[120.453763,23.466783],[120.454632,23.466804],[120.456349,23.466993],[120.457414,23.467212],[120.459949,23.468233],[120.460437,23.468379],[120.462529,23.468822],[120.464507,23.469389],[120.465586,23.469815],[120.467574,23.470809],[120.468298,23.471285],[120.469435,23.472299],[120.470269,23.473204],[120.471689,23.475077],[120.472292,23.475784],[120.473269,23.476727],[120.473606,23.476962],[120.474535,23.477477],[120.47528,23.477806],[120.477792,23.479084],[120.478735,23.479502],[120.479263,23.479477],[120.479494,23.479786],[120.481484,23.480345],[120.481949,23.480411],[120.482943,23.480444],[120.483523,23.480327],[120.483892,23.480162],[120.484279,23.48007],[120.484789,23.480061],[120.485652,23.480122],[120.487658,23.480465],[120.490574,23.480704],[120.492777,23.481204],[120.494646,23.481269],[120.496936,23.481106],[120.497959,23.480858],[120.498454,23.480648],[120.499202,23.480179],[120.499759,23.479991],[120.501093,23.479804],[120.504431,23.47872],[120.504923,23.478671],[120.505416,23.478513],[120.506309,23.477946],[120.507073,23.477305],[120.507921,23.476463],[120.508223,23.475761],[120.508855,23.475122],[120.509268,23.474858],[120.510082,23.474797],[120.510334,23.475079],[120.511024,23.477079],[120.511312,23.477467],[120.511645,23.477614],[120.512166,23.477652],[120.512801,23.477503],[120.513591,23.477404],[120.514653,23.47742],[120.515156,23.477356],[120.516047,23.477146],[120.516929,23.477076],[120.518078,23.477025],[120.521834,23.477195],[120.52225,23.477161],[120.52314,23.476944],[120.525373,23.476102],[120.526709,23.475461],[120.527233,23.475267],[120.528205,23.475001],[120.528673,23.474793],[120.529074,23.47447],[120.529691,23.473651],[120.530055,23.47338],[120.530907,23.473274],[120.532,23.47324],[120.533759,23.472455],[120.534103,23.472206],[120.5348,23.471491],[120.535208,23.471145],[120.536577,23.47022],[120.536985,23.469874],[120.53723,23.469572],[120.537397,23.469116],[120.537495,23.468628],[120.537692,23.468206],[120.537925,23.467899],[120.538881,23.467387],[120.539295,23.467001],[120.540212,23.465497],[120.540641,23.464876],[120.54098,23.464531],[120.541637,23.464095],[120.542484,23.463829],[120.544431,23.463476],[120.546057,23.462937],[120.547649,23.462707],[120.548216,23.462555],[120.548976,23.462282],[120.549875,23.461868],[120.550242,23.461796],[120.550639,23.461807],[120.551191,23.461923],[120.552434,23.462291],[120.55324,23.462424],[120.55541,23.46264],[120.556844,23.462656],[120.558937,23.462528],[120.561605,23.462668],[120.563059,23.462614],[120.56466,23.46263],[120.56635,23.462488],[120.569517,23.461899],[120.570003,23.461725],[120.570365,23.461499],[120.571142,23.460876],[120.57145,23.460531],[120.572055,23.459723],[120.572833,23.458481],[120.573939,23.456508],[120.574474,23.455887],[120.574837,23.45561],[120.575936,23.455084],[120.578233,23.45454],[120.579206,23.454156],[120.581594,23.452799],[120.583233,23.451742],[120.584813,23.450923],[120.586937,23.449711],[120.588733,23.448984],[120.590189,23.44859],[120.592323,23.447813],[120.593904,23.447423],[120.594901,23.447082],[120.595375,23.446881],[120.596081,23.446482],[120.597201,23.445689],[120.597726,23.445403],[120.598661,23.445039],[120.599539,23.444828],[120.599924,23.44478],[120.600451,23.444803],[120.601175,23.445062],[120.603008,23.446078],[120.603685,23.446629],[120.604149,23.447293],[120.604469,23.447607],[120.604938,23.447869],[120.605457,23.448065],[120.607256,23.448639],[120.607783,23.448724],[120.608293,23.448639],[120.608839,23.448318],[120.609546,23.44832],[120.609185,23.44886],[120.608425,23.449591],[120.608148,23.449932],[120.608098,23.450499],[120.608116,23.451113],[120.607957,23.451937],[120.607754,23.452336],[120.607012,23.453131],[120.606871,23.453567],[120.607027,23.45503],[120.607176,23.455605],[120.607438,23.456066],[120.60752,23.456501],[120.607025,23.457815],[120.607114,23.458734],[120.607052,23.459199],[120.606812,23.459603],[120.605553,23.460617],[120.605541,23.461093],[120.605737,23.461387],[120.606443,23.462075],[120.606847,23.462585],[120.60726,23.463473],[120.608103,23.464719],[120.60841,23.465096],[120.608953,23.465405],[120.609417,23.465572],[120.609812,23.465805],[120.610044,23.46622],[120.610131,23.466656],[120.610526,23.467469],[120.610772,23.468304],[120.610837,23.468658],[120.610759,23.469582],[120.610776,23.470266]]]}},{"type":"Feature","properties":{"name":"北港溪","basin_no":"1540","source":"WRA 河川流域範圍圖"},"geometry":{"type":"Polygon","coordinates":[[[120.605533,23.566209],[120.605839,23.566418],[120.606921,23.566667],[120.607983,23.567075],[120.608965,23.567649],[120.610035,23.567915],[120.610621,23.568175],[120.611212,23.568624],[120.611911,23.569362],[120.613089,23.570776],[120.613448,23.571089],[120.613777,23.571469],[120.614024,23.571938],[120.614482,23.572162],[120.615042,23.572577],[120.615383,23.572986],[120.616786,23.573634],[120.617213,23.573936],[120.617419,23.574293],[120.617093,23.575121],[120.616921,23.57688],[120.617108,23.578124],[120.617067,23.578767],[120.617126,23.579174],[120.617356,23.579587],[120.617654,23.579837],[120.618563,23.580388],[120.618762,23.580851],[120.619205,23.582237],[120.619245,23.582718],[120.619155,23.583298],[120.619212,23.583797],[120.619915,23.584449],[120.620303,23.584925],[120.620705,23.585233],[120.621027,23.58558],[120.621319,23.585921],[120.621542,23.586368],[120.622143,23.587088],[120.622656,23.587323],[120.623108,23.587445],[120.623405,23.587786],[120.623438,23.588298],[120.62357,23.588752],[120.623545,23.589637],[120.62386,23.590098],[120.624888,23.591046],[120.625212,23.591935],[120.625294,23.592364],[120.625303,23.592849],[120.625219,23.593319],[120.625197,23.593809],[120.62542,23.594285],[120.626197,23.595256],[120.62666,23.596358],[120.62686,23.596676],[120.627095,23.59722],[120.627118,23.598139],[120.627318,23.598525],[120.628577,23.599675],[120.62914,23.600265],[120.629591,23.600912],[120.629777,23.601341],[120.629823,23.601732],[120.629764,23.602188],[120.629385,23.602976],[120.629308,23.603416],[120.629171,23.603793],[120.62861,23.60506],[120.628607,23.605489],[120.628733,23.605861],[120.628962,23.606288],[120.629588,23.607015],[120.629854,23.60741],[120.629986,23.607852],[120.630022,23.60871],[120.630252,23.609146],[120.630346,23.609597],[120.630361,23.610078],[120.630561,23.610435],[120.631101,23.611026],[120.631226,23.611478],[120.631234,23.611975],[120.631348,23.612388],[120.631338,23.612911],[120.631475,23.613365],[120.631947,23.614135],[120.632245,23.614442],[120.632572,23.61497],[120.633099,23.614862],[120.63365,23.615182],[120.634197,23.615365],[120.635147,23.615526],[120.635481,23.615724],[120.635626,23.617264],[120.635855,23.617591],[120.635967,23.618041],[120.635876,23.618535],[120.635455,23.619397],[120.635451,23.61984],[120.635653,23.62023],[120.635965,23.620583],[120.635757,23.62093],[120.635317,23.620948],[120.634632,23.621628],[120.634239,23.622368],[120.633601,23.623289],[120.633133,23.624671],[120.632516,23.62722],[120.630166,23.628437],[120.629159,23.630667],[120.630369,23.632974],[120.629928,23.637291],[120.633102,23.640575],[120.634807,23.642781],[120.634911,23.643129],[120.635095,23.643497],[120.635183,23.643964],[120.634914,23.645416],[120.634904,23.64589],[120.635003,23.646267],[120.635248,23.646605],[120.635566,23.646894],[120.635799,23.647262],[120.635909,23.647806],[120.636678,23.648466],[120.636235,23.648721],[120.635902,23.64898],[120.635173,23.650066],[120.63514,23.651003],[120.634922,23.651836],[120.635164,23.652373],[120.635433,23.652644],[120.635703,23.653057],[120.636105,23.65392],[120.636782,23.655128],[120.636652,23.656121],[120.636867,23.656496],[120.637438,23.657253],[120.637678,23.657673],[120.637888,23.658436],[120.638055,23.658858],[120.638238,23.659162],[120.63865,23.659603],[120.639029,23.659878],[120.639231,23.660178],[120.639318,23.660641],[120.63951,23.661099],[120.639768,23.661456],[120.639903,23.66182],[120.640392,23.662765],[120.640574,23.66407],[120.640793,23.66503],[120.64101,23.665484],[120.641288,23.665815],[120.642606,23.666242],[120.643008,23.666434],[120.64409,23.667326],[120.644337,23.667761],[120.644474,23.66856],[120.644452,23.669378],[120.644766,23.670168],[120.644897,23.67066],[120.644917,23.671082],[120.645077,23.67143],[120.64542,23.671757],[120.645749,23.671971],[120.646461,23.672373],[120.647164,23.672696],[120.647136,23.674161],[120.64629,23.675188],[120.646278,23.675577],[120.646561,23.676294],[120.646515,23.676829],[120.646376,23.677288],[120.64655,23.677782],[120.6468,23.678048],[120.647006,23.678547],[120.647032,23.678981],[120.647166,23.679333],[120.647847,23.680349],[120.648074,23.681055],[120.648192,23.681855],[120.648196,23.683094],[120.648005,23.683424],[120.647322,23.683959],[120.646921,23.684184],[120.646595,23.684448],[120.646345,23.684902],[120.64637,23.685297],[120.64659,23.685586],[120.646937,23.685778],[120.647255,23.686083],[120.647226,23.686507],[120.646987,23.686882],[120.646574,23.687092],[120.646177,23.687198],[120.64582,23.68748],[120.645711,23.687916],[120.64575,23.688756],[120.6459,23.68957],[120.645815,23.690327],[120.646059,23.690593],[120.646035,23.690972],[120.646208,23.691381],[120.646503,23.691758],[120.646602,23.692169],[120.64642,23.692966],[120.64623,23.693325],[120.646006,23.694505],[120.645632,23.695598],[120.645361,23.696593],[120.645184,23.696975],[120.644704,23.697591],[120.644484,23.697966],[120.644355,23.698323],[120.643866,23.699119],[120.643593,23.699659],[120.643737,23.700147],[120.644055,23.700429],[120.644571,23.701488],[120.645175,23.702014],[120.645371,23.702359],[120.645482,23.703086],[120.645379,23.703481],[120.645053,23.70379],[120.643895,23.704585],[120.642746,23.705503],[120.642327,23.705743],[120.641792,23.705711],[120.641293,23.705914],[120.641059,23.706201],[120.640875,23.706564],[120.640673,23.707282],[120.640309,23.708235],[120.640063,23.708537],[120.639891,23.708873],[120.639971,23.70921],[120.640263,23.709436],[120.64038,23.709813],[120.640191,23.710203],[120.63955,23.710743],[120.639404,23.711178],[120.639496,23.71151],[120.6397,23.71193],[120.640368,23.712612],[120.640619,23.712948],[120.6407,23.713334],[120.640786,23.713835],[120.640043,23.714235],[120.639741,23.714634],[120.639852,23.715009],[120.640259,23.715833],[120.640347,23.716309],[120.640358,23.717273],[120.640668,23.71812],[120.640755,23.718558],[120.640802,23.719115],[120.64068,23.71951],[120.640836,23.720039],[120.640996,23.72038],[120.641076,23.720757],[120.641096,23.721551],[120.641344,23.722371],[120.641399,23.72273],[120.641008,23.723524],[120.640959,23.723881],[120.641241,23.724231],[120.641303,23.724596],[120.64091,23.724901],[120.640483,23.725048],[120.640162,23.725296],[120.639885,23.725617],[120.63967,23.725935],[120.639173,23.727666],[120.639228,23.728032],[120.639955,23.729926],[120.640318,23.730504],[120.640071,23.730955],[120.639693,23.731095],[120.638829,23.731161],[120.638319,23.731815],[120.636832,23.73235],[120.635641,23.73269],[120.635295,23.732914],[120.634884,23.733625],[120.634438,23.734054],[120.633919,23.733853],[120.633085,23.733668],[120.631259,23.731677],[120.628847,23.730417],[120.627185,23.732465],[120.624288,23.732219],[120.62183,23.731063],[120.618985,23.731081],[120.61635,23.731914],[120.614137,23.733641],[120.612665,23.735864],[120.609854,23.735912],[120.606981,23.735864],[120.604238,23.736394],[120.600128,23.73846],[120.596456,23.739303],[120.591647,23.739305],[120.587186,23.739791],[120.580655,23.740726],[120.57791,23.741421],[120.575169,23.740699],[120.573212,23.742502],[120.570468,23.742861],[120.567329,23.742836],[120.56458,23.742113],[120.562227,23.740669],[120.556734,23.740279],[120.553986,23.739557],[120.552021,23.737751],[120.551657,23.735224],[120.54812,23.734834],[120.545372,23.734473],[120.542626,23.734834],[120.539489,23.734834],[120.536747,23.735166],[120.532048,23.735164],[120.529303,23.735527],[120.526163,23.736217],[120.523413,23.735856],[120.521448,23.73405],[120.517912,23.733658],[120.513986,23.734382],[120.513745,23.739353],[120.50824,23.738464],[120.504337,23.735697],[120.498487,23.731958],[120.494465,23.730513],[120.491618,23.730353],[120.488266,23.727008],[120.486398,23.724281],[120.482821,23.720181],[120.480745,23.718477],[120.478353,23.716758],[120.474307,23.716227],[120.469804,23.714553],[120.466049,23.714638],[120.457575,23.713599],[120.453702,23.711246],[120.450898,23.71143],[120.445954,23.710181],[120.443022,23.709707],[120.440294,23.709179],[120.437552,23.708452],[120.434789,23.707447],[120.429794,23.704989],[120.427689,23.703131],[120.425801,23.701178],[120.424237,23.698932],[120.42275,23.69656],[120.421041,23.694374],[120.417519,23.690013],[120.415389,23.688117],[120.413129,23.686322],[120.408819,23.683068],[120.406812,23.681324],[120.404547,23.679607],[120.397817,23.67479],[120.395285,23.67333],[120.393115,23.671783],[120.390868,23.670014],[120.388504,23.668398],[120.385928,23.667292],[120.383143,23.666765],[120.37855,23.66557],[120.370424,23.662814],[120.367717,23.661838],[120.365166,23.660837],[120.362514,23.659759],[120.36003,23.658672],[120.35793,23.657039],[120.355953,23.655289],[120.351969,23.651524],[120.350089,23.649636],[120.346512,23.645509],[120.345094,23.64331],[120.343749,23.640991],[120.342782,23.638504],[120.341699,23.636152],[120.340247,23.630986],[120.339678,23.628485],[120.339351,23.625827],[120.339283,23.623265],[120.338598,23.619967],[120.338234,23.617337],[120.337756,23.614818],[120.33708,23.61228],[120.336204,23.609874],[120.334886,23.607651],[120.333204,23.60557],[120.331423,23.603473],[120.329809,23.601394],[120.327675,23.599672],[120.325188,23.598432],[120.322532,23.597292],[120.315023,23.593448],[120.312493,23.592136],[120.310034,23.59053],[120.307791,23.588776],[120.305686,23.586939],[120.301948,23.582964],[120.300023,23.581111],[120.297809,23.579479],[120.295543,23.578057],[120.291342,23.574641],[120.286511,23.573188],[120.281054,23.571289],[120.27792,23.571289],[120.275569,23.569844],[120.27361,23.567992],[120.266112,23.560556],[120.267768,23.5575],[120.267038,23.554254],[120.265083,23.552406],[120.259214,23.550609],[120.256965,23.547607],[120.25391,23.547634],[120.25118,23.547131],[120.247649,23.546745],[120.244872,23.54613],[120.242029,23.544374],[120.240852,23.541844],[120.239282,23.539672],[120.238549,23.537142],[120.238158,23.534616],[120.238553,23.532092],[120.238818,23.528614],[120.237368,23.525862],[120.234297,23.525182],[120.231962,23.527721],[120.226061,23.528009],[120.223708,23.52656],[120.220964,23.525113],[120.216653,23.525833],[120.213911,23.525422],[120.21117,23.5247],[120.207647,23.522535],[120.206866,23.520009],[120.204965,23.518158],[120.196751,23.51776],[120.195969,23.515234],[120.186168,23.515169],[120.184209,23.516975],[120.183761,23.5195],[120.181804,23.521308],[120.174762,23.521266],[120.171186,23.523659],[120.169617,23.528855],[120.167659,23.530661],[120.163508,23.528245],[120.156003,23.528603],[120.153112,23.528793],[120.149189,23.531463],[120.148855,23.530937],[120.148445,23.530678],[120.147805,23.529933],[120.147029,23.529606],[120.146096,23.529317],[120.145661,23.529265],[120.144666,23.529251],[120.143621,23.529323],[120.142053,23.529649],[120.141574,23.529791],[120.14117,23.529843],[120.14076,23.529561],[120.140605,23.529229],[120.139768,23.528089],[120.139034,23.52687],[120.13821,23.525109],[120.137771,23.524283],[120.137616,23.523886],[120.137592,23.523398],[120.137725,23.522502],[120.137577,23.52161],[120.137391,23.521278],[120.137124,23.520938],[120.13574,23.519599],[120.135306,23.51938],[120.134287,23.519091],[120.133323,23.519137],[120.13289,23.519101],[120.13246,23.519329],[120.132312,23.519794],[120.131924,23.520069],[120.131542,23.520153],[120.130795,23.520295],[120.129023,23.520525],[120.127643,23.52047],[120.126126,23.520685],[120.125616,23.520685],[120.124203,23.520635],[120.123774,23.520583],[120.122964,23.520391],[120.121869,23.519992],[120.120772,23.519317],[120.120342,23.518985],[120.119797,23.518382],[120.119579,23.518073],[120.119354,23.517572],[120.118935,23.516367],[120.118621,23.514918],[120.118532,23.514092],[120.118664,23.511717],[120.118761,23.510419],[120.118931,23.509489],[120.118762,23.508621],[120.118916,23.508222],[120.119094,23.506834],[120.119131,23.505949],[120.121659,23.506164],[120.130309,23.505455],[120.133581,23.507624],[120.140394,23.506272],[120.145427,23.505793],[120.153361,23.505353],[120.158919,23.504925],[120.161818,23.505018],[120.164742,23.502061],[120.173378,23.500551],[120.176129,23.500127],[120.178898,23.499768],[120.181915,23.499268],[120.182728,23.502589],[120.190984,23.50069],[120.195478,23.500198],[120.200498,23.499998],[120.206051,23.500239],[120.210287,23.50054],[120.215421,23.503416],[120.223621,23.505264],[120.227741,23.504232],[120.230478,23.504588],[120.233216,23.505306],[120.235956,23.50422],[120.246925,23.50432],[120.249669,23.504686],[120.25124,23.507219],[120.251634,23.509749],[120.244674,23.509907],[120.248446,23.512634],[120.24805,23.515158],[120.249615,23.517323],[120.252356,23.517684],[120.25152,23.521291],[120.249954,23.52346],[120.251911,23.525264],[120.254651,23.528151],[120.257341,23.52856],[120.25969,23.530002],[120.262823,23.530002],[120.265565,23.529687],[120.27109,23.529155],[120.273794,23.52969],[120.278501,23.532634],[120.281246,23.533361],[120.286734,23.533411],[120.289476,23.53305],[120.291826,23.534494],[120.293393,23.536661],[120.291776,23.538826],[120.287462,23.543156],[120.29216,23.546041],[120.293676,23.548206],[120.293673,23.551091],[120.293279,23.553617],[120.294012,23.557587],[120.291269,23.55903],[120.292836,23.561197],[120.295578,23.562325],[120.297929,23.56088],[120.302238,23.559797],[120.305372,23.559841],[120.308114,23.560922],[120.316427,23.560912],[120.320798,23.562427],[120.323474,23.563549],[120.32699,23.563743],[120.33697,23.560329],[120.33948,23.561801],[120.342222,23.56144],[120.342614,23.558912],[120.345433,23.557958],[120.350842,23.558953],[120.353193,23.560398],[120.355935,23.559356],[120.361191,23.559916],[120.361402,23.556444],[120.363407,23.55468],[120.366938,23.552157],[120.37125,23.552522],[120.373206,23.554366],[120.376342,23.552921],[120.374779,23.550763],[120.372824,23.548919],[120.37326,23.546433],[120.37913,23.546788],[120.380651,23.548948],[120.383781,23.548624],[120.386913,23.548619],[120.389654,23.547895],[120.392396,23.547534],[120.39553,23.54757],[120.397488,23.549376],[120.40023,23.550459],[120.402973,23.550136],[120.404148,23.547608],[120.408458,23.547971],[120.411201,23.54761],[120.41281,23.545481],[120.415553,23.54476],[120.415946,23.542234],[120.418778,23.540036],[120.421279,23.538616],[120.425401,23.535065],[120.427747,23.533623],[120.43792,23.535092],[120.440228,23.540149],[120.445711,23.540184],[120.449235,23.541988],[120.452369,23.541303],[120.454722,23.539858],[120.456719,23.538052],[120.462562,23.53845],[120.468055,23.539175],[120.470411,23.540622],[120.473156,23.54138],[120.483267,23.543228],[120.486075,23.543578],[120.488497,23.545041],[120.491965,23.545777],[120.494715,23.547075],[120.499051,23.550335],[120.501987,23.550367],[120.507597,23.550145],[120.508115,23.547186],[120.508598,23.547102],[120.509101,23.546913],[120.509532,23.546655],[120.509901,23.54636],[120.510391,23.545587],[120.510395,23.545095],[120.510276,23.544635],[120.510255,23.544217],[120.510418,23.543797],[120.510684,23.543449],[120.511551,23.543749],[120.511854,23.543395],[120.511938,23.542849],[120.512138,23.542336],[120.512348,23.542034],[120.512804,23.541686],[120.513271,23.541469],[120.513743,23.541456],[120.514059,23.541745],[120.514124,23.542783],[120.514433,23.543192],[120.514837,23.543325],[120.51534,23.543205],[120.516335,23.543544],[120.51838,23.544348],[120.518796,23.544406],[120.519067,23.544126],[120.519484,23.544038],[120.520387,23.544444],[120.520728,23.544676],[120.520878,23.545078],[120.521037,23.545965],[120.521475,23.546245],[120.521997,23.546089],[120.522622,23.545976],[120.52308,23.54611],[120.523543,23.546417],[120.52387,23.546866],[120.524264,23.547256],[120.524819,23.547491],[120.525303,23.547439],[120.525777,23.54708],[120.526386,23.546769],[120.526808,23.546748],[120.52724,23.547006],[120.527649,23.54785],[120.528038,23.548175],[120.528563,23.548399],[120.528978,23.54853],[120.52945,23.548444],[120.529788,23.548225],[120.530228,23.548372],[120.530593,23.548582],[120.531204,23.548677],[120.5317,23.548693],[120.532622,23.54893],[120.533577,23.548959],[120.53419,23.548855],[120.534733,23.548898],[120.535231,23.548738],[120.535685,23.548664],[120.536132,23.548711],[120.536647,23.548533],[120.537277,23.547878],[120.538311,23.547991],[120.538328,23.547528],[120.538576,23.547079],[120.538884,23.546781],[120.539272,23.546548],[120.539902,23.546575],[120.540433,23.546822],[120.541039,23.546932],[120.541506,23.546621],[120.541748,23.546282],[120.542123,23.546061],[120.542692,23.546002],[120.543206,23.546106],[120.544688,23.546878],[120.545736,23.546768],[120.546194,23.546917],[120.54701,23.547368],[120.547458,23.547276],[120.54824,23.546666],[120.548415,23.546248],[120.548611,23.545375],[120.548973,23.545165],[120.549443,23.545352],[120.549888,23.545695],[120.550378,23.545677],[120.550875,23.545494],[120.55142,23.545451],[120.551783,23.545144],[120.552348,23.544893],[120.552808,23.544801],[120.553303,23.544776],[120.554266,23.544516],[120.554659,23.544326],[120.554991,23.544053],[120.55527,23.543548],[120.555582,23.542787],[120.55583,23.542387],[120.556169,23.541972],[120.556642,23.541705],[120.557292,23.54159],[120.557917,23.541613],[120.558349,23.541913],[120.55851,23.542394],[120.559042,23.542484],[120.559484,23.542463],[120.56043,23.542763],[120.560853,23.542794],[120.561397,23.542934],[120.56195,23.543406],[120.562311,23.543526],[120.562808,23.54344],[120.563336,23.543262],[120.565483,23.543469],[120.565907,23.54337],[120.566724,23.542878],[120.56716,23.54274],[120.567736,23.5427],[120.568348,23.542749],[120.569445,23.542666],[120.569972,23.542544],[120.570409,23.542321],[120.570954,23.542264],[120.571381,23.542458],[120.572996,23.543445],[120.573728,23.543716],[120.574804,23.543892],[120.577156,23.544495],[120.577723,23.544747],[120.578607,23.545307],[120.579058,23.545494],[120.579517,23.545519],[120.580019,23.545449],[120.581114,23.545526],[120.581535,23.545634],[120.581901,23.545903],[120.582307,23.546341],[120.582734,23.546596],[120.58315,23.546657],[120.584117,23.546555],[120.584533,23.54661],[120.585033,23.546822],[120.58543,23.546914],[120.586868,23.546878],[120.587408,23.546763],[120.588201,23.546278],[120.589285,23.545302],[120.590054,23.544828],[120.591058,23.544721],[120.591578,23.544787],[120.592177,23.544954],[120.593196,23.54543],[120.594531,23.546166],[120.594846,23.546834],[120.595447,23.546466],[120.595936,23.545719],[120.596201,23.545394],[120.596955,23.545279],[120.597641,23.546017],[120.598061,23.546387],[120.59842,23.546604],[120.599467,23.547591],[120.60083,23.548307],[120.601881,23.548567],[120.602476,23.549278],[120.602792,23.549522],[120.603176,23.549734],[120.603622,23.549826],[120.604098,23.550032],[120.604919,23.550727],[120.605241,23.551106],[120.605725,23.55186],[120.606065,23.552156],[120.606519,23.552876],[120.606903,23.553156],[120.60723,23.553682],[120.607601,23.553887],[120.60793,23.554183],[120.60789,23.554623],[120.607638,23.555632],[120.608054,23.556447],[120.608005,23.556955],[120.608095,23.559001],[120.6083,23.559382],[120.608413,23.559845],[120.60836,23.560335],[120.608376,23.560771],[120.608654,23.561145],[120.608829,23.561592],[120.608837,23.562078],[120.608583,23.562448],[120.608195,23.562723],[120.607341,23.563138],[120.606935,23.563434],[120.606803,23.563849],[120.606776,23.564285],[120.606546,23.564701],[120.605782,23.565373],[120.605552,23.565762],[120.605533,23.566209]]]}},{"type":"Feature","properties":{"name":"八掌溪","basin_no":"1580","source":"WRA 河川流域範圍圖"},"geometry":{"type":"Polygon","coordinates":[[[120.509268,23.474858],[120.508855,23.475122],[120.508223,23.475761],[120.507921,23.476463],[120.507073,23.477305],[120.506309,23.477946],[120.505416,23.478513],[120.504923,23.478671],[120.504431,23.47872],[120.501093,23.479804],[120.499759,23.479991],[120.499202,23.480179],[120.498454,23.480648],[120.497959,23.480858],[120.496936,23.481106],[120.494646,23.481269],[120.492777,23.481204],[120.490574,23.480704],[120.487658,23.480465],[120.485652,23.480122],[120.484789,23.480061],[120.484279,23.48007],[120.483892,23.480162],[120.483523,23.480327],[120.482943,23.480444],[120.481949,23.480411],[120.481484,23.480345],[120.479494,23.479786],[120.479263,23.479477],[120.478735,23.479502],[120.477792,23.479084],[120.47528,23.477806],[120.474535,23.477477],[120.473606,23.476962],[120.473269,23.476727],[120.472292,23.475784],[120.471689,23.475077],[120.470269,23.473204],[120.469435,23.472299],[120.468298,23.471285],[120.467574,23.470809],[120.465586,23.469815],[120.464507,23.469389],[120.462529,23.468822],[120.460437,23.468379],[120.459949,23.468233],[120.457414,23.467212],[120.456349,23.466993],[120.454632,23.466804],[120.453763,23.466783],[120.451979,23.466835],[120.449254,23.466634],[120.448246,23.46641],[120.446603,23.465889],[120.44563,23.465774],[120.444729,23.465794],[120.444262,23.465855],[120.442022,23.466271],[120.439507,23.466881],[120.437964,23.467027],[120.437081,23.467052],[120.436176,23.466935],[120.435648,23.466919],[120.43253,23.466897],[120.431961,23.466696],[120.431237,23.466213],[120.430687,23.465506],[120.430427,23.465089],[120.430279,23.464707],[120.430175,23.464296],[120.430159,23.463843],[120.430249,23.463303],[120.430792,23.461513],[120.431537,23.459876],[120.43174,23.459298],[120.431857,23.458702],[120.431965,23.456323],[120.431673,23.454973],[120.431279,23.454115],[120.430814,23.453395],[120.430364,23.452553],[120.430086,23.451795],[120.42971,23.450973],[120.428994,23.450052],[120.428181,23.449343],[120.427138,23.448641],[120.425495,23.447889],[120.424672,23.44772],[120.424225,23.447729],[120.423862,23.447855],[120.423455,23.448282],[120.423298,23.448711],[120.423614,23.450734],[120.423588,23.451113],[120.423382,23.451822],[120.423092,23.45242],[120.422813,23.45272],[120.421686,23.453458],[120.421091,23.454077],[120.420525,23.454797],[120.420139,23.455169],[120.419705,23.455427],[120.419167,23.455648],[120.416695,23.455957],[120.416258,23.456083],[120.414236,23.45744],[120.413842,23.457578],[120.413312,23.457679],[120.412487,23.457588],[120.411887,23.457457],[120.410954,23.45717],[120.410421,23.457098],[120.409835,23.457182],[120.408562,23.457504],[120.40758,23.457547],[120.407148,23.457373],[120.406843,23.457069],[120.406428,23.456491],[120.406211,23.456136],[120.406009,23.45564],[120.405839,23.454757],[120.405678,23.453432],[120.405112,23.451129],[120.404865,23.45036],[120.404353,23.449499],[120.403975,23.449132],[120.403435,23.448773],[120.402954,23.448532],[120.40241,23.448383],[120.40142,23.448211],[120.399552,23.448112],[120.397972,23.448177],[120.394414,23.448118],[120.39326,23.448037],[120.392237,23.447906],[120.390836,23.447624],[120.390415,23.447261],[120.390205,23.44682],[120.390125,23.44645],[120.390132,23.446082],[120.390076,23.445737],[120.389827,23.44545],[120.389508,23.445238],[120.388884,23.445037],[120.38617,23.444694],[120.385779,23.444687],[120.385312,23.444737],[120.384912,23.444852],[120.38423,23.445157],[120.383127,23.445357],[120.381759,23.445328],[120.380178,23.44516],[120.37877,23.44514],[120.378292,23.445194],[120.377795,23.445327],[120.376917,23.445723],[120.375815,23.44633],[120.375236,23.446508],[120.37418,23.446736],[120.369946,23.447078],[120.369382,23.447046],[120.36901,23.44697],[120.368447,23.446787],[120.36807,23.446602],[120.36773,23.446376],[120.366984,23.445728],[120.366375,23.444978],[120.365751,23.443759],[120.365265,23.442324],[120.365014,23.441863],[120.363379,23.439656],[120.362754,23.438613],[120.362032,23.437186],[120.361025,23.434886],[120.360614,23.434168],[120.360018,23.433321],[120.359466,23.4324],[120.358088,23.429071],[120.356932,23.426811],[120.356622,23.426001],[120.356495,23.425477],[120.35634,23.424558],[120.356197,23.422908],[120.356035,23.422167],[120.355696,23.42103],[120.355606,23.420594],[120.355596,23.420244],[120.35539,23.418779],[120.355166,23.418023],[120.354889,23.417716],[120.354042,23.417303],[120.351771,23.416542],[120.350979,23.41621],[120.35012,23.415704],[120.34951,23.41516],[120.349129,23.414707],[120.348614,23.41379],[120.348334,23.413124],[120.348079,23.412251],[120.347611,23.411038],[120.347068,23.409849],[120.346326,23.408691],[120.345778,23.408131],[120.34526,23.407742],[120.344401,23.407247],[120.343275,23.406816],[120.3419,23.40648],[120.340991,23.406157],[120.337826,23.405493],[120.335809,23.40478],[120.334404,23.404368],[120.333115,23.404239],[120.329338,23.404224],[120.328885,23.404181],[120.326946,23.403881],[120.325249,23.403506],[120.323226,23.40275],[120.322407,23.402299],[120.321693,23.401617],[120.321459,23.401339],[120.32052,23.399958],[120.320194,23.398734],[120.319949,23.397409],[120.319725,23.396696],[120.319517,23.396213],[120.31929,23.395874],[120.318565,23.394962],[120.317396,23.393206],[120.317064,23.39282],[120.316787,23.392508],[120.315141,23.391054],[120.314288,23.390779],[120.313829,23.390702],[120.312472,23.390571],[120.311511,23.390565],[120.310686,23.390635],[120.309916,23.390788],[120.308679,23.391136],[120.308182,23.39119],[120.307749,23.391152],[120.307272,23.391039],[120.306325,23.390712],[120.305528,23.390346],[120.30509,23.390052],[120.304656,23.389934],[120.304516,23.389618],[120.303796,23.388885],[120.302492,23.387334],[120.30184,23.386666],[120.301008,23.385971],[120.299741,23.385275],[120.298982,23.384743],[120.298378,23.384187],[120.297151,23.382912],[120.296591,23.382415],[120.29563,23.381448],[120.294638,23.380574],[120.292889,23.378872],[120.291057,23.376733],[120.290166,23.375541],[120.289036,23.373834],[120.287917,23.371801],[120.287532,23.371417],[120.286784,23.370927],[120.286104,23.370349],[120.284338,23.368693],[120.283461,23.367783],[120.283101,23.367343],[120.28299,23.367018],[120.282936,23.366666],[120.2829,23.365605],[120.282753,23.36384],[120.282601,23.362977],[120.282247,23.361948],[120.281829,23.36107],[120.281543,23.360127],[120.281415,23.359616],[120.280976,23.357109],[120.280804,23.356547],[120.280423,23.35584],[120.280103,23.355357],[120.279672,23.354915],[120.279283,23.354619],[120.278837,23.354362],[120.278472,23.354199],[120.277946,23.354059],[120.277165,23.353983],[120.276012,23.353991],[120.275093,23.354079],[120.273554,23.354384],[120.2723,23.354734],[120.27066,23.355317],[120.269466,23.355852],[120.269123,23.356086],[120.268738,23.356244],[120.267893,23.356414],[120.267353,23.356371],[120.266789,23.356231],[120.26586,23.355785],[120.262102,23.352862],[120.260886,23.352127],[120.259369,23.351352],[120.258158,23.350903],[120.257734,23.350567],[120.257497,23.350287],[120.256593,23.347915],[120.256518,23.34757],[120.256062,23.346336],[120.255557,23.345279],[120.254952,23.343821],[120.254242,23.342485],[120.253227,23.340912],[120.252997,23.340578],[120.252325,23.339993],[120.25097,23.339192],[120.250529,23.33886],[120.249566,23.337941],[120.249311,23.337587],[120.249149,23.337212],[120.249005,23.336736],[120.248986,23.336364],[120.249076,23.334948],[120.249137,23.334535],[120.249532,23.333219],[120.249914,23.331518],[120.249813,23.33091],[120.249676,23.330536],[120.24942,23.3301],[120.248992,23.329694],[120.247234,23.328879],[120.245631,23.327773],[120.245146,23.327538],[120.24455,23.327274],[120.243711,23.326983],[120.243152,23.326812],[120.242687,23.326755],[120.242203,23.326803],[120.239006,23.326733],[120.237094,23.326757],[120.236492,23.326861],[120.235581,23.327161],[120.233876,23.328123],[120.233385,23.327985],[120.232509,23.327471],[120.231545,23.326715],[120.230668,23.325751],[120.230288,23.325137],[120.229005,23.322679],[120.228096,23.321221],[120.227581,23.320116],[120.227195,23.319423],[120.226386,23.318211],[120.226143,23.317902],[120.225739,23.317518],[120.224981,23.317082],[120.223241,23.316304],[120.221782,23.3158],[120.218148,23.314365],[120.213296,23.31195],[120.212414,23.311603],[120.212064,23.311418],[120.211256,23.311127],[120.210244,23.310813],[120.209679,23.310686],[120.208847,23.310659],[120.208289,23.310811],[120.207899,23.311118],[120.207654,23.31149],[120.206995,23.313934],[120.206885,23.315047],[120.206911,23.315548],[120.207517,23.317765],[120.207624,23.318591],[120.207563,23.318984],[120.207186,23.319816],[120.206687,23.32069],[120.206298,23.321489],[120.205493,23.322715],[120.204676,23.323669],[120.204013,23.324252],[120.203139,23.324787],[120.202636,23.324936],[120.199857,23.325457],[120.196033,23.325425],[120.192973,23.325332],[120.192595,23.325361],[120.191788,23.325632],[120.191441,23.325817],[120.191156,23.326048],[120.190834,23.32644],[120.19058,23.326871],[120.190513,23.327278],[120.190644,23.327716],[120.190999,23.328282],[120.19154,23.328948],[120.191976,23.329465],[120.192618,23.330108],[120.193395,23.331025],[120.193875,23.331801],[120.194074,23.332259],[120.194162,23.332783],[120.19404,23.333684],[120.193811,23.334099],[120.193588,23.334374],[120.192907,23.335031],[120.192566,23.335284],[120.191419,23.3359],[120.189353,23.336731],[120.187939,23.337095],[120.187505,23.337269],[120.186115,23.337691],[120.185048,23.337898],[120.183894,23.337982],[120.182845,23.337948],[120.178568,23.337571],[120.177631,23.337634],[120.177129,23.337889],[120.176707,23.338223],[120.176404,23.338492],[120.175723,23.339257],[120.17426,23.340582],[120.173553,23.341054],[120.173008,23.341295],[120.171717,23.341631],[120.168925,23.342038],[120.168397,23.342026],[120.166473,23.342128],[120.164088,23.341816],[120.161934,23.34164],[120.160108,23.34138],[120.159183,23.34122],[120.156786,23.340644],[120.155239,23.339914],[120.154362,23.339244],[120.153678,23.338556],[120.153449,23.338194],[120.151793,23.336032],[120.151364,23.335623],[120.150892,23.33528],[120.150345,23.334977],[120.149798,23.334758],[120.148848,23.334592],[120.148035,23.334606],[120.147346,23.33475],[120.146472,23.335177],[120.145362,23.335874],[120.145077,23.336127],[120.144755,23.336524],[120.143466,23.337553],[120.142753,23.338061],[120.141189,23.338901],[120.139706,23.339341],[120.139234,23.339361],[120.138354,23.339616],[120.137416,23.339745],[120.135345,23.340621],[120.134942,23.340892],[120.134682,23.341133],[120.134341,23.341359],[120.133779,23.341885],[120.130192,23.347731],[120.129557,23.348087],[120.128144,23.349669],[120.127705,23.349933],[120.127311,23.350053],[120.122903,23.351098],[120.120987,23.351784],[120.120293,23.350725],[120.119791,23.349336],[120.119053,23.347632],[120.118703,23.34663],[120.118077,23.34547],[120.116966,23.342226],[120.116172,23.340804],[120.115999,23.340321],[120.115881,23.339874],[120.115575,23.337928],[120.114849,23.336337],[120.11457,23.335263],[120.114061,23.333807],[120.113857,23.331692],[120.113969,23.331317],[120.114311,23.33066],[120.115087,23.329615],[120.11536,23.329315],[120.115774,23.328992],[120.116271,23.328976],[120.116453,23.329434],[120.116273,23.329816],[120.116105,23.330556],[120.115925,23.330972],[120.115229,23.332145],[120.115012,23.333141],[120.115055,23.333583],[120.115005,23.333951],[120.11516,23.334452],[120.115713,23.334795],[120.116023,23.3351],[120.116228,23.335628],[120.11642,23.335967],[120.1165,23.33649],[120.116469,23.336969],[120.116264,23.337262],[120.116177,23.337734],[120.116223,23.338084],[120.116403,23.338608],[120.116508,23.339477],[120.1168,23.339856],[120.11711,23.340113],[120.117545,23.34038],[120.117998,23.340488],[120.117874,23.340863],[120.117526,23.341183],[120.117495,23.341644],[120.117637,23.342059],[120.118115,23.342714],[120.118797,23.344285],[120.119325,23.34437],[120.121399,23.343482],[120.125859,23.34192],[120.126231,23.341778],[120.126672,23.34153],[120.126952,23.34127],[120.127679,23.339993],[120.128232,23.339435],[120.128437,23.339027],[120.1285,23.338595],[120.128425,23.33825],[120.128224,23.337916],[120.127926,23.337054],[120.127653,23.336745],[120.127473,23.336433],[120.127572,23.335943],[120.127703,23.335587],[120.12766,23.335167],[120.126573,23.334329],[120.12625,23.333977],[120.125798,23.333293],[120.125611,23.332873],[120.125729,23.332413],[120.126227,23.331731],[120.12637,23.331327],[120.126034,23.330977],[120.124389,23.32965],[120.124035,23.329242],[120.123766,23.328799],[120.123145,23.328016],[120.120755,23.32705],[120.119817,23.326414],[120.1187,23.325812],[120.118277,23.325701],[120.117862,23.325685],[120.117359,23.325778],[120.116967,23.326116],[120.116502,23.326254],[120.11593,23.326254],[120.115489,23.326175],[120.115135,23.325886],[120.114931,23.325455],[120.115624,23.324419],[120.116252,23.324317],[120.117349,23.323403],[120.118284,23.322514],[120.119094,23.322042],[120.11982,23.321744],[120.12022,23.321644],[120.122797,23.32075],[120.124138,23.320459],[120.125092,23.320335],[120.127482,23.320204],[120.129053,23.320267],[120.130043,23.320254],[120.130424,23.320168],[120.130965,23.319974],[120.132797,23.318559],[120.1345,23.317647],[120.134959,23.317525],[120.135871,23.317388],[120.138379,23.317578],[120.139205,23.317733],[120.139769,23.317767],[120.140948,23.317738],[120.142264,23.317449],[120.143281,23.317079],[120.143833,23.316934],[120.144911,23.316088],[120.145537,23.315657],[120.146088,23.314955],[120.146496,23.314334],[120.146707,23.313874],[120.147071,23.312815],[120.147335,23.311811],[120.147639,23.311269],[120.148148,23.310782],[120.149165,23.310055],[120.151409,23.309319],[120.152817,23.308953],[120.15397,23.308493],[120.154683,23.30813],[120.156766,23.306915],[120.157937,23.306114],[120.158582,23.305539],[120.15943,23.304641],[120.159931,23.304016],[120.160816,23.302612],[120.161151,23.302163],[120.161868,23.30091],[120.16331,23.298901],[120.163867,23.298292],[120.164481,23.297791],[120.164852,23.297579],[120.166074,23.297134],[120.166527,23.297012],[120.167495,23.29685],[120.169156,23.295934],[120.169831,23.295394],[120.170553,23.293485],[120.170869,23.292957],[120.171816,23.291788],[120.172609,23.291208],[120.173006,23.290982],[120.175405,23.289854],[120.176366,23.289472],[120.176844,23.289346],[120.17724,23.289149],[120.178944,23.287962],[120.179526,23.28714],[120.179686,23.28675],[120.179808,23.285576],[120.1798,23.284475],[120.179966,23.283996],[120.180406,23.283624],[120.181638,23.28273],[120.183144,23.281843],[120.183913,23.281486],[120.185184,23.281046],[120.185587,23.280949],[120.187497,23.280554],[120.188502,23.280455],[120.190401,23.28063],[120.193753,23.281359],[120.194722,23.281502],[120.195621,23.281569],[120.197427,23.281549],[120.19837,23.281486],[120.198749,23.281511],[120.202669,23.281151],[120.205623,23.280954],[120.20656,23.280981],[120.207534,23.28109],[120.209893,23.281584],[120.211532,23.282178],[120.212439,23.282654],[120.216608,23.28267],[120.220332,23.285046],[120.227047,23.286597],[120.232083,23.290132],[120.234969,23.29401],[120.238327,23.297545],[120.240425,23.301034],[120.244991,23.303361],[120.250868,23.304182],[120.255066,23.30457],[120.260942,23.304617],[120.269757,23.305825],[120.277312,23.309359],[120.280621,23.314011],[120.281801,23.31576],[120.282837,23.315726],[120.284009,23.315816],[120.285298,23.316057],[120.28606,23.316251],[120.287744,23.31698],[120.288892,23.31761],[120.2902,23.319422],[120.295592,23.320751],[120.29806,23.324113],[120.300216,23.328429],[120.303763,23.331749],[120.306951,23.341751],[120.315173,23.348721],[120.320566,23.351088],[120.325959,23.35279],[120.327756,23.355115],[120.330947,23.36109],[120.335261,23.363454],[120.340251,23.368765],[120.347802,23.371464],[120.35032,23.372791],[120.354635,23.3725],[120.362547,23.371504],[120.365424,23.372871],[120.371178,23.373867],[120.375134,23.373907],[120.379809,23.371916],[120.384484,23.371954],[120.389519,23.369297],[120.395633,23.368672],[120.403545,23.367383],[120.40858,23.367051],[120.412216,23.365058],[120.421926,23.363104],[120.430916,23.36314],[120.434152,23.36384],[120.441275,23.361867],[120.442022,23.362289],[120.443065,23.363051],[120.444061,23.363457],[120.445272,23.364053],[120.446055,23.36464],[120.446565,23.365306],[120.446848,23.365573],[120.447527,23.365975],[120.448337,23.36632],[120.450833,23.367033],[120.451668,23.367426],[120.451988,23.36767],[120.45328,23.368966],[120.45469,23.370289],[120.455586,23.370775],[120.45773,23.371714],[120.458452,23.371675],[120.461805,23.371799],[120.462333,23.37177],[120.463746,23.371418],[120.464496,23.370989],[120.464859,23.370678],[120.46513,23.370255],[120.46527,23.369937],[120.465558,23.369021],[120.466645,23.368407],[120.466988,23.368244],[120.467343,23.368149],[120.468772,23.36798],[120.470111,23.368253],[120.470615,23.368235],[120.471556,23.367842],[120.471918,23.36774],[120.472931,23.367596],[120.47344,23.367623],[120.474758,23.368158],[120.47528,23.368158],[120.476325,23.367975],[120.476816,23.367946],[120.477858,23.368074],[120.478498,23.368052],[120.479463,23.367779],[120.479778,23.367959],[120.48028,23.368068],[120.48115,23.367905],[120.481614,23.368091],[120.482046,23.368376],[120.482573,23.368498],[120.483075,23.368504],[120.483502,23.368703],[120.483648,23.36903],[120.483724,23.369496],[120.483907,23.369877],[120.484447,23.369877],[120.484949,23.369963],[120.485796,23.370288],[120.486429,23.371062],[120.487149,23.37178],[120.48759,23.372471],[120.487911,23.372721],[120.488388,23.372794],[120.489532,23.372647],[120.490559,23.372414],[120.491045,23.372254],[120.491444,23.372018],[120.492527,23.371042],[120.493032,23.370841],[120.494932,23.370302],[120.497121,23.369406],[120.499168,23.36844],[120.499562,23.368155],[120.499907,23.367778],[120.500362,23.367622],[120.501937,23.367893],[120.502423,23.367728],[120.503135,23.36725],[120.50349,23.366832],[120.503654,23.366525],[120.503941,23.365631],[120.504353,23.36536],[120.505348,23.364268],[120.505549,23.36397],[120.506236,23.363387],[120.506568,23.36299],[120.506984,23.36225],[120.507266,23.361846],[120.507777,23.36164],[120.5085,23.361227],[120.508789,23.360974],[120.50917,23.360428],[120.509394,23.359645],[120.509605,23.359223],[120.510484,23.358615],[120.510783,23.358171],[120.510877,23.357832],[120.510661,23.357371],[120.51046,23.357069],[120.510362,23.356615],[120.510835,23.355721],[120.510934,23.355383],[120.510723,23.354922],[120.510362,23.354606],[120.510097,23.35404],[120.510456,23.353696],[120.511355,23.353423],[120.511826,23.353118],[120.512531,23.352526],[120.513675,23.352048],[120.514101,23.351806],[120.51439,23.351585],[120.514614,23.351052],[120.516946,23.351519],[120.519684,23.352242],[120.522031,23.353717],[120.524769,23.353356],[120.527507,23.352633],[120.527899,23.349021],[120.532625,23.346161],[120.534582,23.344355],[120.536929,23.342911],[120.544299,23.343461],[120.547232,23.344671],[120.547248,23.344012],[120.54707,23.343057],[120.547108,23.342242],[120.547592,23.34226],[120.548143,23.342364],[120.548669,23.342515],[120.550509,23.343217],[120.551577,23.343673],[120.552783,23.344354],[120.553394,23.344643],[120.554494,23.345009],[120.555714,23.345661],[120.555996,23.345889],[120.556643,23.34661],[120.557794,23.348066],[120.558263,23.34919],[120.558824,23.35026],[120.559195,23.351188],[120.559418,23.351621],[120.559867,23.352328],[120.560234,23.352683],[120.560665,23.352929],[120.561135,23.353114],[120.56154,23.353417],[120.561913,23.353929],[120.562392,23.354112],[120.56282,23.354213],[120.563482,23.354344],[120.564512,23.354396],[120.565002,23.354478],[120.565973,23.354762],[120.566423,23.354974],[120.567234,23.355536],[120.56841,23.356227],[120.56904,23.35685],[120.570134,23.35816],[120.571457,23.359394],[120.572135,23.360151],[120.57281,23.360704],[120.573133,23.361065],[120.574009,23.362275],[120.574637,23.363036],[120.575281,23.363153],[120.575786,23.36309],[120.576135,23.362968],[120.576467,23.362783],[120.576987,23.362101],[120.577408,23.361814],[120.577878,23.361952],[120.578303,23.362205],[120.578829,23.362286],[120.57934,23.362185],[120.580154,23.361776],[120.580617,23.361604],[120.581101,23.361649],[120.582521,23.362191],[120.583585,23.362089],[120.584262,23.362076],[120.587151,23.361787],[120.587364,23.362753],[120.58753,23.363216],[120.587803,23.363672],[120.588202,23.363954],[120.588974,23.364295],[120.589285,23.364682],[120.589439,23.365172],[120.589532,23.3664],[120.589713,23.366725],[120.590285,23.367346],[120.592569,23.36826],[120.593516,23.368484],[120.593982,23.368509],[120.594695,23.368967],[120.595259,23.369439],[120.596968,23.370258],[120.597661,23.370802],[120.597843,23.371121],[120.598489,23.372689],[120.598636,23.373159],[120.598645,23.374563],[120.598558,23.375398],[120.598098,23.376193],[120.598094,23.377083],[120.59802,23.378186],[120.59811,23.379067],[120.598102,23.379521],[120.598003,23.380426],[120.598012,23.380884],[120.598151,23.381315],[120.598546,23.382198],[120.599123,23.382842],[120.599374,23.383239],[120.599804,23.384208],[120.600627,23.384876],[120.600933,23.385228],[120.601462,23.386036],[120.602153,23.387357],[120.603047,23.389459],[120.603553,23.391321],[120.603641,23.392222],[120.603771,23.392797],[120.604185,23.39408],[120.604593,23.395075],[120.604855,23.39545],[120.605519,23.396145],[120.606295,23.396721],[120.607114,23.397211],[120.607719,23.397498],[120.608679,23.397773],[120.609247,23.397997],[120.609691,23.398254],[120.610161,23.398392],[120.612415,23.398791],[120.613876,23.399173],[120.614365,23.399243],[120.61482,23.399098],[120.615183,23.398821],[120.616658,23.397292],[120.617164,23.396961],[120.617613,23.396798],[120.61814,23.396802],[120.618592,23.396953],[120.618999,23.397163],[120.619485,23.397569],[120.620113,23.398601],[120.62075,23.399308],[120.621001,23.399678],[120.62128,23.400236],[120.621616,23.401238],[120.62181,23.40164],[120.622221,23.40208],[120.622654,23.402229],[120.623702,23.40229],[120.624349,23.402204],[120.624804,23.402026],[120.625341,23.401728],[120.627969,23.399141],[120.628623,23.398401],[120.629591,23.397839],[120.630787,23.396909],[120.631271,23.396857],[120.631644,23.396873],[120.633138,23.397069],[120.634605,23.396415],[120.635642,23.396261],[120.636505,23.396349],[120.636981,23.39648],[120.637777,23.397029],[120.638085,23.397379],[120.638239,23.397801],[120.638265,23.398422],[120.63868,23.398671],[120.639184,23.398759],[120.63953,23.399048],[120.639992,23.399896],[120.640382,23.400192],[120.640812,23.400393],[120.641313,23.400748],[120.642183,23.401183],[120.643143,23.401432],[120.644907,23.402267],[120.645693,23.40235],[120.647955,23.403619],[120.648394,23.403908],[120.64872,23.404276],[120.650563,23.407089],[120.651113,23.407743],[120.652189,23.408565],[120.652301,23.408974],[120.652311,23.410516],[120.652365,23.410967],[120.651331,23.412563],[120.650631,23.413794],[120.650619,23.414241],[120.650468,23.414807],[120.650116,23.415141],[120.64986,23.41571],[120.64999,23.416189],[120.65,23.416597],[120.65034,23.416909],[120.650565,23.417189],[120.650796,23.417586],[120.650857,23.418058],[120.650777,23.418498],[120.650368,23.419343],[120.65013,23.420395],[120.650124,23.421232],[120.65018,23.421709],[120.650335,23.422151],[120.65071,23.42246],[120.651052,23.422867],[120.651746,23.42335],[120.653108,23.424072],[120.653275,23.424567],[120.653101,23.425018],[120.653064,23.425488],[120.653256,23.425921],[120.653542,23.426309],[120.654038,23.42679],[120.655749,23.427883],[120.656186,23.428113],[120.657279,23.428522],[120.657641,23.428857],[120.657815,23.429277],[120.657815,23.429738],[120.657767,23.431068],[120.657711,23.431553],[120.657574,23.431982],[120.657567,23.435671],[120.657622,23.436194],[120.658035,23.436357],[120.660787,23.436678],[120.661288,23.43677],[120.66224,23.437046],[120.662602,23.437389],[120.663462,23.438436],[120.663644,23.43875],[120.663776,23.439673],[120.664379,23.439631],[120.665536,23.439305],[120.666004,23.439111],[120.666663,23.439039],[120.667215,23.439057],[120.669792,23.439665],[120.670262,23.43981],[120.670718,23.440038],[120.670811,23.440465],[120.670836,23.441381],[120.671041,23.441808],[120.671463,23.443133],[120.671567,23.444171],[120.671678,23.444654],[120.671914,23.445065],[120.672882,23.446041],[120.673118,23.446508],[120.673405,23.447732],[120.674021,23.449179],[120.674051,23.449702],[120.673903,23.450307],[120.67425,23.450565],[120.674509,23.451102],[120.674558,23.452059],[120.674795,23.452441],[120.675575,23.453007],[120.675899,23.453355],[120.676159,23.45389],[120.676518,23.454378],[120.676956,23.454583],[120.677946,23.454886],[120.678448,23.454938],[120.678939,23.454868],[120.679486,23.454864],[120.68082,23.45534],[120.681897,23.455584],[120.682385,23.455744],[120.683848,23.455895],[120.684869,23.456119],[120.686297,23.456584],[120.686665,23.456909],[120.686977,23.457295],[120.687154,23.457751],[120.687377,23.458665],[120.687445,23.459584],[120.687807,23.45988],[120.688251,23.460126],[120.688791,23.460604],[120.688992,23.460898],[120.689206,23.461532],[120.689339,23.462257],[120.68942,23.464058],[120.689321,23.464903],[120.688917,23.465826],[120.688774,23.466307],[120.688808,23.466765],[120.689119,23.467201],[120.690603,23.468549],[120.691658,23.468648],[120.692017,23.468732],[120.693073,23.469129],[120.694045,23.469303],[120.694495,23.469612],[120.694813,23.469953],[120.695214,23.470556],[120.69557,23.47087],[120.696058,23.471048],[120.696563,23.471336],[120.697794,23.472137],[120.698727,23.472864],[120.699014,23.473223],[120.699424,23.474503],[120.699573,23.475411],[120.699651,23.476788],[120.699867,23.477754],[120.700309,23.479027],[120.700988,23.479793],[120.70186,23.480486],[120.704421,23.481646],[120.705179,23.482086],[120.705953,23.482436],[120.706326,23.483523],[120.706961,23.48474],[120.707382,23.48611],[120.7077,23.486871],[120.707886,23.487814],[120.708022,23.488264],[120.708652,23.48939],[120.708932,23.490289],[120.709118,23.490727],[120.709515,23.491219],[120.709743,23.491776],[120.709941,23.492697],[120.71017,23.493221],[120.710769,23.494244],[120.711141,23.494781],[120.71217,23.495826],[120.712645,23.496068],[120.714209,23.496528],[120.714635,23.496768],[120.714965,23.497093],[120.715196,23.49751],[120.715445,23.498169],[120.715482,23.498537],[120.71533,23.49912],[120.714865,23.500145],[120.71445,23.50047],[120.713169,23.500917],[120.712774,23.501151],[120.71197,23.50149],[120.711848,23.501874],[120.711621,23.50221],[120.711244,23.503106],[120.710815,23.503165],[120.70979,23.50303],[120.709268,23.503045],[120.708812,23.503127],[120.708574,23.504393],[120.708454,23.504752],[120.708204,23.505131],[120.708424,23.506481],[120.7087,23.507179],[120.708931,23.508021],[120.708844,23.509666],[120.708739,23.510107],[120.708334,23.510416],[120.707816,23.510409],[120.706849,23.510179],[120.706349,23.510118],[120.705719,23.510104],[120.705328,23.51021],[120.704333,23.510189],[120.703875,23.510235],[120.703468,23.510153],[120.702801,23.510113],[120.701848,23.510223],[120.701441,23.510144],[120.700376,23.50972],[120.6999,23.509783],[120.699422,23.510024],[120.69905,23.510316],[120.69834,23.511009],[120.698214,23.511392],[120.697725,23.511729],[120.697375,23.511614],[120.696615,23.511133],[120.695242,23.510716],[120.694757,23.510682],[120.693447,23.511201],[120.691981,23.511899],[120.691596,23.511359],[120.690519,23.510382],[120.689803,23.509499],[120.689426,23.509167],[120.689012,23.508948],[120.681377,23.503135],[120.680653,23.50333],[120.67931,23.50388],[120.67883,23.504163],[120.678377,23.504266],[120.677095,23.503851],[120.676104,23.503699],[120.675571,23.50372],[120.674618,23.50411],[120.672933,23.505162],[120.670829,23.506242],[120.670448,23.506404],[120.669993,23.506503],[120.669442,23.506499],[120.667936,23.506995],[120.667643,23.506745],[120.667035,23.505028],[120.66678,23.504534],[120.666507,23.504109],[120.666227,23.503814],[120.666162,23.503392],[120.666344,23.502475],[120.666285,23.502039],[120.666128,23.501608],[120.665712,23.501378],[120.665308,23.50134],[120.66486,23.501412],[120.664496,23.501613],[120.663486,23.502502],[120.66311,23.502947],[120.66261,23.503658],[120.662216,23.504053],[120.660899,23.504238],[120.66047,23.504227],[120.659436,23.504089],[120.65902,23.504166],[120.658634,23.504328],[120.658155,23.504782],[120.65751,23.505518],[120.656714,23.505798],[120.655917,23.506236],[120.655469,23.506302],[120.655047,23.50627],[120.654721,23.505507],[120.654416,23.50502],[120.65373,23.504313],[120.652229,23.501904],[120.651545,23.501125],[120.651198,23.500952],[120.650945,23.500697],[120.650426,23.499915],[120.649923,23.499267],[120.649281,23.498859],[120.649069,23.498434],[120.648998,23.497802],[120.648494,23.497355],[120.647642,23.496865],[120.647008,23.496297],[120.646574,23.495574],[120.645865,23.493802],[120.645687,23.493461],[120.645453,23.493175],[120.645033,23.492865],[120.643644,23.492208],[120.642874,23.491752],[120.642253,23.493328],[120.641952,23.493689],[120.640845,23.49417],[120.640159,23.494743],[120.639662,23.494951],[120.638263,23.495021],[120.637252,23.494876],[120.636745,23.494962],[120.635722,23.494858],[120.634671,23.494962],[120.634256,23.494673],[120.633816,23.493959],[120.633518,23.493646],[120.633159,23.49346],[120.631648,23.493533],[120.631164,23.493454],[120.628603,23.492318],[120.627937,23.492283],[120.627481,23.492504],[120.626907,23.492647],[120.625825,23.492344],[120.623189,23.49206],[120.622257,23.491804],[120.621016,23.491204],[120.620664,23.490527],[120.62015,23.489107],[120.619705,23.488664],[120.618812,23.487949],[120.61869,23.487524],[120.618634,23.486118],[120.618856,23.485732],[120.619264,23.48542],[120.619691,23.485012],[120.619784,23.484565],[120.619584,23.484127],[120.619251,23.483768],[120.618151,23.483118],[120.61785,23.482881],[120.616974,23.481818],[120.616791,23.481499],[120.616611,23.481039],[120.616549,23.480562],[120.616226,23.479551],[120.615971,23.479174],[120.615609,23.478815],[120.614835,23.478212],[120.613748,23.477804],[120.613265,23.477691],[120.612769,23.477679],[120.612318,23.477526],[120.612036,23.477293],[120.612044,23.476682],[120.612117,23.476343],[120.612328,23.475903],[120.612493,23.475363],[120.612424,23.474937],[120.611939,23.473677],[120.611772,23.472178],[120.611605,23.471631],[120.610776,23.470266],[120.610759,23.469582],[120.610837,23.468658],[120.610526,23.467469],[120.610131,23.466656],[120.610044,23.46622],[120.609812,23.465805],[120.609417,23.465572],[120.608953,23.465405],[120.60841,23.465096],[120.608103,23.464719],[120.60726,23.463473],[120.606847,23.462585],[120.606443,23.462075],[120.605737,23.461387],[120.605541,23.461093],[120.605553,23.460617],[120.606812,23.459603],[120.607052,23.459199],[120.607114,23.458734],[120.607025,23.457815],[120.60752,23.456501],[120.607438,23.456066],[120.607176,23.455605],[120.607027,23.45503],[120.606871,23.453567],[120.607012,23.453131],[120.607754,23.452336],[120.607957,23.451937],[120.608116,23.451113],[120.608098,23.450499],[120.608148,23.449932],[120.608425,23.449591],[120.609185,23.44886],[120.609546,23.44832],[120.608839,23.448318],[120.608293,23.448639],[120.607783,23.448724],[120.606798,23.448508],[120.604938,23.447869],[120.604469,23.447607],[120.604149,23.447293],[120.603685,23.446629],[120.603008,23.446078],[120.60162,23.445284],[120.600835,23.44492],[120.600451,23.444803],[120.599924,23.44478],[120.599539,23.444828],[120.598299,23.445161],[120.597726,23.445403],[120.597201,23.445689],[120.596081,23.446482],[120.595375,23.446881],[120.594901,23.447082],[120.593904,23.447423],[120.592323,23.447813],[120.590189,23.44859],[120.588733,23.448984],[120.587798,23.44934],[120.586569,23.449896],[120.584813,23.450923],[120.583233,23.451742],[120.581594,23.452799],[120.579206,23.454156],[120.578233,23.45454],[120.575936,23.455084],[120.575168,23.455425],[120.574474,23.455887],[120.573939,23.456508],[120.572833,23.458481],[120.572055,23.459723],[120.57145,23.460531],[120.571142,23.460876],[120.570365,23.461499],[120.570003,23.461725],[120.569517,23.461899],[120.56635,23.462488],[120.56466,23.46263],[120.563059,23.462614],[120.561605,23.462668],[120.558937,23.462528],[120.556844,23.462656],[120.55541,23.46264],[120.55324,23.462424],[120.552434,23.462291],[120.551191,23.461923],[120.550639,23.461807],[120.550242,23.461796],[120.549875,23.461868],[120.548633,23.462418],[120.547649,23.462707],[120.546057,23.462937],[120.544431,23.463476],[120.542117,23.463917],[120.541637,23.464095],[120.54098,23.464531],[120.540641,23.464876],[120.540427,23.465179],[120.539295,23.467001],[120.538881,23.467387],[120.537925,23.467899],[120.537692,23.468206],[120.537495,23.468628],[120.537397,23.469116],[120.53723,23.469572],[120.536985,23.469874],[120.536577,23.47022],[120.535208,23.471145],[120.5348,23.471491],[120.534103,23.472206],[120.533759,23.472455],[120.532,23.47324],[120.530907,23.473274],[120.530055,23.47338],[120.529691,23.473651],[120.529074,23.47447],[120.528673,23.474793],[120.528205,23.475001],[120.527233,23.475267],[120.526709,23.475461],[120.525822,23.475913],[120.523614,23.476789],[120.522623,23.477084],[120.52225,23.477161],[120.521287,23.477197],[120.518078,23.477025],[120.517321,23.477056],[120.516047,23.477146],[120.515156,23.477356],[120.514653,23.47742],[120.513591,23.477404],[120.512801,23.477503],[120.512166,23.477652],[120.511645,23.477614],[120.511312,23.477467],[120.511024,23.477079],[120.510334,23.475079],[120.510082,23.474797],[120.509268,23.474858]]]}},{"type":"Feature","properties":{"name":"虎尾溪","basin_no":"3601","source":"WRA 河川流域範圍圖"},"geometry":{"type":"Polygon","coordinates":[[[120.176542,23.746151],[120.176368,23.745546],[120.176018,23.744654],[120.175697,23.743993],[120.17545,23.743595],[120.175303,23.743151],[120.175236,23.74272],[120.174947,23.742029],[120.174905,23.741668],[120.17463,23.740713],[120.174503,23.739963],[120.173939,23.73818],[120.173396,23.73607],[120.173221,23.733821],[120.172697,23.7316],[120.172514,23.729605],[120.172149,23.726729],[120.172159,23.726316],[120.171925,23.724614],[120.171696,23.723072],[120.171089,23.720081],[120.170999,23.719442],[120.170958,23.718869],[120.170975,23.717074],[120.170852,23.715533],[120.17023,23.714255],[120.170003,23.713449],[120.169937,23.71304],[120.169917,23.712122],[120.170015,23.710052],[120.16998,23.709571],[120.169598,23.707896],[120.169511,23.706655],[120.170013,23.706047],[120.171045,23.705309],[120.171838,23.705065],[120.173005,23.704609],[120.17537,23.704079],[120.17577,23.703844],[120.176416,23.703129],[120.176635,23.702802],[120.176774,23.70247],[120.177057,23.700867],[120.176972,23.700373],[120.176555,23.699285],[120.176289,23.698776],[120.17549,23.697957],[120.17401,23.696257],[120.168726,23.689373],[120.167606,23.688075],[120.166366,23.686788],[120.165572,23.686056],[120.16466,23.685345],[120.163693,23.684504],[120.162702,23.683384],[120.16217,23.682623],[120.161763,23.681863],[120.161605,23.681362],[120.160203,23.67792],[120.159559,23.675963],[120.159159,23.674927],[120.157857,23.671819],[120.157314,23.670835],[120.156498,23.669646],[120.155192,23.668048],[120.154709,23.667387],[120.15387,23.665877],[120.153472,23.66457],[120.153097,23.663626],[120.152795,23.662184],[120.152563,23.661331],[120.151906,23.659473],[120.151605,23.65876],[120.151345,23.658309],[120.15088,23.658067],[120.150357,23.658002],[120.149802,23.658029],[120.149147,23.657968],[120.149568,23.657532],[120.150255,23.657162],[120.150581,23.656808],[120.150096,23.656616],[120.149824,23.656293],[120.148826,23.65646],[120.148435,23.656253],[120.148046,23.655528],[120.147837,23.655009],[120.147732,23.654251],[120.147622,23.653835],[120.147636,23.653427],[120.147501,23.65307],[120.147229,23.652704],[120.146439,23.652456],[120.145626,23.651894],[120.145106,23.651409],[120.144784,23.650978],[120.144049,23.649709],[120.143859,23.649244],[120.143731,23.648676],[120.143594,23.647502],[120.143225,23.646552],[120.142502,23.644297],[120.141979,23.642139],[120.141843,23.641385],[120.141939,23.641042],[120.142496,23.640056],[120.142555,23.63967],[120.142542,23.639061],[120.142191,23.636036],[120.141875,23.635605],[120.141691,23.635122],[120.140955,23.632077],[120.141039,23.631578],[120.141216,23.631136],[120.141166,23.63021],[120.141078,23.629786],[120.141077,23.629282],[120.141281,23.628779],[120.141306,23.628285],[120.141039,23.627346],[120.140783,23.626054],[120.140537,23.625233],[120.140334,23.62479],[120.140127,23.624127],[120.140051,23.623657],[120.140035,23.622817],[120.140086,23.622352],[120.139951,23.62156],[120.13969,23.621174],[120.138682,23.621111],[120.138646,23.620657],[120.13851,23.620289],[120.137023,23.619932],[120.136606,23.619771],[120.13657,23.619306],[120.136882,23.61895],[120.138352,23.618474],[120.138788,23.618266],[120.139034,23.617813],[120.139047,23.617447],[120.139224,23.61628],[120.13977,23.614214],[120.139947,23.612962],[120.140234,23.612147],[120.140609,23.611402],[120.141099,23.609433],[120.14159,23.608181],[120.141637,23.606269],[120.141609,23.604815],[120.141444,23.603253],[120.14149,23.60237],[120.14135,23.600612],[120.141475,23.598998],[120.141557,23.598515],[120.141725,23.598165],[120.14208,23.598041],[120.143044,23.598133],[120.143455,23.598278],[120.143853,23.598262],[120.144289,23.597998],[120.144532,23.597711],[120.14467,23.59735],[120.144766,23.596183],[120.144779,23.595714],[120.144643,23.595224],[120.144339,23.59477],[120.143476,23.593856],[120.142806,23.59305],[120.14239,23.592693],[120.141571,23.591689],[120.141404,23.591321],[120.141254,23.589976],[120.141268,23.586376],[120.141062,23.583694],[120.140878,23.582188],[120.14093,23.579588],[120.140851,23.578565],[120.140582,23.576463],[120.14066,23.574763],[120.140723,23.574418],[120.141029,23.573621],[120.141191,23.57331],[120.141568,23.572915],[120.14201,23.572635],[120.143031,23.572422],[120.143522,23.572377],[120.143728,23.571897],[120.143605,23.571413],[120.143415,23.570052],[120.143368,23.568594],[120.143288,23.568048],[120.143023,23.567093],[120.14266,23.565353],[120.14214,23.564118],[120.142013,23.563705],[120.141783,23.563233],[120.141176,23.562267],[120.140493,23.561536],[120.139536,23.561224],[120.139057,23.561116],[120.138728,23.5608],[120.138592,23.560346],[120.138904,23.559949],[120.139396,23.559691],[120.139888,23.559515],[120.140224,23.559296],[120.140567,23.558924],[120.140723,23.558452],[120.140551,23.557619],[120.140515,23.557177],[120.140413,23.555127],[120.140467,23.554576],[120.140424,23.554152],[120.139909,23.550836],[120.139823,23.549992],[120.140098,23.549604],[120.141847,23.548784],[120.142527,23.547965],[120.142795,23.547723],[120.143175,23.547493],[120.143716,23.547552],[120.144238,23.547432],[120.144736,23.547238],[120.145781,23.547017],[120.146815,23.546603],[120.147207,23.546312],[120.147889,23.545549],[120.148058,23.545161],[120.147909,23.544739],[120.147374,23.544743],[120.145559,23.54457],[120.145055,23.544477],[120.144577,23.544206],[120.14431,23.54382],[120.144262,23.543348],[120.144375,23.542608],[120.144358,23.542075],[120.144545,23.541667],[120.145355,23.540766],[120.145543,23.540297],[120.145365,23.539319],[120.145963,23.538868],[120.147556,23.537985],[120.148983,23.536967],[120.150454,23.536136],[120.150971,23.535931],[120.151475,23.535885],[120.151928,23.536041],[120.152998,23.536158],[120.153266,23.535809],[120.153279,23.535404],[120.152666,23.534192],[120.152406,23.533533],[120.152139,23.533262],[120.15132,23.532813],[120.149904,23.5318],[120.149189,23.531463],[120.153112,23.528793],[120.156003,23.528603],[120.163508,23.528245],[120.167659,23.530661],[120.169617,23.528855],[120.171186,23.523659],[120.174762,23.521266],[120.181804,23.521308],[120.183761,23.5195],[120.184209,23.516975],[120.186168,23.515169],[120.195969,23.515234],[120.196751,23.51776],[120.204965,23.518158],[120.206866,23.520009],[120.207647,23.522535],[120.21117,23.5247],[120.213911,23.525422],[120.216653,23.525833],[120.220964,23.525113],[120.223708,23.52656],[120.226061,23.528009],[120.231962,23.527721],[120.234297,23.525182],[120.237368,23.525862],[120.238818,23.528614],[120.238553,23.532092],[120.238158,23.534616],[120.238549,23.537142],[120.239282,23.539672],[120.240852,23.541844],[120.242029,23.544374],[120.244872,23.54613],[120.247649,23.546745],[120.25118,23.547131],[120.25391,23.547634],[120.256965,23.547607],[120.259214,23.550609],[120.265083,23.552406],[120.267038,23.554254],[120.267768,23.5575],[120.266112,23.560556],[120.27361,23.567992],[120.275569,23.569844],[120.27792,23.571289],[120.281054,23.571289],[120.286511,23.573188],[120.291342,23.574641],[120.295543,23.578057],[120.297809,23.579479],[120.300023,23.581111],[120.301948,23.582964],[120.305686,23.586939],[120.307791,23.588776],[120.310034,23.59053],[120.312493,23.592136],[120.315023,23.593448],[120.322532,23.597292],[120.325188,23.598432],[120.327675,23.599672],[120.329809,23.601394],[120.331423,23.603473],[120.333204,23.60557],[120.334886,23.607651],[120.336204,23.609874],[120.33708,23.61228],[120.337756,23.614818],[120.338234,23.617337],[120.338598,23.619967],[120.339283,23.623265],[120.339351,23.625827],[120.339678,23.628485],[120.340247,23.630986],[120.341699,23.636152],[120.342782,23.638504],[120.343749,23.640991],[120.345094,23.64331],[120.346512,23.645509],[120.350089,23.649636],[120.351969,23.651524],[120.353961,23.65343],[120.355953,23.655289],[120.35793,23.657039],[120.36003,23.658672],[120.362514,23.659759],[120.367717,23.661838],[120.370424,23.662814],[120.37855,23.66557],[120.383143,23.666765],[120.385928,23.667292],[120.388504,23.668398],[120.390868,23.670014],[120.393115,23.671783],[120.395285,23.67333],[120.397817,23.67479],[120.404547,23.679607],[120.406812,23.681324],[120.408819,23.683068],[120.413129,23.686322],[120.415389,23.688117],[120.417519,23.690013],[120.421041,23.694374],[120.42275,23.69656],[120.424237,23.698932],[120.425801,23.701178],[120.427689,23.703131],[120.429794,23.704989],[120.434789,23.707447],[120.437552,23.708452],[120.440294,23.709179],[120.443022,23.709707],[120.445954,23.710181],[120.450898,23.71143],[120.453702,23.711246],[120.457575,23.713599],[120.466049,23.714638],[120.469804,23.714553],[120.474307,23.716227],[120.478353,23.716758],[120.480745,23.718477],[120.482821,23.720181],[120.486398,23.724281],[120.488266,23.727008],[120.481041,23.727079],[120.480253,23.723832],[120.476322,23.720191],[120.473575,23.720554],[120.47122,23.719109],[120.466617,23.719251],[120.463906,23.719996],[120.460924,23.720335],[120.458181,23.720733],[120.452432,23.722136],[120.44951,23.722676],[120.446649,23.723111],[120.440921,23.723687],[120.438156,23.723798],[120.432205,23.724188],[120.429344,23.724017],[120.426395,23.723698],[120.423565,23.723459],[120.420833,23.722969],[120.417952,23.72254],[120.415093,23.722448],[120.409457,23.722358],[120.406567,23.722201],[120.403837,23.721847],[120.400767,23.721726],[120.397854,23.721689],[120.394845,23.72143],[120.391782,23.721293],[120.388832,23.721549],[120.385912,23.721716],[120.383115,23.721254],[120.378669,23.721647],[120.375763,23.721477],[120.373029,23.721203],[120.36895,23.721169],[120.365952,23.721407],[120.36307,23.7215],[120.360159,23.721761],[120.357355,23.722188],[120.351646,23.722574],[120.348854,23.723007],[120.346021,23.723663],[120.343389,23.724412],[120.340989,23.7256],[120.338186,23.725904],[120.335304,23.726464],[120.329478,23.727123],[120.323919,23.727103],[120.318373,23.726848],[120.315643,23.72711],[120.312753,23.727271],[120.309826,23.727567],[120.306922,23.727583],[120.303969,23.727348],[120.300951,23.72725],[120.298125,23.727455],[120.295023,23.72808],[120.292221,23.728349],[120.2894,23.728353],[120.280975,23.728912],[120.278231,23.729208],[120.275429,23.729641],[120.272668,23.729778],[120.26706,23.730549],[120.261185,23.731222],[120.258325,23.73143],[120.255256,23.731857],[120.252543,23.732366],[120.249672,23.732926],[120.247012,23.733583],[120.244173,23.73416],[120.241324,23.734546],[120.238573,23.73479],[120.235823,23.735519],[120.230208,23.737719],[120.227438,23.738728],[120.224993,23.739839],[120.219771,23.741451],[120.216852,23.741882],[120.214031,23.742493],[120.205291,23.744241],[120.202331,23.744512],[120.196565,23.744636],[120.193831,23.744808],[120.190891,23.745061],[120.188099,23.745535],[120.185106,23.745438],[120.18233,23.745555],[120.179417,23.745788],[120.176542,23.746151]]]}},{"type":"Feature","properties":{"name":"新港沿海","basin_no":"3701","source":"WRA 河川流域範圍圖"},"geometry":{"type":"Polygon","coordinates":[[[120.473156,23.54138],[120.470411,23.540622],[120.468055,23.539175],[120.462562,23.53845],[120.456719,23.538052],[120.454722,23.539858],[120.452369,23.541303],[120.449235,23.541988],[120.445711,23.540184],[120.440228,23.540149],[120.43792,23.535092],[120.427747,23.533623],[120.425401,23.535065],[120.421279,23.538616],[120.418778,23.540036],[120.415946,23.542234],[120.415553,23.54476],[120.41281,23.545481],[120.411201,23.54761],[120.408458,23.547971],[120.404148,23.547608],[120.402973,23.550136],[120.40023,23.550459],[120.397488,23.549376],[120.39553,23.54757],[120.392396,23.547534],[120.389654,23.547895],[120.386913,23.548619],[120.383781,23.548624],[120.380651,23.548948],[120.37913,23.546788],[120.37326,23.546433],[120.372824,23.548919],[120.374779,23.550763],[120.376342,23.552921],[120.373206,23.554366],[120.37125,23.552522],[120.366938,23.552157],[120.363407,23.55468],[120.361402,23.556444],[120.361191,23.559916],[120.355935,23.559356],[120.353193,23.560398],[120.350842,23.558953],[120.345433,23.557958],[120.342614,23.558912],[120.342222,23.56144],[120.33948,23.561801],[120.33697,23.560329],[120.32699,23.563743],[120.323474,23.563549],[120.320798,23.562427],[120.316427,23.560912],[120.308114,23.560922],[120.305372,23.559841],[120.302238,23.559797],[120.297929,23.56088],[120.295578,23.562325],[120.292836,23.561197],[120.291269,23.55903],[120.294012,23.557587],[120.293279,23.553617],[120.293673,23.551091],[120.293676,23.548206],[120.29216,23.546041],[120.287462,23.543156],[120.291776,23.538826],[120.293393,23.536661],[120.291826,23.534494],[120.289476,23.53305],[120.286734,23.533411],[120.281246,23.533361],[120.278501,23.532634],[120.273794,23.52969],[120.27109,23.529155],[120.265565,23.529687],[120.262823,23.530002],[120.25969,23.530002],[120.257341,23.52856],[120.254651,23.528151],[120.251911,23.525264],[120.249954,23.52346],[120.25152,23.521291],[120.252356,23.517684],[120.249615,23.517323],[120.24805,23.515158],[120.248446,23.512634],[120.244674,23.509907],[120.251634,23.509749],[120.25124,23.507219],[120.249669,23.504686],[120.246925,23.50432],[120.235956,23.50422],[120.233216,23.505306],[120.230478,23.504588],[120.227741,23.504232],[120.223621,23.505264],[120.215421,23.503416],[120.210287,23.50054],[120.206051,23.500239],[120.200498,23.499998],[120.195478,23.500198],[120.190984,23.50069],[120.182728,23.502589],[120.181915,23.499268],[120.178898,23.499768],[120.176129,23.500127],[120.173378,23.500551],[120.164742,23.502061],[120.161818,23.505018],[120.158919,23.504925],[120.153361,23.505353],[120.145427,23.505793],[120.140394,23.506272],[120.133581,23.507624],[120.130309,23.505455],[120.121659,23.506164],[120.119131,23.505949],[120.119252,23.505367],[120.119276,23.504995],[120.119,23.504137],[120.118866,23.502929],[120.1191,23.50206],[120.119085,23.501096],[120.119214,23.500697],[120.119055,23.500259],[120.119367,23.498139],[120.119307,23.497234],[120.119468,23.496419],[120.119427,23.495938],[120.11947,23.495175],[120.119624,23.494371],[120.119801,23.493927],[120.120228,23.493297],[120.121064,23.49189],[120.122579,23.490123],[120.124524,23.488502],[120.124917,23.488231],[120.125366,23.48799],[120.125727,23.487865],[120.126723,23.487622],[120.127294,23.487556],[120.128287,23.487527],[120.12989,23.487613],[120.131755,23.487584],[120.132273,23.487645],[120.132618,23.487805],[120.133315,23.488308],[120.134169,23.488442],[120.136834,23.489157],[120.137744,23.489329],[120.138718,23.489652],[120.140738,23.49001],[120.142747,23.490466],[120.14573,23.491302],[120.148576,23.492248],[120.151573,23.493135],[120.15438,23.493803],[120.154842,23.493879],[120.155925,23.493888],[120.156326,23.49415],[120.158042,23.494702],[120.158553,23.49475],[120.158913,23.494614],[120.15927,23.493639],[120.159533,23.493251],[120.160143,23.49328],[120.160616,23.493244],[120.161011,23.492923],[120.161539,23.492885],[120.161963,23.49295],[120.162361,23.492941],[120.163774,23.492458],[120.163118,23.492072],[120.161062,23.491899],[120.160583,23.491777],[120.160336,23.491398],[120.159864,23.491517],[120.159297,23.491434],[120.15813,23.491375],[120.158518,23.490732],[120.158327,23.490273],[120.158007,23.490033],[120.157498,23.490135],[120.15713,23.490092],[120.156674,23.489893],[120.156583,23.489543],[120.156244,23.489229],[120.155771,23.489227],[120.155194,23.489952],[120.154758,23.489983],[120.154308,23.489769],[120.153931,23.48946],[120.153803,23.48908],[120.154343,23.488403],[120.154627,23.487521],[120.154609,23.487067],[120.154462,23.486665],[120.154142,23.486467],[120.153841,23.486162],[120.153819,23.485288],[120.154078,23.483916],[120.154031,23.483559],[120.153741,23.483212],[120.153329,23.483155],[120.152973,23.483009],[120.152933,23.482573],[120.153091,23.48225],[120.152994,23.481905],[120.152823,23.4816],[120.152287,23.480884],[120.150991,23.479544],[120.150265,23.478598],[120.149845,23.47832],[120.148847,23.478092],[120.148602,23.477828],[120.148587,23.477018],[120.148996,23.4763],[120.14923,23.476011],[120.149437,23.4756],[120.149411,23.474886],[120.149169,23.474432],[120.148874,23.47413],[120.148479,23.473897],[120.148051,23.473927],[120.147075,23.47466],[120.146613,23.474507],[120.147501,23.473771],[120.147312,23.473346],[120.146703,23.473369],[120.146409,23.472685],[120.145949,23.472689],[120.145629,23.47303],[120.145559,23.473468],[120.145199,23.473551],[120.145007,23.473138],[120.145298,23.472082],[120.145052,23.471475],[120.144399,23.470357],[120.144271,23.469989],[120.144506,23.46863],[120.144613,23.468231],[120.145261,23.467098],[120.145808,23.466428],[120.14651,23.465726],[120.146761,23.465319],[120.146625,23.464832],[120.146461,23.464464],[120.146031,23.463807],[120.145806,23.463089],[120.145538,23.462439],[120.145298,23.462074],[120.144901,23.461667],[120.144748,23.461306],[120.144925,23.460401],[120.144657,23.459148],[120.144922,23.458893],[120.145375,23.458792],[120.145415,23.458424],[120.145536,23.458076],[120.146434,23.457735],[120.146321,23.456988],[120.146541,23.456641],[120.148188,23.457402],[120.148651,23.457661],[120.151134,23.458232],[120.152098,23.458552],[120.153154,23.459022],[120.153531,23.459135],[120.155291,23.459424],[120.155682,23.45941],[120.156068,23.459329],[120.15643,23.459166],[120.156863,23.45885],[120.157127,23.458566],[120.157897,23.457552],[120.158569,23.457],[120.159026,23.4567],[120.159775,23.45633],[120.16059,23.456179],[120.161385,23.456206],[120.163875,23.456684],[120.164789,23.456506],[120.165084,23.456296],[120.165602,23.455179],[120.165657,23.454736],[120.165593,23.454341],[120.165424,23.454],[120.164518,23.453493],[120.163678,23.453152],[120.163265,23.452906],[120.162939,23.452655],[120.162713,23.452384],[120.162525,23.451992],[120.162406,23.451601],[120.162404,23.451244],[120.162514,23.45045],[120.16263,23.450055],[120.162853,23.449633],[120.163198,23.449294],[120.163869,23.448795],[120.164611,23.448522],[120.166531,23.448355],[120.167662,23.448326],[120.169547,23.448554],[120.169912,23.448615],[120.170827,23.448877],[120.171216,23.449076],[120.17153,23.449274],[120.171923,23.449611],[120.1724,23.450184],[120.172856,23.450958],[120.174521,23.454364],[120.174885,23.455491],[120.175057,23.456599],[120.175123,23.457816],[120.175243,23.458166],[120.175486,23.45857],[120.175867,23.45889],[120.176188,23.459059],[120.176614,23.459202],[120.177376,23.459319],[120.179237,23.459499],[120.180469,23.459766],[120.180815,23.45989],[120.182854,23.461172],[120.183749,23.461619],[120.185546,23.462359],[120.186054,23.462468],[120.186582,23.462474],[120.187133,23.462549],[120.187491,23.462729],[120.188454,23.46372],[120.189432,23.464446],[120.189671,23.464731],[120.189833,23.465221],[120.189978,23.466478],[120.190247,23.46781],[120.19042,23.469361],[120.190594,23.470342],[120.191108,23.471929],[120.191434,23.472724],[120.192858,23.475092],[120.19367,23.476212],[120.194668,23.477799],[120.195114,23.478424],[120.195995,23.479963],[120.19728,23.48199],[120.197492,23.48245],[120.198017,23.483283],[120.198316,23.483675],[120.199303,23.484258],[120.199723,23.484396],[120.200727,23.484583],[120.201977,23.484919],[120.203758,23.485529],[120.204189,23.485779],[120.204472,23.486012],[120.205539,23.487054],[120.205596,23.48744],[120.207116,23.488493],[120.207578,23.488728],[120.208413,23.488917],[120.208828,23.488958],[120.210016,23.488709],[120.211828,23.488131],[120.212307,23.488028],[120.2134,23.487935],[120.214199,23.487953],[120.215617,23.488104],[120.216,23.488195],[120.216753,23.488474],[120.217597,23.488946],[120.218441,23.489291],[120.218806,23.489364],[120.219196,23.489375],[120.21978,23.489251],[120.220253,23.489072],[120.2214,23.488492],[120.222085,23.488201],[120.222452,23.488117],[120.223307,23.488056],[120.224095,23.487925],[120.224897,23.487621],[120.225715,23.487108],[120.226849,23.48611],[120.227478,23.485414],[120.227686,23.485074],[120.227853,23.484645],[120.22789,23.484211],[120.227859,23.483814],[120.227145,23.481573],[120.226935,23.481083],[120.225858,23.479289],[120.225686,23.478779],[120.225642,23.478377],[120.225739,23.477284],[120.226024,23.476433],[120.226574,23.475697],[120.227194,23.475295],[120.227655,23.475141],[120.228146,23.475078],[120.229205,23.475083],[120.231073,23.475268],[120.232453,23.47529],[120.233433,23.475211],[120.235469,23.474922],[120.235933,23.474938],[120.237044,23.475219],[120.237837,23.475523],[120.239611,23.476415],[120.242322,23.477266],[120.243759,23.477648],[120.246879,23.478174],[120.25123,23.478366],[120.25175,23.478424],[120.254087,23.478774],[120.254517,23.478889],[120.254899,23.479063],[120.25563,23.479564],[120.256268,23.480318],[120.257597,23.482182],[120.258044,23.483],[120.25819,23.483413],[120.25989,23.484388],[120.263597,23.485875],[120.26523,23.486598],[120.265612,23.486893],[120.266235,23.487581],[120.267274,23.488913],[120.268575,23.490055],[120.26944,23.490665],[120.270646,23.491263],[120.272984,23.492283],[120.274895,23.493265],[120.275929,23.49369],[120.276325,23.493819],[120.27684,23.493909],[120.277876,23.49402],[120.27957,23.494026],[120.27998,23.493977],[120.282112,23.493539],[120.285812,23.492532],[120.287744,23.492236],[120.288122,23.492245],[120.288853,23.492421],[120.290782,23.492774],[120.29168,23.493045],[120.292002,23.493218],[120.292897,23.493911],[120.293077,23.494248],[120.2941,23.494857],[120.294449,23.495112],[120.29791,23.498157],[120.298354,23.500773],[120.298444,23.503893],[120.300492,23.50585],[120.299781,23.508498],[120.299153,23.511475],[120.301844,23.513272],[120.304072,23.514983],[120.314791,23.518014],[120.314633,23.514391],[120.317764,23.514391],[120.323243,23.51366],[120.328733,23.514075],[120.331479,23.512996],[120.334222,23.513763],[120.33844,23.511901],[120.341706,23.509788],[120.346438,23.509663],[120.350667,23.512715],[120.353019,23.514164],[120.356155,23.516374],[120.358228,23.518537],[120.363205,23.516374],[120.366026,23.518309],[120.368851,23.517882],[120.378715,23.517741],[120.382005,23.518622],[120.385877,23.520104],[120.39058,23.520106],[120.393321,23.520867],[120.396455,23.520867],[120.399195,23.521587],[120.407412,23.520169],[120.416421,23.520206],[120.423087,23.520613],[120.427631,23.519753],[120.433066,23.519676],[120.438587,23.520132],[120.441745,23.520561],[120.444445,23.521535],[120.448154,23.521964],[120.450117,23.525746],[120.452859,23.526503],[120.456726,23.530115],[120.461829,23.530727],[120.464508,23.531443],[120.46717,23.532321],[120.469903,23.532843],[120.473103,23.532998],[120.47745,23.535102],[120.473156,23.54138]]]}},{"type":"Feature","properties":{"name":"布袋沿海","basin_no":"3801","source":"WRA 河川流域範圍圖"},"geometry":{"type":"Polygon","coordinates":[[[120.151531,23.423553],[120.15102,23.423628],[120.150659,23.423544],[120.150306,23.423108],[120.149992,23.422806],[120.149658,23.422359],[120.149512,23.421531],[120.149529,23.420174],[120.149624,23.419695],[120.150423,23.419217],[120.150778,23.418736],[120.151144,23.418055],[120.15119,23.417646],[120.15004,23.416172],[120.14943,23.415526],[120.14908,23.415357],[120.148669,23.41529],[120.148343,23.414987],[120.148257,23.414572],[120.148297,23.414181],[120.148751,23.413626],[120.149204,23.412933],[120.149402,23.412183],[120.149444,23.410881],[120.149604,23.409942],[120.149637,23.408935],[120.149604,23.408066],[120.14982,23.405543],[120.151504,23.399067],[120.151662,23.39869],[120.15218,23.398814],[120.152379,23.399536],[120.152967,23.398543],[120.153389,23.398453],[120.153616,23.398796],[120.153757,23.399238],[120.153817,23.399624],[120.153872,23.401511],[120.154225,23.402579],[120.154362,23.4032],[120.154416,23.403699],[120.154713,23.404118],[120.155058,23.40438],[120.155452,23.404595],[120.156339,23.404997],[120.157592,23.405281],[120.15816,23.405461],[120.159827,23.406196],[120.160122,23.405797],[120.160099,23.404785],[120.160757,23.399686],[120.160955,23.398919],[120.161186,23.398364],[120.161705,23.397463],[120.161844,23.397029],[120.161853,23.395429],[120.161943,23.395072],[120.162119,23.394632],[120.16237,23.394262],[120.163241,23.393675],[120.163511,23.393294],[120.16325,23.392754],[120.163038,23.391987],[120.162645,23.391149],[120.162373,23.390718],[120.162134,23.390445],[120.16081,23.389131],[120.159637,23.387425],[120.159421,23.386971],[120.159248,23.386461],[120.159156,23.385978],[120.158916,23.385576],[120.15847,23.385131],[120.158086,23.384657],[120.157631,23.383979],[120.157445,23.383551],[120.157399,23.383187],[120.157257,23.382803],[120.157041,23.382465],[120.156905,23.382063],[120.156917,23.381192],[120.157775,23.380788],[120.157981,23.380436],[120.157991,23.379953],[120.157832,23.379467],[120.156872,23.379176],[120.156681,23.378734],[120.156562,23.378226],[120.156032,23.377508],[120.15574,23.37684],[120.155623,23.376386],[120.155777,23.376072],[120.156094,23.37577],[120.155948,23.375357],[120.155135,23.37479],[120.155203,23.374325],[120.15511,23.373858],[120.155358,23.372012],[120.155385,23.371522],[120.155349,23.371021],[120.155228,23.370673],[120.154915,23.370393],[120.153562,23.369931],[120.151967,23.369517],[120.151138,23.369242],[120.150203,23.368847],[120.149772,23.368603],[120.14907,23.368005],[120.148744,23.367619],[120.148164,23.36659],[120.147942,23.366103],[120.147352,23.365222],[120.147051,23.364913],[120.146565,23.36475],[120.146067,23.364707],[120.145508,23.364723],[120.144471,23.364888],[120.144037,23.364987],[120.143024,23.365328],[120.141324,23.365687],[120.139869,23.365673],[120.13947,23.365515],[120.139173,23.364637],[120.137395,23.36085],[120.137036,23.360215],[120.136364,23.359385],[120.136347,23.358879],[120.13625,23.358439],[120.136086,23.358116],[120.135835,23.357802],[120.134352,23.358173],[120.133736,23.358899],[120.133137,23.359258],[120.132991,23.359574],[120.132545,23.359985],[120.132,23.360306],[120.131851,23.360764],[120.132148,23.361448],[120.132495,23.361906],[120.133783,23.363461],[120.13455,23.364208],[120.13526,23.364292],[120.135772,23.364554],[120.136042,23.364834],[120.135931,23.365299],[120.135555,23.365698],[120.135396,23.366032],[120.135955,23.366689],[120.136617,23.368576],[120.136841,23.369346],[120.137136,23.369752],[120.13732,23.370152],[120.138599,23.372264],[120.138593,23.372829],[120.13693,23.371689],[120.136584,23.370641],[120.136159,23.370283],[120.135236,23.369265],[120.13494,23.368836],[120.134171,23.367486],[120.133612,23.3668],[120.133299,23.366556],[120.13209,23.3651],[120.131409,23.364597],[120.13105,23.364267],[120.130218,23.363357],[120.129591,23.362777],[120.1289,23.361723],[120.127105,23.359763],[120.124489,23.357217],[120.122525,23.354628],[120.120987,23.351784],[120.122903,23.351098],[120.127311,23.350053],[120.127705,23.349933],[120.128144,23.349669],[120.129557,23.348087],[120.130192,23.347731],[120.133779,23.341885],[120.134341,23.341359],[120.135345,23.340621],[120.137416,23.339745],[120.138354,23.339616],[120.139234,23.339361],[120.139706,23.339341],[120.141189,23.338901],[120.142753,23.338061],[120.143466,23.337553],[120.144755,23.336524],[120.145077,23.336127],[120.145362,23.335874],[120.146962,23.334906],[120.147346,23.33475],[120.148035,23.334606],[120.148848,23.334592],[120.149798,23.334758],[120.150345,23.334977],[120.150892,23.33528],[120.151364,23.335623],[120.151793,23.336032],[120.153449,23.338194],[120.153678,23.338556],[120.154362,23.339244],[120.155239,23.339914],[120.156786,23.340644],[120.159183,23.34122],[120.160108,23.34138],[120.161934,23.34164],[120.164088,23.341816],[120.166473,23.342128],[120.168397,23.342026],[120.168925,23.342038],[120.171717,23.341631],[120.173008,23.341295],[120.173553,23.341054],[120.17426,23.340582],[120.175723,23.339257],[120.176404,23.338492],[120.176707,23.338223],[120.177129,23.337889],[120.177631,23.337634],[120.178568,23.337571],[120.182845,23.337948],[120.183894,23.337982],[120.185048,23.337898],[120.186115,23.337691],[120.187505,23.337269],[120.187939,23.337095],[120.188534,23.336968],[120.189757,23.336593],[120.191419,23.3359],[120.192566,23.335284],[120.192907,23.335031],[120.193588,23.334374],[120.193811,23.334099],[120.19404,23.333684],[120.194132,23.333137],[120.194162,23.332783],[120.194074,23.332259],[120.193875,23.331801],[120.19362,23.33137],[120.193103,23.330663],[120.19154,23.328948],[120.190999,23.328282],[120.190644,23.327716],[120.190513,23.327278],[120.19058,23.326871],[120.190834,23.32644],[120.191156,23.326048],[120.191441,23.325817],[120.191788,23.325632],[120.192595,23.325361],[120.192973,23.325332],[120.198578,23.325455],[120.199857,23.325457],[120.200241,23.325405],[120.202636,23.324936],[120.203139,23.324787],[120.204013,23.324252],[120.204676,23.323669],[120.205493,23.322715],[120.206298,23.321489],[120.206687,23.32069],[120.207186,23.319816],[120.207563,23.318984],[120.207624,23.318591],[120.207517,23.317765],[120.206911,23.315548],[120.206885,23.315047],[120.206995,23.313934],[120.207654,23.31149],[120.207899,23.311118],[120.208289,23.310811],[120.208847,23.310659],[120.209679,23.310686],[120.210244,23.310813],[120.211672,23.311264],[120.213296,23.31195],[120.218148,23.314365],[120.221782,23.3158],[120.223241,23.316304],[120.224981,23.317082],[120.225739,23.317518],[120.226143,23.317902],[120.226386,23.318211],[120.227195,23.319423],[120.227581,23.320116],[120.228096,23.321221],[120.229005,23.322679],[120.230288,23.325137],[120.230668,23.325751],[120.231545,23.326715],[120.232509,23.327471],[120.233385,23.327985],[120.233876,23.328123],[120.235581,23.327161],[120.236492,23.326861],[120.237094,23.326757],[120.239006,23.326733],[120.242203,23.326803],[120.242687,23.326755],[120.243152,23.326812],[120.243711,23.326983],[120.24455,23.327274],[120.245146,23.327538],[120.245631,23.327773],[120.247234,23.328879],[120.248992,23.329694],[120.24942,23.3301],[120.249676,23.330536],[120.249813,23.33091],[120.249914,23.331518],[120.249532,23.333219],[120.249137,23.334535],[120.249076,23.334948],[120.248986,23.336364],[120.249005,23.336736],[120.249149,23.337212],[120.249311,23.337587],[120.249566,23.337941],[120.250529,23.33886],[120.25097,23.339192],[120.252325,23.339993],[120.252997,23.340578],[120.253227,23.340912],[120.254242,23.342485],[120.254952,23.343821],[120.255557,23.345279],[120.256062,23.346336],[120.256518,23.34757],[120.256593,23.347915],[120.257497,23.350287],[120.257734,23.350567],[120.258158,23.350903],[120.259369,23.351352],[120.260886,23.352127],[120.262102,23.352862],[120.26586,23.355785],[120.266789,23.356231],[120.267353,23.356371],[120.267893,23.356414],[120.268738,23.356244],[120.269123,23.356086],[120.269466,23.355852],[120.27066,23.355317],[120.2723,23.354734],[120.273554,23.354384],[120.275093,23.354079],[120.276012,23.353991],[120.277165,23.353983],[120.277946,23.354059],[120.278472,23.354199],[120.278837,23.354362],[120.279283,23.354619],[120.279672,23.354915],[120.280103,23.355357],[120.280423,23.35584],[120.280804,23.356547],[120.280976,23.357109],[120.281415,23.359616],[120.281543,23.360127],[120.281829,23.36107],[120.282247,23.361948],[120.282601,23.362977],[120.282753,23.36384],[120.2829,23.365605],[120.282936,23.366666],[120.28299,23.367018],[120.283101,23.367343],[120.283461,23.367783],[120.284338,23.368693],[120.286104,23.370349],[120.286784,23.370927],[120.287532,23.371417],[120.287917,23.371801],[120.289036,23.373834],[120.290166,23.375541],[120.291057,23.376733],[120.292889,23.378872],[120.294638,23.380574],[120.29563,23.381448],[120.296591,23.382415],[120.297151,23.382912],[120.298378,23.384187],[120.298982,23.384743],[120.299741,23.385275],[120.301008,23.385971],[120.30184,23.386666],[120.302492,23.387334],[120.303796,23.388885],[120.304516,23.389618],[120.304656,23.389934],[120.304521,23.390645],[120.304204,23.391571],[120.303947,23.391964],[120.303703,23.392237],[120.301759,23.393812],[120.298833,23.395357],[120.297529,23.396476],[120.296787,23.397009],[120.295685,23.397684],[120.294938,23.39803],[120.293482,23.398599],[120.292606,23.398886],[120.290996,23.399315],[120.290145,23.399619],[120.288578,23.400078],[120.288057,23.400091],[120.287506,23.40003],[120.28706,23.399924],[120.286045,23.399597],[120.285544,23.399329],[120.28482,23.399112],[120.284343,23.399062],[120.283401,23.399073],[120.282501,23.399177],[120.281507,23.399376],[120.278872,23.400114],[120.276255,23.40095],[120.275714,23.40106],[120.275205,23.401143],[120.274765,23.401145],[120.272615,23.400769],[120.272237,23.400744],[120.271735,23.400787],[120.270055,23.40145],[120.268683,23.401721],[120.26828,23.401703],[120.266874,23.401439],[120.265859,23.401158],[120.263274,23.400899],[120.262779,23.400763],[120.262019,23.400386],[120.261272,23.399869],[120.259993,23.399231],[120.259691,23.399023],[120.258183,23.397736],[120.257497,23.397377],[120.255947,23.396703],[120.25492,23.396333],[120.253938,23.39608],[120.253045,23.39594],[120.251573,23.395848],[120.2474,23.395888],[120.244954,23.395421],[120.242892,23.395089],[120.242488,23.394904],[120.240823,23.395062],[120.239876,23.395329],[120.239477,23.395496],[120.23917,23.39571],[120.238294,23.396785],[120.237874,23.397123],[120.237376,23.397272],[120.235675,23.397224],[120.23486,23.39741],[120.23451,23.397583],[120.234078,23.397947],[120.233396,23.398879],[120.232988,23.399247],[120.23265,23.399446],[120.231877,23.399775],[120.231042,23.400035],[120.230208,23.400182],[120.228228,23.400252],[120.226804,23.400433],[120.225869,23.400751],[120.225463,23.400982],[120.225156,23.401241],[120.224586,23.401873],[120.224402,23.402232],[120.224346,23.402736],[120.224464,23.403223],[120.224677,23.40353],[120.224972,23.403815],[120.225772,23.404293],[120.227532,23.405093],[120.228563,23.405455],[120.229613,23.405919],[120.229955,23.406324],[120.230056,23.406676],[120.230087,23.407168],[120.230045,23.407558],[120.229896,23.408025],[120.229655,23.408477],[120.229422,23.408777],[120.228801,23.40931],[120.227714,23.409854],[120.227007,23.410286],[120.226637,23.410579],[120.226182,23.410988],[120.225167,23.412279],[120.224396,23.412825],[120.222641,23.413266],[120.220415,23.413528],[120.218137,23.413625],[120.217187,23.413587],[120.21605,23.413632],[120.214199,23.413785],[120.212929,23.41407],[120.212555,23.414219],[120.212086,23.414512],[120.211803,23.414785],[120.211638,23.415099],[120.211553,23.415458],[120.211542,23.415826],[120.211675,23.416573],[120.212533,23.41849],[120.212625,23.419025],[120.212632,23.419471],[120.212406,23.420347],[120.212245,23.4223],[120.212078,23.422763],[120.21151,23.423553],[120.21106,23.423808],[120.210692,23.423923],[120.20938,23.424092],[120.208946,23.424065],[120.207987,23.423866],[120.206763,23.423401],[120.205567,23.422699],[120.204922,23.422212],[120.20456,23.421864],[120.204034,23.421246],[120.203472,23.420006],[120.203408,23.419519],[120.203403,23.418961],[120.203749,23.418553],[120.204115,23.418126],[120.204747,23.417645],[120.205541,23.417185],[120.206175,23.416659],[120.207142,23.415745],[120.20737,23.415415],[120.2075,23.415002],[120.207474,23.414589],[120.207224,23.414131],[120.206768,23.413907],[120.206261,23.413754],[120.201941,23.412783],[120.199968,23.412217],[120.199061,23.411869],[120.19871,23.411637],[120.197877,23.411203],[120.197339,23.41102],[120.196618,23.411087],[120.195722,23.411295],[120.194904,23.411706],[120.194178,23.412144],[120.193951,23.412464],[120.193884,23.412819],[120.194051,23.413358],[120.194333,23.413672],[120.195315,23.414541],[120.195391,23.414904],[120.195319,23.415241],[120.19511,23.415532],[120.194171,23.416227],[120.193937,23.416527],[120.193809,23.41687],[120.193834,23.417317],[120.194336,23.418389],[120.194375,23.418746],[120.194301,23.419164],[120.193994,23.419992],[120.194588,23.420674],[120.194996,23.421297],[120.195333,23.422087],[120.195514,23.423024],[120.195554,23.424773],[120.1955,23.425121],[120.195358,23.425572],[120.19523,23.425893],[120.194935,23.426107],[120.194467,23.426297],[120.193566,23.42643],[120.192579,23.426425],[120.188937,23.425859],[120.187396,23.42539],[120.186901,23.42527],[120.186312,23.425223],[120.185901,23.425345],[120.184717,23.426243],[120.184255,23.426433],[120.183715,23.42648],[120.182761,23.426313],[120.182227,23.426309],[120.180729,23.426505],[120.179432,23.426503],[120.178256,23.426798],[120.177809,23.426742],[120.177429,23.426807],[120.177051,23.426796],[120.176648,23.426713],[120.175555,23.425789],[120.175386,23.42546],[120.17534,23.42511],[120.175518,23.424762],[120.175838,23.424559],[120.176187,23.424415],[120.17807,23.423776],[120.178323,23.423372],[120.178203,23.423049],[120.17799,23.422697],[120.178015,23.422191],[120.178478,23.421923],[120.179487,23.421674],[120.180443,23.421582],[120.180842,23.421496],[120.181665,23.421178],[120.181955,23.42079],[120.181954,23.420417],[120.181871,23.419573],[120.181741,23.419067],[120.181572,23.418654],[120.181047,23.417925],[120.180722,23.417641],[120.18031,23.417372],[120.179767,23.417133],[120.179229,23.416966],[120.177656,23.416638],[120.17724,23.416641],[120.176333,23.416733],[120.175349,23.417015],[120.174826,23.417101],[120.173436,23.417103],[120.173047,23.417002],[120.171721,23.416345],[120.17046,23.415878],[120.169486,23.415858],[120.168163,23.415923],[120.167684,23.416031],[120.166455,23.416527],[120.165711,23.41695],[120.165426,23.417394],[120.165482,23.417882],[120.166355,23.418579],[120.166436,23.419033],[120.165914,23.419584],[120.165807,23.420139],[120.16637,23.421234],[120.16644,23.42159],[120.166373,23.421981],[120.166214,23.422311],[120.165843,23.422674],[120.164965,23.422945],[120.164536,23.422999],[120.163525,23.422913],[120.16246,23.422712],[120.16197,23.422735],[120.161041,23.423035],[120.160359,23.423435],[120.159837,23.423521],[120.159305,23.423394],[120.158897,23.423229],[120.158495,23.423135],[120.158079,23.4231],[120.156689,23.423072],[120.154881,23.423226],[120.153293,23.423163],[120.152274,23.42323],[120.151531,23.423553]]]}}]}