{"type":"FeatureCollection","features":[{"type":"Feature","properties":{"name":"","waterway":"ditch","source":"OSM"},"geometry":{"type":"LineString","coordinates":[[120.4331157,23.5177241],[120.4329389,23.5176502],[120.4326921,23.5169517],[120.4324776,23.5169281],[120.4322468,23.5169028],[120.431732,23.5168394],[120.4316387,23.5168279],[120.4312833,23.5167578],[120.4308917,23.5166926],[120.4305195,23.5166667],[120.4301862,23.5166545],[120.429804,23.5166742],[120.4296189,23.5166919],[120.42935,23.5167552],[120.4291657,23.5168095],[120.4290825,23.5168107],[120.4289994,23.5167787],[120.4287258,23.5165795]]}},{"type":"Feature","properties":{"name":"","waterway":"ditch","source":"OSM"},"geometry":{"type":"LineString","coordinates":[[120.3511273,23.3792939],[120.3512356,23.379267],[120.3513401,23.3792607],[120.3514106,23.3792607],[120.3516015,23.379244],[120.3517106,23.3792128],[120.3517719,23.3791606],[120.3518787,23.3790459],[120.352006,23.3789436],[120.3521265,23.3788811],[120.3522788,23.3788289],[120.3525197,23.378808],[120.3526719,23.3788331],[120.3528038,23.3789165],[120.3528742,23.3789457],[120.3529469,23.3789499],[120.3530583,23.3789582],[120.3534266,23.380271],[120.3536038,23.3807628],[120.3538606,23.3817556],[120.3539245,23.3819841],[120.3539197,23.3820068],[120.3538968,23.3820182],[120.3535401,23.3819852],[120.3529583,23.3819978],[120.3523021,23.382029],[120.3519205,23.3820149],[120.3508874,23.3819547],[120.3505097,23.3819335],[120.3499893,23.381845],[120.3492261,23.3817389],[120.3482894,23.3816009],[120.3477883,23.3815514],[120.3476302,23.3815514],[120.3471291,23.3815974],[120.3469441,23.3816115],[120.3467475,23.3816328],[120.3465394,23.3819972],[120.3461462,23.382167],[120.3460768,23.3821599]]}},{"type":"Feature","properties":{"name":"","waterway":"ditch","source":"OSM"},"geometry":{"type":"LineString","coordinates":[[120.3511392,23.3793576],[120.3514492,23.3796675],[120.3514742,23.3797051],[120.3517515,23.3798532],[120.3520583,23.380066],[120.3522469,23.3801286],[120.3524151,23.3801932],[120.3525492,23.3802141],[120.3528128,23.3802099],[120.3529879,23.3801912],[120.3531288,23.3801515],[120.3532685,23.3802146],[120.3533893,23.3802649],[120.3534266,23.380271],[120.353453,23.3802754]]}},{"type":"Feature","properties":{"name":"","waterway":"ditch","source":"OSM"},"geometry":{"type":"LineString","coordinates":[[120.3404034,23.3862603],[120.3405164,23.3864215],[120.3406641,23.3867261],[120.3407119,23.3868241],[120.3407869,23.3868826],[120.3410255,23.3870599],[120.341246,23.3871809],[120.3415596,23.3873853],[120.341746,23.3874938],[120.342271,23.3879756],[120.3430369,23.3885952],[120.343771,23.3891042],[120.3446755,23.3895255],[120.3452801,23.3897863],[120.3464597,23.3903203],[120.3466415,23.3903891],[120.3466529,23.3904079],[120.3464483,23.3913237],[120.3464847,23.3913466],[120.3469301,23.3914405],[120.3468779,23.3916074]]}},{"type":"Feature","properties":{"name":"","waterway":"ditch","source":"OSM"},"geometry":{"type":"LineString","coordinates":[[120.3865427,23.4015037],[120.3855714,23.4011094],[120.3830168,23.4000907],[120.3817972,23.3996199],[120.3814988,23.3995767],[120.3811848,23.3996319],[120.3800279,23.4000643],[120.379727,23.400182],[120.3795333,23.4003141],[120.3793213,23.400499],[120.3789287,23.4009842],[120.3782587,23.4018826],[120.3781278,23.4020075],[120.3777902,23.4021516],[120.3775808,23.4021588],[120.3773374,23.4021516],[120.3758363,23.4019919],[120.3745741,23.4018356],[120.3740226,23.4017167],[120.3727716,23.4014314],[120.3721016,23.4012887],[120.3712725,23.4010815],[120.3698993,23.400803],[120.3696499,23.4007539],[120.3692394,23.4006713],[120.3684052,23.4004612],[120.3681199,23.4004324],[120.3676907,23.4003868],[120.3663611,23.4002114],[120.3649818,23.4000481]]}},{"type":"Feature","properties":{"name":"嘉南大圳北幹線","waterway":"canal","source":"OSM"},"geometry":{"type":"LineString","coordinates":[[120.3894343,23.4060847],[120.3889165,23.4102737],[120.3888515,23.4107559],[120.3886105,23.4131986]]}},{"type":"Feature","properties":{"name":"嘉南大圳北幹線","waterway":"canal","source":"OSM"},"geometry":{"type":"LineString","coordinates":[[120.3928082,23.3371497],[120.3925348,23.3373031],[120.3922615,23.3376029],[120.3922007,23.3378818],[120.3920868,23.3386766],[120.3919577,23.3400083],[120.3919352,23.3401708],[120.3918286,23.3409426],[120.391654,23.3413261],[120.391168,23.3417165],[120.3900821,23.3422116],[120.3890721,23.3425671],[120.3885102,23.3429715],[120.3881431,23.3436375],[120.3881142,23.3437321],[120.3873256,23.3454606],[120.3876673,23.3482424],[120.3881305,23.3520908],[120.3881685,23.3528437],[120.3879103,23.3535478],[120.3877238,23.3541031],[120.385827,23.3563819],[120.3856827,23.3565553],[120.3841568,23.3584076],[120.384011,23.3586944],[120.383938,23.3589732],[120.3839224,23.3592899],[120.3839698,23.3595906],[120.3841012,23.3599635],[120.3841752,23.3602614],[120.3843698,23.3608228],[120.3843606,23.361146],[120.3842679,23.3615458],[120.3839807,23.3620901],[120.3834622,23.3628191],[120.3813216,23.3662833],[120.3804414,23.3677207],[120.3803395,23.3680524],[120.3800681,23.3692394],[120.3795982,23.37148],[120.3791535,23.3736318],[120.379135,23.37404],[120.3792276,23.3743206],[120.37945,23.3747289],[120.3796282,23.3748959],[120.3798311,23.3750742],[120.3801819,23.3753497],[120.3805525,23.3756729],[120.380673,23.3759366],[120.3807379,23.3763618],[120.3806359,23.376821],[120.3805866,23.3770222],[120.3805665,23.3771042],[120.3803024,23.3781818],[120.3800152,23.3793894],[120.3799781,23.3796106],[120.380043,23.3799337],[120.3801634,23.3802229],[120.3804784,23.3806651],[120.3807656,23.3810138],[120.3809787,23.3812689],[120.3813679,23.3817707],[120.3831746,23.3840243],[120.383397,23.3843645],[120.3836008,23.3846791],[120.3837398,23.3849598],[120.3838417,23.3852234],[120.3839529,23.3856231],[120.3839621,23.3858187],[120.3840085,23.3860993],[120.3839714,23.3869072],[120.3839714,23.3872899],[120.3839621,23.3876045],[120.3840455,23.3878852],[120.3842216,23.3881403],[120.3843883,23.3883189],[120.3846014,23.38854],[120.3848609,23.388693],[120.3853672,23.3889841],[120.385704,23.3891778],[120.388113,23.3906914],[120.388567,23.3909721],[120.388882,23.3914653],[120.3913002,23.3963208],[120.3914021,23.396678],[120.3914948,23.3969756],[120.3914577,23.3972392],[120.3913743,23.3975878],[120.3904293,23.4004959],[120.39038,23.4006498],[120.3900587,23.4016524],[120.3899104,23.4022901],[120.3896969,23.4036951]]}},{"type":"Feature","properties":{"name":"嘉南大圳北幹線","waterway":"canal","source":"OSM"},"geometry":{"type":"LineString","coordinates":[[120.3900316,23.4206524],[120.3853512,23.4233386],[120.3849989,23.4237427],[120.3847346,23.4241648],[120.3837265,23.4292121],[120.3814068,23.4352362]]}},{"type":"Feature","properties":{"name":"","waterway":"ditch","source":"OSM"},"geometry":{"type":"LineString","coordinates":[[120.5148673,23.4368382],[120.5148544,23.4372562],[120.514809,23.4373946],[120.5145512,23.4374714]]}},{"type":"Feature","properties":{"name":"","waterway":"ditch","source":"OSM"},"geometry":{"type":"LineString","coordinates":[[120.5218499,23.4396312],[120.5216384,23.4395383],[120.5215158,23.4395455],[120.5215293,23.439658],[120.5216328,23.4397199],[120.5215833,23.4398345],[120.5215383,23.4399718],[120.5214888,23.4401452],[120.5214011,23.4402371],[120.5213336,23.4403062],[120.5213819,23.4404796],[120.5212627,23.4405271],[120.5212469,23.4406406],[120.5213302,23.4407242],[120.5213246,23.4408068],[120.5212548,23.4408522],[120.5211344,23.4409327],[120.5210872,23.441038],[120.5210534,23.4411454],[120.5209207,23.4412063],[120.5207913,23.4412579],[120.5205258,23.4412383],[120.520517,23.4412436]]}},{"type":"Feature","properties":{"name":"","waterway":"ditch","source":"OSM"},"geometry":{"type":"LineString","coordinates":[[120.5315,23.4400943],[120.5314379,23.4401178],[120.5313759,23.4401217],[120.5312968,23.4400727],[120.5311407,23.4400452],[120.5308883,23.4399137],[120.5307985,23.4398372],[120.5307856,23.4395625],[120.5307642,23.4395272],[120.5305782,23.439433],[120.5304948,23.4394173],[120.530298,23.4393251],[120.5302146,23.4393781],[120.5301825,23.4395036],[120.5301526,23.4395429],[120.5300905,23.4395507],[120.5299558,23.4395488],[120.5298553,23.4396116],[120.5297697,23.4396233],[120.5296008,23.4395998],[120.5295152,23.4395429],[120.5289634,23.4394997],[120.5288159,23.4394212],[120.5287517,23.4393565],[120.5285806,23.4393859],[120.5284437,23.4393918],[120.5281914,23.4393447],[120.5281507,23.4393074],[120.5279882,23.4392839],[120.5279197,23.4392034],[120.527887,23.4391855]]}},{"type":"Feature","properties":{"name":"","waterway":"ditch","source":"OSM"},"geometry":{"type":"LineString","coordinates":[[120.5334803,23.4389959],[120.5330047,23.4389067],[120.5328183,23.4389215],[120.5325372,23.4389835],[120.5321168,23.4392708],[120.5317545,23.4391936],[120.531124,23.438929],[120.5308241,23.4387554],[120.5305728,23.438629],[120.5304107,23.4384059],[120.5302988,23.4381928]]}},{"type":"Feature","properties":{"name":"","waterway":"ditch","source":"OSM"},"geometry":{"type":"LineString","coordinates":[[120.5800281,23.4352853],[120.5799429,23.4352343],[120.5797107,23.4351849],[120.5794498,23.4353017],[120.579203,23.4352798],[120.5791554,23.4351969],[120.5791399,23.4348542],[120.5790191,23.4345145],[120.5788516,23.4343441],[120.5785907,23.4340229],[120.5784252,23.433912],[120.578177,23.4340579],[120.5780115,23.4345076],[120.5780561,23.4352199],[120.5780561,23.4357104],[120.5776042,23.4359323],[120.577356,23.4361191],[120.5773497,23.4364286],[120.5771269,23.4364636],[120.5768406,23.4364053],[120.5766687,23.4364403],[120.5767196,23.4366388],[120.5768151,23.4367381],[120.5768342,23.4367965],[120.5767706,23.4369249],[120.5765605,23.4369308],[120.5762423,23.4367673],[120.5759941,23.4366388],[120.5756441,23.4366213],[120.5756006,23.4365985]]}},{"type":"Feature","properties":{"name":"","waterway":"ditch","source":"OSM"},"geometry":{"type":"LineString","coordinates":[[120.5243432,23.4729106],[120.5241287,23.4729106],[120.524008,23.4727408],[120.5237854,23.472635],[120.523501,23.4724283],[120.5233669,23.4725095],[120.5233026,23.4723275],[120.5231872,23.472143],[120.5231068,23.4720864],[120.5228707,23.4717862],[120.5227232,23.4715919],[120.5220151,23.4713754],[120.5208134,23.4707652],[120.5188638,23.4703329],[120.5188608,23.4703322],[120.5172729,23.4662776],[120.515728,23.4629708],[120.5145793,23.4625958],[120.5106639,23.4613174],[120.502519,23.4613043],[120.5023101,23.4610023]]}},{"type":"Feature","properties":{"name":"民雄大排水溝","waterway":"canal","source":"OSM"},"geometry":{"type":"LineString","coordinates":[[120.4531457,23.5571566],[120.4510025,23.5563721],[120.4498537,23.5559885],[120.4490789,23.5554076],[120.4483035,23.5546819],[120.4478937,23.5544655],[120.4469228,23.5541512],[120.4465799,23.5537756],[120.4465398,23.5534571],[120.4465429,23.5529988],[120.446375,23.5528569],[120.4459586,23.5526895],[120.4451368,23.5514851],[120.4446558,23.5507665],[120.4444509,23.55064],[120.4441214,23.5506032],[120.4438408,23.5506685],[120.443235,23.5507951],[120.4428075,23.5509094],[120.4424003,23.5510531],[120.4404559,23.551971],[120.4402183,23.5520359],[120.4400088,23.5520344],[120.4396734,23.5520734],[120.4393789,23.5522984],[120.439225,23.5523568],[120.4391089,23.5523763],[120.4390205,23.5523463],[120.4387718,23.5521049],[120.4383594,23.5517209],[120.4380584,23.5515679],[120.4371942,23.5512713],[120.4369707,23.5510761],[120.436639,23.5498152],[120.4360486,23.5488243],[120.4355828,23.5481652],[120.4342624,23.5462204],[120.4341213,23.5460849],[120.4339415,23.545971],[120.4337376,23.5459057],[120.4335368,23.5458855],[120.4329412,23.545905],[120.4313167,23.5459405],[120.430123,23.5459528],[120.4299582,23.5459405],[120.4292228,23.5457762],[120.429124,23.5457161],[120.4288625,23.5457456],[120.4287614,23.5457401],[120.4286489,23.5457228],[120.428467,23.5456573],[120.4283736,23.5456405],[120.4279516,23.5456881],[120.4274559,23.5457764],[120.4270859,23.5460073],[120.4269019,23.5461138],[120.4251971,23.5459863],[120.4248764,23.5459242],[120.4231662,23.5462018],[120.4228184,23.5464172],[120.4196878,23.5496029],[120.4196833,23.5499377],[120.4200752,23.5505461],[120.420102,23.5507869],[120.4200263,23.5509707],[120.4199432,23.5510847]]}},{"type":"Feature","properties":{"name":"","waterway":"ditch","source":"OSM"},"geometry":{"type":"LineString","coordinates":[[120.4712621,23.5164842],[120.4712086,23.5162841],[120.471173,23.5161861],[120.4710126,23.5160717],[120.4709815,23.5159328],[120.4710839,23.515696],[120.4711062,23.5155898],[120.470977,23.5153734],[120.470977,23.5152018],[120.4710171,23.5150017],[120.4711017,23.5149159],[120.4713467,23.5146015],[120.4713823,23.5143973],[120.4712665,23.5143156],[120.4704648,23.5141931],[120.4703223,23.5138541],[120.4702377,23.5137234],[120.469338,23.5136744],[120.4692534,23.5137234],[120.4690396,23.5140297],[120.4688748,23.5140461],[120.4687724,23.5139848],[120.4684784,23.5134947],[120.4682246,23.5131966],[120.467944,23.5130087],[120.467218,23.5131925],[120.4664163,23.5133885],[120.4657705,23.5135764],[120.4653875,23.51385],[120.4651692,23.5140665],[120.4645012,23.5152059],[120.4642028,23.5154836],[120.4639489,23.5158185],[120.4636683,23.5163045],[120.4634991,23.5165944],[120.4633794,23.5168392],[120.4633342,23.5168946],[120.4632096,23.5170273],[120.462586,23.5174766],[120.4620293,23.5179176],[120.4611519,23.5184526],[120.4609337,23.5185588],[120.4607822,23.5186078],[120.4600964,23.5186772],[120.4596688,23.5187385],[120.4594506,23.5188487],[120.4590363,23.5188773],[120.4586533,23.5189345],[120.4584218,23.5190097],[120.4582812,23.5191128],[120.4581737,23.5191148],[120.4581047,23.5190843],[120.457924,23.5187606],[120.4575476,23.518691],[120.4566971,23.5183242],[120.4563672,23.5181347],[120.4563353,23.518059],[120.4563731,23.5178412],[120.4565469,23.5175885],[120.4568571,23.5174192],[120.457068,23.5172976],[120.4571818,23.5171997],[120.45735,23.5169494],[120.4573735,23.5166998],[120.4572827,23.5165507],[120.4570815,23.5164449],[120.4567057,23.516328],[120.4560515,23.5161793],[120.4556188,23.5159286]]}},{"type":"Feature","properties":{"name":"隆恩圳","waterway":"ditch","source":"OSM"},"geometry":{"type":"LineString","coordinates":[[120.4767103,23.4499245],[120.4766939,23.4501609],[120.4766255,23.4504183],[120.4765102,23.450656],[120.4762693,23.4507266],[120.4760638,23.450726],[120.4758687,23.4507914],[120.4754723,23.4509258],[120.4752261,23.4510872],[120.4749764,23.4513039],[120.4745926,23.4513827],[120.4738934,23.4515485],[120.4736452,23.4515572],[120.4734595,23.4515208],[120.4728285,23.4513608],[120.4724789,23.4510546],[120.4721928,23.4506464],[120.4718988,23.450537],[120.4705797,23.4501434],[120.4701506,23.4500194],[120.4695864,23.4498882],[120.4691175,23.4498882],[120.4685533,23.4500923],[120.4681799,23.4505297],[120.4678494,23.4508052],[120.4677382,23.4509364],[120.4676567,23.4510786],[120.4675184,23.4515337],[120.4670885,23.4515578],[120.4668969,23.4515969],[120.4667542,23.451554],[120.466637,23.4515212],[120.4665218,23.451523],[120.4664245,23.4516014],[120.4663232,23.4517946],[120.4661861,23.4519695],[120.4659278,23.45217],[120.4655217,23.4523652]]}},{"type":"Feature","properties":{"name":"","waterway":"ditch","source":"OSM"},"geometry":{"type":"LineString","coordinates":[[120.5024745,23.4395648],[120.5022751,23.4395518],[120.502095,23.4395225],[120.5018259,23.4393484],[120.5016497,23.4392747],[120.5015578,23.4391947],[120.5013336,23.4391428],[120.5011976,23.4391414],[120.5010224,23.4391654],[120.5009343,23.4391938],[120.5008046,23.4391921],[120.5007252,23.4392587],[120.5006972,23.4392978],[120.5005849,23.4392995],[120.5001531,23.4392107],[120.499733,23.4391734],[120.4995752,23.4391299],[120.4995926,23.4390739],[120.4996265,23.4389461],[120.4996033,23.4388972],[120.4995036,23.4388635],[120.4994348,23.4388537],[120.4993497,23.438835],[120.4993148,23.4388572],[120.4991706,23.4387222],[120.499097,23.4385757],[120.4989663,23.438573],[120.4988705,23.4385908],[120.4987137,23.4386112],[120.4985859,23.438629],[120.4984058,23.4386094],[120.4983255,23.4385517],[120.4982655,23.4385899],[120.4981909,23.4386165],[120.4980796,23.4386849],[120.4979315,23.4386308],[120.4978618,23.4384274],[120.497824,23.4383341],[120.4977543,23.4381485],[120.4977466,23.4380321],[120.4977534,23.4378625],[120.4976827,23.4378492],[120.4975646,23.4378545],[120.4974571,23.4378687],[120.4972597,23.4378989],[120.4971861,23.4378927],[120.4970651,23.4378394],[120.4969964,23.4377417],[120.4969392,23.4375534],[120.4968802,23.43743]]}},{"type":"Feature","properties":{"name":"","waterway":"ditch","source":"OSM"},"geometry":{"type":"LineString","coordinates":[[120.5085143,23.4410518],[120.5084539,23.4411032],[120.5084336,23.4411832],[120.5083562,23.4411911],[120.5082545,23.4411849],[120.5079796,23.4411672],[120.5079196,23.4411743],[120.5077434,23.4411512],[120.5076805,23.4411761],[120.5076168,23.441165],[120.5075052,23.4412168],[120.5074201,23.4412773],[120.507374,23.441298],[120.5073508,23.4412977],[120.5072642,23.4413412],[120.5071905,23.4413628],[120.5071103,23.4413386],[120.5071588,23.4414585]]}},{"type":"Feature","properties":{"name":"","waterway":"ditch","source":"OSM"},"geometry":{"type":"LineString","coordinates":[[120.5068122,23.4417838],[120.5067839,23.4416753],[120.5067519,23.4416486],[120.5067529,23.4416256],[120.5067447,23.4415976],[120.5068444,23.4414417],[120.5068444,23.4413884],[120.5067505,23.4413254],[120.5066711,23.4412508],[120.5065453,23.4411433],[120.5064504,23.4411104],[120.5063738,23.4410229],[120.5063506,23.4409794],[120.506339,23.4409342],[120.5062897,23.4409405],[120.5062725,23.4409264],[120.5062728,23.440868],[120.5062643,23.4408215],[120.5062455,23.4407672],[120.5061989,23.4407568],[120.5061387,23.4407704],[120.5060535,23.4408275],[120.5060107,23.4408576],[120.5059713,23.4408975],[120.5058803,23.4409456],[120.5057489,23.4409666],[120.5055596,23.4410212],[120.5055233,23.4410244],[120.5054145,23.4410401],[120.5053224,23.4410749],[120.5051786,23.4411206]]}},{"type":"Feature","properties":{"name":"","waterway":"ditch","source":"OSM"},"geometry":{"type":"LineString","coordinates":[[120.5074526,23.4427259],[120.5073175,23.4420606],[120.5072129,23.4415606],[120.5071588,23.4414585]]}},{"type":"Feature","properties":{"name":"","waterway":"ditch","source":"OSM"},"geometry":{"type":"LineString","coordinates":[[120.5071588,23.4414585],[120.5071161,23.4415802],[120.507059,23.4416468],[120.5069564,23.4417214],[120.5068122,23.4417838]]}},{"type":"Feature","properties":{"name":"","waterway":"ditch","source":"OSM"},"geometry":{"type":"LineString","coordinates":[[120.508034,23.443587],[120.5079683,23.4434514],[120.5078232,23.4432881],[120.507522,23.4431047],[120.5074481,23.4428912],[120.5074526,23.4427259],[120.5073112,23.4427279],[120.5073057,23.4427782],[120.5072044,23.4427857],[120.507059,23.4427098],[120.506998,23.4426805],[120.5067338,23.4425908],[120.5065962,23.4425701],[120.5064032,23.4426002],[120.5061581,23.4427013],[120.5060048,23.442739],[120.5058973,23.442695],[120.5057255,23.4426762],[120.5056037,23.442646],[120.5055092,23.4425575],[120.5054558,23.4425248],[120.5052812,23.4425292],[120.5051402,23.4424708],[120.5049239,23.442359],[120.504952,23.4422523],[120.5050116,23.4421361],[120.5051313,23.4419069],[120.5052326,23.4417907],[120.5053353,23.441613],[120.5053812,23.4414421],[120.5053819,23.4413517],[120.5053429,23.4412092],[120.5053045,23.4411489],[120.5051786,23.4411206],[120.5050095,23.4411162],[120.5048829,23.4411087],[120.504746,23.4410616],[120.5047583,23.4410283],[120.5047083,23.4409975],[120.5046693,23.440968],[120.5045954,23.4409529],[120.5044386,23.4409529],[120.5043313,23.4409658],[120.5042984,23.4408452],[120.5041396,23.4406342],[120.5041287,23.4404634],[120.5041559,23.4404198],[120.5042464,23.4402599],[120.5042464,23.4400665],[120.5039699,23.439765],[120.5039535,23.4396821],[120.5040053,23.4395636]]}},{"type":"Feature","properties":{"name":"","waterway":"ditch","source":"OSM"},"geometry":{"type":"LineString","coordinates":[[120.510098,23.4405017],[120.5096845,23.4405118],[120.5096058,23.4405287],[120.5095227,23.4404963],[120.5093662,23.4403527],[120.5089905,23.4403287],[120.508461,23.4401229],[120.5081792,23.439886],[120.5078829,23.4397036]]}},{"type":"Feature","properties":{"name":"","waterway":"ditch","source":"OSM"},"geometry":{"type":"LineString","coordinates":[[120.5068122,23.4417838],[120.506649,23.4418257],[120.5064313,23.441832],[120.5062246,23.4417541],[120.5060973,23.4417139],[120.5060001,23.4416486],[120.5056582,23.441478],[120.5053819,23.4413517]]}},{"type":"Feature","properties":{"name":"","waterway":"ditch","source":"OSM"},"geometry":{"type":"LineString","coordinates":[[120.5340433,23.4463526],[120.5340005,23.446348],[120.5337318,23.4463414],[120.5331654,23.4462785],[120.5326278,23.4462057],[120.5324583,23.4462884],[120.5323204,23.4463889],[120.5320897,23.4463837],[120.5320241,23.4462612],[120.5317332,23.446262],[120.53156,23.446262],[120.5311801,23.4463622],[120.5310339,23.4464496]]}},{"type":"Feature","properties":{"name":"","waterway":"ditch","source":"OSM"},"geometry":{"type":"LineString","coordinates":[[120.5240628,23.4445523],[120.5238106,23.4446851],[120.5235438,23.4448379],[120.523457,23.4449364],[120.5234257,23.4449964],[120.5232144,23.4450727],[120.5231169,23.445122],[120.5229951,23.4451696],[120.522894,23.4452378],[120.5228099,23.4453133],[120.522817,23.4453404],[120.5227347,23.4454037],[120.5226004,23.4454562],[120.5224912,23.4454365],[120.5224429,23.4454201],[120.5222997,23.4454234],[120.5222334,23.4454382],[120.5219148,23.4454595],[120.5217161,23.4455071],[120.521478,23.445494],[120.5210931,23.4454841],[120.5210268,23.4454956],[120.5210179,23.4455548],[120.5210537,23.445696],[120.5210501,23.445788],[120.5210215,23.4458225],[120.5209839,23.4458422],[120.520898,23.445834],[120.5207834,23.4457863],[120.5206706,23.4457436],[120.5206276,23.4457157],[120.5205551,23.445664],[120.5205265,23.4456352],[120.5204495,23.4456139],[120.5204083,23.4455909],[120.5203645,23.4455548],[120.5203152,23.4455293],[120.5202177,23.4454792],[120.5201944,23.4455096],[120.5201855,23.4455539],[120.5201586,23.4456541],[120.5201389,23.4456985],[120.5201147,23.445756],[120.5200906,23.4458331],[120.5200673,23.4459645],[120.520044,23.4459834],[120.5199966,23.4459916],[120.5199348,23.4459916],[120.5198623,23.4459769],[120.5198409,23.4459844],[120.5198015,23.4459982],[120.5197943,23.4460401],[120.5197701,23.4461025],[120.5197343,23.4461534],[120.5197522,23.4462265],[120.5197553,23.4462646]]}},{"type":"Feature","properties":{"name":"道將圳","waterway":"ditch","source":"OSM"},"geometry":{"type":"LineString","coordinates":[[120.4668874,23.4625739],[120.4666837,23.4627452],[120.4663347,23.4629965],[120.4661933,23.4631667],[120.4653639,23.4636321],[120.4644144,23.4638837]]}},{"type":"Feature","properties":{"name":"","waterway":"ditch","source":"OSM"},"geometry":{"type":"LineString","coordinates":[[120.4182661,23.4792502],[120.4180895,23.478878],[120.4176622,23.4790847],[120.4175749,23.4791351],[120.417487,23.4792003],[120.4173886,23.479247],[120.4173229,23.4792766],[120.4172143,23.4792988],[120.4167247,23.4791484],[120.4165324,23.4790113],[120.4162753,23.4789634],[120.4155499,23.4787133],[120.4155472,23.4787124]]}},{"type":"Feature","properties":{"name":"","waterway":"ditch","source":"OSM"},"geometry":{"type":"LineString","coordinates":[[120.4115376,23.4836711],[120.4107925,23.483803],[120.410461,23.4839101],[120.4098959,23.4842956]]}},{"type":"Feature","properties":{"name":"六腳大排水溝","waterway":"canal","source":"OSM"},"geometry":{"type":"LineString","coordinates":[[120.3298637,23.55668],[120.3295499,23.5568958],[120.3288581,23.5575103],[120.3284781,23.5576786],[120.3282859,23.5576904],[120.3280596,23.5576904],[120.3277906,23.5577217],[120.3274148,23.5578195],[120.3270775,23.5580583],[120.3269152,23.558391],[120.3269963,23.5587042],[120.3269835,23.5590956],[120.3266377,23.5593813],[120.3260529,23.5595987],[120.325869,23.5596671],[120.324114,23.5595222],[120.3238791,23.5596788],[120.3234991,23.5600232],[120.3233155,23.5601172],[120.3228031,23.5599645],[120.3225597,23.5597845],[120.3224401,23.5594596],[120.3223761,23.5591934],[120.3224529,23.5589625],[120.3227988,23.5585398],[120.3228244,23.5579644],[120.3227775,23.5577882],[120.3225554,23.5575808],[120.3222821,23.5575651],[120.3215733,23.5573655],[120.3212317,23.5571228],[120.3206552,23.5564378],[120.3203862,23.5559563],[120.3203691,23.5545942],[120.3203349,23.5545237],[120.3202538,23.5544532],[120.3197414,23.554465],[120.3193443,23.5533024],[120.3191521,23.5528679],[120.3186867,23.5525078],[120.3181401,23.5524178],[120.3174227,23.5521946],[120.3167566,23.5521985],[120.31425,23.5524647],[120.3138956,23.552817],[120.31346,23.5530754],[120.3133021,23.5530448],[120.3130757,23.553001],[120.3123839,23.5522299],[120.3121576,23.5512513],[120.3117349,23.5501395],[120.3117007,23.5492001],[120.3116324,23.548973],[120.3111926,23.5484328],[120.3106426,23.5471519],[120.3092569,23.5439164],[120.3088198,23.5431456],[120.3084481,23.5426074],[120.3043498,23.5395298],[120.3034002,23.5387927],[120.3014541,23.5372821],[120.299878,23.5339435],[120.2986265,23.5312419],[120.297559,23.5290221],[120.297243,23.528474],[120.2969355,23.5283173],[120.2952446,23.5278005],[120.2943147,23.5272082],[120.2941813,23.5271232],[120.292469,23.5260387],[120.2902101,23.525749],[120.289854,23.5256992]]}},{"type":"Feature","properties":{"name":"新埤大排","waterway":"canal","source":"OSM"},"geometry":{"type":"LineString","coordinates":[[120.3462332,23.4984993],[120.3449787,23.4991891],[120.3439935,23.4999224],[120.3431368,23.5002301],[120.3423371,23.5005379],[120.3417374,23.500564],[120.341152,23.5001974],[120.3393886,23.4995623],[120.3378322,23.4982987],[120.3361615,23.4967928],[120.3345123,23.4961708],[120.3336556,23.4951232],[120.3326632,23.4947369],[120.3312782,23.4942785],[120.3306214,23.4933488],[120.3298289,23.4925958],[120.3277727,23.4910702],[120.3275014,23.4905136],[120.3275014,23.4892958],[120.32748,23.4889553],[120.3273087,23.4887916],[120.3261378,23.4886934],[120.3256916,23.4884183],[120.3246564,23.4875508],[120.3226823,23.4866406],[120.3223718,23.486657],[120.3219613,23.4869614],[120.3211295,23.4877275],[120.320844,23.4876158],[120.3203543,23.4873565],[120.3195162,23.4875926],[120.3183602,23.4875509],[120.3174868,23.4880186],[120.3167245,23.4879075],[120.3158436,23.4877825],[120.3155962,23.4875278],[120.3155432,23.4873241],[120.3156391,23.4869861],[120.3156694,23.4865995],[120.3155634,23.486104],[120.315181,23.4851896],[120.3150811,23.4844203],[120.3150454,23.4841485],[120.3149623,23.4839943],[120.314899,23.4838768],[120.3147241,23.4837294],[120.3144814,23.4837262],[120.3142279,23.4837884],[120.3133997,23.4842238],[120.3120682,23.484322],[120.3115863,23.4846069],[120.3110723,23.4849998],[120.3100299,23.485242],[120.3098242,23.4853629],[120.3093053,23.4856677],[120.3090661,23.48572],[120.3075954,23.4853272],[120.3067601,23.4854581],[120.3059498,23.485445],[120.3054714,23.4849736],[120.3051287,23.4844759],[120.3042006,23.484011],[120.3032682,23.4834423],[120.3025902,23.483349],[120.3015326,23.4825905],[120.3009179,23.4821497],[120.3005338,23.4821],[120.2993487,23.4821589],[120.297828,23.482375],[120.2976189,23.4824851],[120.2974073,23.4826019]]}},{"type":"Feature","properties":{"name":"","waterway":"ditch","source":"OSM"},"geometry":{"type":"LineString","coordinates":[[120.3097581,23.5968212],[120.3098293,23.5954815],[120.309881,23.5947642],[120.3097873,23.5944678],[120.3094153,23.5940618],[120.3089819,23.5936231],[120.3085323,23.5930392],[120.3079436,23.5924137],[120.3072321,23.5915571],[120.3066725,23.5908517],[120.3061356,23.5900158],[120.3058413,23.5897075],[120.3055696,23.589423],[120.305382,23.5892629],[120.3051598,23.588896],[120.3049868,23.5887068],[120.304733,23.588362],[120.3046139,23.5882939],[120.303963,23.5879643],[120.3036451,23.5878134],[120.3032731,23.5876059],[120.3027362,23.5874459],[120.3025454,23.587271],[120.302099,23.5866692],[120.3018338,23.5863284],[120.3016786,23.5860527],[120.3015265,23.5856466],[120.3013131,23.5853087],[120.3011999,23.5850952]]}},{"type":"Feature","properties":{"name":"","waterway":"ditch","source":"OSM"},"geometry":{"type":"LineString","coordinates":[[120.3162612,23.580991],[120.3154699,23.5816372],[120.3145085,23.5823548],[120.3140599,23.582605],[120.3137255,23.5827659],[120.3123351,23.5833839],[120.3113515,23.5838742],[120.3110004,23.5839917],[120.3101449,23.5843211],[120.309367,23.5846126],[120.3090275,23.5848421],[120.3083867,23.5851639],[120.3077987,23.5854652],[120.3078015,23.5857027],[120.3063497,23.5858559],[120.305355,23.5859785]]}},{"type":"Feature","properties":{"name":"","waterway":"ditch","source":"OSM"},"geometry":{"type":"LineString","coordinates":[[120.3312088,23.5650234],[120.331085,23.5649083],[120.3300197,23.5639789],[120.3292994,23.5633231],[120.3291454,23.5632069],[120.3290139,23.5631717],[120.3286369,23.5630555],[120.3282551,23.5629599],[120.3278716,23.562829],[120.3275893,23.5626629],[120.3273663,23.5625099],[120.3273021,23.5624261],[120.3272845,23.5623026],[120.3272059,23.5619805],[120.3270583,23.5617012],[120.3269187,23.5613438],[120.3266749,23.560835],[120.326415,23.5601939],[120.3262786,23.5597939],[120.3261246,23.5596512],[120.3260529,23.5595987]]}},{"type":"Feature","properties":{"name":"","waterway":"ditch","source":"OSM"},"geometry":{"type":"LineString","coordinates":[[120.3208828,23.512868],[120.3207077,23.5128091],[120.3198161,23.5125435],[120.3193048,23.5124486],[120.3190734,23.512456],[120.3185702,23.5124515],[120.318033,23.5125138],[120.3168043,23.5126484],[120.3161567,23.5127082]]}},{"type":"Feature","properties":{"name":"嘉南大圳北幹線","waterway":"canal","source":"OSM"},"geometry":{"type":"LineString","coordinates":[[120.3630998,23.5891368],[120.3628895,23.5896828]]}},{"type":"Feature","properties":{"name":"嘉南大圳北幹線","waterway":"canal","source":"OSM"},"geometry":{"type":"LineString","coordinates":[[120.3668753,23.5831023],[120.3659796,23.5835946]]}},{"type":"Feature","properties":{"name":"嘉南大圳北幹線","waterway":"canal","source":"OSM"},"geometry":{"type":"LineString","coordinates":[[120.3660948,23.5097138],[120.3666967,23.5102152],[120.3675733,23.5109944],[120.3678035,23.5112382],[120.3678893,23.5114189]]}},{"type":"Feature","properties":{"name":"嘉南大圳北幹線","waterway":"canal","source":"OSM"},"geometry":{"type":"LineString","coordinates":[[120.3745898,23.5408688],[120.3747198,23.5414605],[120.3751502,23.5435999],[120.3756194,23.5458369],[120.3761055,23.5481869],[120.3764658,23.5499782],[120.3765432,23.5503949],[120.3765093,23.5506011],[120.3763788,23.5508428],[120.3761708,23.5510534],[120.3761006,23.5511642],[120.3760668,23.5513593],[120.3760861,23.5515189],[120.3761756,23.5516475],[120.3764199,23.551949],[120.3778805,23.553789],[120.378282,23.5543011],[120.378357,23.554474],[120.3784247,23.5547533],[120.3784295,23.5548908],[120.3784198,23.5551878],[120.3782433,23.5557575],[120.3779338,23.5568852],[120.3778709,23.5571142],[120.3770051,23.5603153],[120.3764416,23.5623546],[120.3759193,23.5643275],[120.3754066,23.5661762],[120.3749277,23.5679163],[120.3744852,23.569479],[120.3740257,23.5711547],[120.3736339,23.5726198],[120.3731382,23.5744618],[120.3727851,23.5757296],[120.372345,23.5773188],[120.3722707,23.5776013]]}},{"type":"Feature","properties":{"name":"嘉南大圳北幹線","waterway":"canal","source":"OSM"},"geometry":{"type":"LineString","coordinates":[[120.3659796,23.5835946],[120.3657839,23.5836856],[120.3651202,23.5841483],[120.3650153,23.5842652],[120.3648649,23.5845148],[120.3647089,23.5850008],[120.3640821,23.5865812],[120.3638845,23.5871025],[120.3631688,23.5889908],[120.3630998,23.5891368]]}},{"type":"Feature","properties":{"name":"","waterway":"ditch","source":"OSM"},"geometry":{"type":"LineString","coordinates":[[120.3442351,23.576322],[120.3433364,23.576197]]}},{"type":"Feature","properties":{"name":"","waterway":"ditch","source":"OSM"},"geometry":{"type":"LineString","coordinates":[[120.3638845,23.5871025],[120.3637852,23.587048],[120.3612572,23.5862228],[120.360149,23.5858692],[120.3598249,23.5857468],[120.3595405,23.5855518],[120.3593648,23.5854113],[120.3592758,23.5852662],[120.3589122,23.5846949],[120.3577372,23.5827906],[120.3564558,23.5806958]]}},{"type":"Feature","properties":{"name":"","waterway":"ditch","source":"OSM"},"geometry":{"type":"LineString","coordinates":[[120.3433364,23.576197],[120.342008,23.5760015],[120.3414549,23.5759109],[120.3408735,23.5758419],[120.3404121,23.5757016],[120.339633,23.5753349],[120.3373945,23.5742648],[120.3364153,23.5737772],[120.3351677,23.5732228],[120.3336707,23.572513],[120.3326256,23.5719995],[120.3319476,23.5717212],[120.331611,23.5714386],[120.3307378,23.5706576],[120.3306436,23.5705497],[120.3306648,23.5703642],[120.330533,23.5702023],[120.3299021,23.5697622],[120.3289182,23.5690287],[120.3280591,23.5684138],[120.3278354,23.5684008],[120.3276001,23.5683642],[120.3273317,23.5681268],[120.3270704,23.5678248],[120.3269339,23.5675767],[120.3264495,23.5672198],[120.3258617,23.5667615],[120.3241309,23.5653536],[120.3238744,23.5652494],[120.3235075,23.5652613],[120.3232282,23.5653],[120.3229035,23.5654161],[120.3224294,23.5656274],[120.3207505,23.5663388],[120.320455,23.5664966],[120.3194906,23.5679639],[120.319338,23.5680681],[120.3191633,23.5680946],[120.3180152,23.5671117],[120.3147133,23.564363],[120.3127891,23.5627298],[120.3113999,23.5615595],[120.3113127,23.5611218],[120.3111427,23.5608545],[120.3109108,23.5606903],[120.3105802,23.5605977],[120.3096255,23.560312],[120.3093563,23.5602314],[120.3081302,23.5598905],[120.3068053,23.5595137],[120.3045895,23.5588865],[120.3027135,23.5583393],[120.3017196,23.558038],[120.3008473,23.5577962],[120.300619,23.5577707],[120.3003756,23.5578171],[120.2997645,23.5580356],[120.2994019,23.5580194],[120.2987857,23.5578776]]}},{"type":"Feature","properties":{"name":"八掌溪支線","waterway":"canal","source":"OSM"},"geometry":{"type":"LineString","coordinates":[[120.376336,23.441771],[120.3758654,23.4416781],[120.3751334,23.4414502],[120.3722409,23.4405194],[120.3720283,23.4404091],[120.3703784,23.4395611],[120.362702,23.4354116],[120.3613005,23.4346622],[120.3606766,23.4343849]]}},{"type":"Feature","properties":{"name":"","waterway":"ditch","source":"OSM"},"geometry":{"type":"LineString","coordinates":[[120.3036944,23.5533447],[120.3033033,23.5532835],[120.3027963,23.5532438],[120.3025507,23.5532222],[120.3023168,23.552943],[120.3016232,23.5520513],[120.3007664,23.5509849],[120.2997033,23.5496879],[120.2988229,23.5486304],[120.2989251,23.5485151],[120.2989801,23.5484052],[120.2985281,23.5473496],[120.2974218,23.5447302],[120.2969521,23.5437178],[120.2969364,23.5433269],[120.2968886,23.5425146],[120.2969719,23.5420254],[120.2970275,23.5416764],[120.2970081,23.5412484],[120.2970358,23.539549],[120.2970914,23.538535],[120.2971276,23.5377856],[120.2963387,23.5360762],[120.2956634,23.5345093],[120.2948741,23.5331615],[120.2945351,23.5328532],[120.2935902,23.5322289],[120.2935513,23.5320302],[120.2935874,23.5299536],[120.2936513,23.5297268],[120.2940015,23.5282795],[120.29431,23.5277394],[120.2943544,23.5274922],[120.2943147,23.5272082]]}},{"type":"Feature","properties":{"name":"","waterway":"ditch","source":"OSM"},"geometry":{"type":"LineString","coordinates":[[120.3296198,23.5551332],[120.3295827,23.5551419],[120.3255375,23.5561016]]}},{"type":"Feature","properties":{"name":"","waterway":"ditch","source":"OSM"},"geometry":{"type":"LineString","coordinates":[[120.3352706,23.5563805],[120.3307289,23.5594888]]}},{"type":"Feature","properties":{"name":"","waterway":"ditch","source":"OSM"},"geometry":{"type":"LineString","coordinates":[[120.3438323,23.5543734],[120.3408399,23.5544414],[120.3391318,23.5544628],[120.3386041,23.5544938],[120.3381421,23.5546201],[120.3378242,23.5547289],[120.3372689,23.5549698],[120.3366946,23.555335]]}},{"type":"Feature","properties":{"name":"","waterway":"ditch","source":"OSM"},"geometry":{"type":"LineString","coordinates":[[120.3096255,23.560312],[120.3097068,23.5601722],[120.3097548,23.5599889],[120.3100898,23.5596151],[120.3103704,23.5593038],[120.3107999,23.5588732],[120.3116914,23.5579195],[120.3120341,23.5575315],[120.3123938,23.5571506],[120.3144467,23.5549533],[120.3148529,23.5545041],[120.3148095,23.5544188],[120.3143536,23.5538674],[120.314149,23.5537053],[120.3136931,23.5533671],[120.3133985,23.5531539],[120.3133021,23.5530448]]}},{"type":"Feature","properties":{"name":"","waterway":"ditch","source":"OSM"},"geometry":{"type":"LineString","coordinates":[[120.3306517,23.5305838],[120.3333635,23.52973],[120.3337594,23.529609],[120.3340335,23.529602],[120.3343102,23.5296555],[120.3345183,23.5297905],[120.3346731,23.5300232],[120.3348,23.5304398],[120.3349148,23.5308177],[120.335067,23.5312599],[120.3352803,23.531446],[120.3355061,23.5315158],[120.335661,23.5315182],[120.3388641,23.5308759],[120.3406407,23.5305315],[120.3408844,23.5304826],[120.3410595,23.530485],[120.3413133,23.5305431],[120.3414605,23.530599],[120.3415976,23.530706],[120.3417346,23.5308387],[120.341892,23.5310528],[120.3421128,23.5317672],[120.3425312,23.5331165],[120.3426419,23.533435],[120.3428439,23.5339932],[120.3429875,23.5344144],[120.3430414,23.5347336],[120.3429875,23.5350825],[120.3428727,23.535349],[120.3412179,23.5382416],[120.340159,23.5401733],[120.3399955,23.54033],[120.3398236,23.5404575],[120.3396491,23.5405487],[120.3394305,23.5405995],[120.3392233,23.5406098],[120.3389875,23.5405709],[120.3387393,23.5405077],[120.3369052,23.5399825],[120.3335157,23.5390374],[120.3333537,23.5390281],[120.3331837,23.5390393],[120.3329503,23.5390871],[120.3327799,23.5391499],[120.3324291,23.5393418]]}},{"type":"Feature","properties":{"name":"新街排水","waterway":"ditch","source":"OSM"},"geometry":{"type":"LineString","coordinates":[[120.2935698,23.5831552],[120.2939144,23.5843201],[120.2941415,23.5850067],[120.2948112,23.5864786],[120.2948764,23.5868739],[120.2959349,23.5881612],[120.2961874,23.5884941],[120.2960399,23.5886944],[120.2959377,23.5889466],[120.2961818,23.5899686],[120.2963378,23.5902183],[120.2970785,23.5910947],[120.2972062,23.5914483],[120.2973112,23.592036],[120.297453,23.5922779],[120.2977765,23.5924885],[120.2978702,23.5926342],[120.2983441,23.593742],[120.2983952,23.5939942],[120.2987045,23.596007],[120.2990081,23.5980145],[120.299266,23.5995914],[120.2993543,23.6001312],[120.2997232,23.6022063],[120.3000666,23.6040369],[120.3002425,23.6054514],[120.300476,23.6071543]]}},{"type":"Feature","properties":{"name":"","waterway":"ditch","source":"OSM"},"geometry":{"type":"LineString","coordinates":[[120.3025695,23.5998408],[120.3020137,23.599907],[120.3011007,23.5999475],[120.3004184,23.5999824],[120.2996881,23.600021],[120.2994232,23.5997324],[120.299266,23.5995914]]}},{"type":"Feature","properties":{"name":"","waterway":"ditch","source":"OSM"},"geometry":{"type":"LineString","coordinates":[[120.2983441,23.593742],[120.2986794,23.5938633],[120.3004019,23.5943118],[120.3010701,23.5945771],[120.3013383,23.5945914],[120.3018491,23.5945355],[120.3021243,23.5945719],[120.3026067,23.5947175]]}},{"type":"Feature","properties":{"name":"","waterway":"ditch","source":"OSM"},"geometry":{"type":"LineString","coordinates":[[120.3561407,23.6043364],[120.3564588,23.6036802],[120.3576056,23.6012883],[120.3584729,23.5994165],[120.3586521,23.5990881],[120.358609,23.5989646]]}},{"type":"Feature","properties":{"name":"","waterway":"ditch","source":"OSM"},"geometry":{"type":"LineString","coordinates":[[120.3460676,23.6195787],[120.3435956,23.6199491],[120.3414524,23.6202896]]}},{"type":"Feature","properties":{"name":"","waterway":"ditch","source":"OSM"},"geometry":{"type":"LineString","coordinates":[[120.4189965,23.5226274],[120.4190114,23.5231543],[120.4189358,23.5233011],[120.4187178,23.5234823],[120.4185495,23.5236756],[120.4184202,23.5235935],[120.4182551,23.5235849],[120.4181215,23.5236323],[120.4179954,23.5236128],[120.4172616,23.5236983],[120.4171716,23.5236693],[120.4171114,23.5236146],[120.4170997,23.5234882],[120.4172612,23.5230265],[120.4172157,23.5227017],[120.4171819,23.5225502],[120.4170914,23.5223445],[120.4169958,23.5222313],[120.4164996,23.5223283],[120.4163255,23.52235],[120.416016,23.5222091],[120.4158162,23.5221035],[120.4158595,23.5219287],[120.4159535,23.5218055],[120.4160879,23.5217924],[120.4162128,23.5217469],[120.4164209,23.5215957],[120.4165257,23.5213506],[120.4164565,23.5210937],[120.4163404,23.5210492],[120.416184,23.5210533],[120.4159935,23.5211517],[120.4158063,23.5211548],[120.4157335,23.5211287],[120.4156973,23.5210441],[120.4157398,23.5209267],[120.4157921,23.5208443],[120.4160391,23.5207052],[120.4160216,23.5205904],[120.4161635,23.5204814],[120.4161924,23.5203753],[120.4161546,23.5201714],[120.4160262,23.5200574],[120.4154813,23.5200535],[120.4153095,23.5200287],[120.4151719,23.5200044],[120.4150118,23.5200646],[120.4149516,23.5201388],[120.4149071,23.52041],[120.4147567,23.5213438],[120.4147033,23.5213829],[120.414582,23.521503],[120.4144602,23.5214784],[120.4143373,23.5213603],[120.414304,23.5207411],[120.4141789,23.5206128],[120.414131,23.5203978],[120.4135979,23.5201278],[120.4136491,23.5200075],[120.4135952,23.5199405],[120.4134136,23.5198618],[120.4133306,23.5198782],[120.4131663,23.51993],[120.412802,23.5199651],[120.4124328,23.5200367],[120.4119404,23.5200559],[120.4114977,23.5203693],[120.4114739,23.5204765],[120.4110683,23.5207285],[120.4109387,23.5209748],[120.4108416,23.521084],[120.4106344,23.5212057],[120.4104821,23.5212278],[120.4102799,23.5212863],[120.4101085,23.5215313],[120.40989,23.5217572],[120.4098173,23.5218834],[120.4098035,23.5219557],[120.4098264,23.5221585],[120.4099046,23.5222795],[120.4099291,23.5223597],[120.4099155,23.5224667],[120.4098601,23.5225579],[120.4096178,23.522765],[120.4094931,23.5228233],[120.409316,23.5228462],[120.4092133,23.5228622],[120.4089819,23.5228012],[120.4089443,23.5227663],[120.4090325,23.5225413],[120.4090915,23.522504],[120.4093223,23.5223877],[120.4094052,23.5223148],[120.4094666,23.5222094],[120.4094905,23.5221167],[120.4094563,23.5220468],[120.4093053,23.5219361],[120.4092092,23.5219032],[120.4088155,23.5219874],[120.4085177,23.5220078],[120.408439,23.5219582],[120.408397,23.5217929],[120.4082847,23.5217185],[120.4080909,23.5217129],[120.4078417,23.5216464],[120.4077014,23.5215186],[120.4076531,23.5215106],[120.4075997,23.5215814],[120.4075149,23.5216072],[120.4073527,23.5215789],[120.4071665,23.5214974],[120.4068562,23.5212601],[120.4066614,23.5212192],[120.4065093,23.5212358],[120.4061796,23.5215073],[120.4066174,23.5220549],[120.4066398,23.522147],[120.4065594,23.5222261],[120.4063765,23.5222501],[120.40623,23.5222026],[120.4060515,23.5220541],[120.4057689,23.521756],[120.4053972,23.5214758],[120.405177,23.5212484],[120.4050129,23.5211517],[120.404703,23.5211224],[120.4045724,23.5211654]]}},{"type":"Feature","properties":{"name":"","waterway":"ditch","source":"OSM"},"geometry":{"type":"LineString","coordinates":[[120.418491,23.5237645],[120.4182111,23.5241653],[120.4179013,23.5243758],[120.41617,23.5253587]]}},{"type":"Feature","properties":{"name":"","waterway":"ditch","source":"OSM"},"geometry":{"type":"LineString","coordinates":[[120.3899735,23.5882615],[120.3891787,23.5882847],[120.3891712,23.5883287],[120.3892038,23.5894548],[120.3892299,23.5903548]]}},{"type":"Feature","properties":{"name":"","waterway":"canal","source":"OSM"},"geometry":{"type":"LineString","coordinates":[[120.4019082,23.5977168],[120.4018266,23.5976607],[120.3979538,23.5983276],[120.3961738,23.5986365]]}},{"type":"Feature","properties":{"name":"","waterway":"ditch","source":"OSM"},"geometry":{"type":"LineString","coordinates":[[120.3892038,23.5894548],[120.3857067,23.5895401]]}},{"type":"Feature","properties":{"name":"","waterway":"ditch","source":"OSM"},"geometry":{"type":"LineString","coordinates":[[120.3973043,23.5845526],[120.3970663,23.5846543],[120.3968032,23.5852021],[120.396082,23.5857056],[120.3954896,23.5862108],[120.3951872,23.5866159],[120.3952856,23.5867439],[120.3952641,23.5868554],[120.3951209,23.5869554],[120.3951496,23.5870703],[120.395359,23.5874163],[120.3954825,23.5875344],[120.3956775,23.5880068],[120.3956858,23.5880216]]}},{"type":"Feature","properties":{"name":"","waterway":"canal","source":"OSM"},"geometry":{"type":"LineString","coordinates":[[120.3779338,23.5568852],[120.3654959,23.5556772]]}},{"type":"Feature","properties":{"name":"","waterway":"ditch","source":"OSM"},"geometry":{"type":"LineString","coordinates":[[120.3653101,23.5557391],[120.3652776,23.5557499],[120.3629002,23.5569757]]}},{"type":"Feature","properties":{"name":"","waterway":"ditch","source":"OSM"},"geometry":{"type":"LineString","coordinates":[[120.3837356,23.55743],[120.3810791,23.5571945],[120.3781506,23.556906],[120.3781305,23.5569353]]}},{"type":"Feature","properties":{"name":"","waterway":"ditch","source":"OSM"},"geometry":{"type":"LineString","coordinates":[[120.3700698,23.5645064],[120.3700131,23.5653013],[120.3698105,23.5677875],[120.3696591,23.5699716],[120.3695915,23.5700607]]}},{"type":"Feature","properties":{"name":"","waterway":"canal","source":"OSM"},"geometry":{"type":"LineString","coordinates":[[120.3695915,23.5700607],[120.3645148,23.5697066]]}},{"type":"Feature","properties":{"name":"","waterway":"ditch","source":"OSM"},"geometry":{"type":"LineString","coordinates":[[120.3704341,23.5586331],[120.365218,23.5582737]]}},{"type":"Feature","properties":{"name":"","waterway":"canal","source":"OSM"},"geometry":{"type":"LineString","coordinates":[[120.3781305,23.5569353],[120.3771696,23.5604515],[120.3753491,23.5671315],[120.3753797,23.5673504],[120.3754905,23.5676498],[120.3757274,23.5678547],[120.3762661,23.5680228],[120.3773014,23.5683117],[120.377544,23.5684293]]}},{"type":"Feature","properties":{"name":"","waterway":"ditch","source":"OSM"},"geometry":{"type":"LineString","coordinates":[[120.3844126,23.5790811],[120.3841411,23.5790923],[120.3840275,23.5791183],[120.3811445,23.5791957],[120.380013,23.5792133],[120.3798035,23.5792301],[120.3793287,23.5792576],[120.3788983,23.5792702],[120.3778926,23.5792758],[120.3775734,23.5792892],[120.3774054,23.5793708],[120.3773009,23.5794797]]}},{"type":"Feature","properties":{"name":"","waterway":"ditch","source":"OSM"},"geometry":{"type":"LineString","coordinates":[[120.3778093,23.5860499],[120.3776943,23.5827707],[120.3776054,23.5796564],[120.3773216,23.5796731]]}},{"type":"Feature","properties":{"name":"柳溝大排水溝","waterway":"canal","source":"OSM"},"geometry":{"type":"LineString","coordinates":[[120.4291977,23.584737],[120.426755,23.5846386],[120.4244106,23.5845064],[120.4242214,23.5845101]]}},{"type":"Feature","properties":{"name":"","waterway":"canal","source":"OSM"},"geometry":{"type":"LineString","coordinates":[[120.4053878,23.5891033],[120.4048435,23.588653],[120.4046115,23.5885643],[120.4027428,23.5868886],[120.4018894,23.5861186]]}},{"type":"Feature","properties":{"name":"","waterway":"ditch","source":"OSM"},"geometry":{"type":"LineString","coordinates":[[120.3276341,23.4300717],[120.327831,23.4322147],[120.3278967,23.4338299]]}},{"type":"Feature","properties":{"name":"","waterway":"ditch","source":"OSM"},"geometry":{"type":"LineString","coordinates":[[120.331523,23.4287449],[120.3316923,23.4305283],[120.3318014,23.43146],[120.3317141,23.4320712],[120.3317469,23.4322966]]}},{"type":"Feature","properties":{"name":"","waterway":"canal","source":"OSM"},"geometry":{"type":"LineString","coordinates":[[120.4467185,23.5162026],[120.4447721,23.5137893]]}},{"type":"Feature","properties":{"name":"","waterway":"ditch","source":"OSM"},"geometry":{"type":"LineString","coordinates":[[120.4186724,23.561892],[120.4171281,23.5614763],[120.4168378,23.5613845],[120.4162861,23.5611885],[120.415838,23.5610536],[120.4156586,23.5608846],[120.4155175,23.5606381],[120.4152235,23.5599219],[120.4150436,23.5594863],[120.4148976,23.5593353],[120.4146753,23.5592311],[120.4144461,23.5592653],[120.4139895,23.5593789],[120.4131917,23.5592684],[120.4117115,23.5589541],[120.4115248,23.5589883],[120.4112057,23.5593027],[120.4107236,23.5596714],[120.4102076,23.559799],[120.409992,23.559785],[120.4094554,23.5596321]]}},{"type":"Feature","properties":{"name":"","waterway":"ditch","source":"OSM"},"geometry":{"type":"LineString","coordinates":[[120.4406958,23.5821275],[120.4409738,23.5820761],[120.4416819,23.5819923],[120.4448594,23.581438]]}},{"type":"Feature","properties":{"name":"下三股支線","waterway":"ditch","source":"OSM"},"geometry":{"type":"LineString","coordinates":[[120.454198,23.6073073],[120.4541707,23.6073041],[120.4540318,23.6073175],[120.4539207,23.6073644],[120.4538112,23.6076453],[120.4536161,23.60779],[120.4532692,23.6078779],[120.4528347,23.6078236],[120.452317,23.6078085],[120.4518297,23.6078774],[120.4510264,23.608059],[120.4502137,23.6085433],[120.449935,23.6087561],[120.4485954,23.6095608],[120.4480514,23.6100655],[120.4473132,23.6108741],[120.4469113,23.6113241],[120.4467096,23.6117392],[120.44652,23.6119106],[120.4457074,23.6120469],[120.4455197,23.6120597],[120.4454716,23.6120356],[120.4454327,23.6119902],[120.4453616,23.6119226],[120.4453122,23.6118872],[120.445092,23.6119103],[120.4447305,23.6120009],[120.4437168,23.6123545],[120.4429923,23.6126062],[120.4416576,23.6132036],[120.4414252,23.6132628],[120.4402084,23.6131287],[120.4399852,23.6130323],[120.439362,23.6122316],[120.4392164,23.6121663],[120.4388269,23.6120892]]}},{"type":"Feature","properties":{"name":"八掌溪支線","waterway":"canal","source":"OSM"},"geometry":{"type":"LineString","coordinates":[[120.3308546,23.4051063],[120.33083,23.404978],[120.330738,23.4047388],[120.3306008,23.4045064],[120.3304154,23.4042583],[120.3302964,23.4041351],[120.330118,23.4040095],[120.3299318,23.4039109],[120.3297549,23.4038287],[120.3295321,23.4037738],[120.325457,23.4033989],[120.3252671,23.4033557],[120.3250972,23.4032838],[120.3225327,23.402046],[120.3224413,23.4019981],[120.3210825,23.4013383],[120.3208306,23.4012166],[120.3190282,23.4003599],[120.3178663,23.3997859],[120.3176887,23.3996681],[120.3156097,23.3978208],[120.315443,23.3976768],[120.3133406,23.3958453],[120.3111797,23.3939222],[120.3110829,23.3938472],[120.3109018,23.3937475],[120.3106935,23.3936544],[120.3078648,23.3927029],[120.3077532,23.39267],[120.2993488,23.3898546],[120.2991185,23.3897452],[120.298913,23.389606],[120.2987398,23.3894721],[120.2985986,23.3893067],[120.2978401,23.3881794],[120.2977611,23.3880591]]}},{"type":"Feature","properties":{"name":"水上排水","waterway":"ditch","source":"OSM"},"geometry":{"type":"LineString","coordinates":[[120.4091358,23.43863],[120.4082858,23.4376749],[120.4077326,23.4370856],[120.4069763,23.4370254],[120.4069669,23.4369666],[120.4070579,23.4360631]]}},{"type":"Feature","properties":{"name":"","waterway":"ditch","source":"OSM"},"geometry":{"type":"LineString","coordinates":[[120.5042977,23.4365321],[120.5043086,23.4364812],[120.5043553,23.4363368],[120.5043311,23.4360554],[120.5042243,23.4358403],[120.5040881,23.4357127],[120.5037439,23.4356984],[120.5034103,23.435822],[120.5031792,23.4358845],[120.5025239,23.4353363],[120.5024204,23.4351589]]}},{"type":"Feature","properties":{"name":"","waterway":"ditch","source":"OSM"},"geometry":{"type":"LineString","coordinates":[[120.4283554,23.4641199],[120.4277773,23.4635111],[120.4268312,23.4625026],[120.4259941,23.4615919],[120.4255272,23.4611391],[120.4253682,23.4610432],[120.4252348,23.4610147],[120.4249213,23.4610228],[120.4247168,23.461084],[120.4246616,23.4611243]]}},{"type":"Feature","properties":{"name":"","waterway":"canal","source":"OSM"},"geometry":{"type":"LineString","coordinates":[[120.3130846,23.4993396],[120.3128982,23.4991767],[120.3114271,23.4985435],[120.3081295,23.4970502]]}},{"type":"Feature","properties":{"name":"","waterway":"ditch","source":"OSM"},"geometry":{"type":"LineString","coordinates":[[120.3799627,23.4395576],[120.3803864,23.4384453],[120.3806815,23.4382263],[120.3809363,23.4379827],[120.3809175,23.4378252],[120.3808344,23.4376381],[120.3808344,23.4374117],[120.3809014,23.437301],[120.381175,23.4368703],[120.3812206,23.4367104],[120.3813225,23.4363782],[120.381403,23.4362428],[120.3817705,23.4358663],[120.3818482,23.4356768],[120.3818697,23.4354824],[120.3819382,23.4353618]]}},{"type":"Feature","properties":{"name":"豬灶溪","waterway":"canal","source":"OSM"},"geometry":{"type":"LineString","coordinates":[[120.5381641,23.5902993],[120.5380522,23.591339],[120.5379289,23.5915956],[120.5378078,23.5917195],[120.537433,23.5919927],[120.5372076,23.5920973],[120.5363281,23.5925534],[120.5358429,23.5928161],[120.5357617,23.5932276],[120.5357668,23.5939559],[120.5358517,23.5944247],[120.535912,23.5950615],[120.536047,23.5954256]]}},{"type":"Feature","properties":{"name":"","waterway":"canal","source":"OSM"},"geometry":{"type":"LineString","coordinates":[[120.4028418,23.6021927],[120.4025019,23.6022334]]}},{"type":"Feature","properties":{"name":"","waterway":"canal","source":"OSM"},"geometry":{"type":"LineString","coordinates":[[120.4080642,23.6003672],[120.4047866,23.6019676],[120.4033288,23.6021345],[120.4028418,23.6021927]]}},{"type":"Feature","properties":{"name":"","waterway":"ditch","source":"OSM"},"geometry":{"type":"LineString","coordinates":[[120.3081967,23.5170785],[120.3077708,23.5171474],[120.3063987,23.5173106],[120.3044246,23.5175895],[120.3034764,23.5176845],[120.3031948,23.5176014],[120.3029586,23.517456],[120.3028065,23.517272],[120.3027288,23.5171029],[120.3025897,23.5162572]]}},{"type":"Feature","properties":{"name":"嘉南大圳蒜頭支線","waterway":"ditch","source":"OSM"},"geometry":{"type":"LineString","coordinates":[[120.3221702,23.5140182],[120.3221794,23.514119],[120.3221056,23.5143926],[120.3219067,23.5145486],[120.321573,23.5146251],[120.3193078,23.5150164],[120.316818,23.5154312],[120.3162597,23.5155224],[120.3159645,23.5156695],[120.3159067,23.5157048],[120.3158437,23.5157439]]}},{"type":"Feature","properties":{"name":"","waterway":"ditch","source":"OSM"},"geometry":{"type":"LineString","coordinates":[[120.3098219,23.5168695],[120.3083619,23.5170621]]}},{"type":"Feature","properties":{"name":"","waterway":"ditch","source":"OSM"},"geometry":{"type":"LineString","coordinates":[[120.3099423,23.5168536],[120.3098219,23.5168695]]}},{"type":"Feature","properties":{"name":"","waterway":"ditch","source":"OSM"},"geometry":{"type":"LineString","coordinates":[[120.3083619,23.5170621],[120.3081967,23.5170785]]}},{"type":"Feature","properties":{"name":"","waterway":"ditch","source":"OSM"},"geometry":{"type":"LineString","coordinates":[[120.3025897,23.5162572],[120.3025742,23.5161518]]}},{"type":"Feature","properties":{"name":"","waterway":"ditch","source":"OSM"},"geometry":{"type":"LineString","coordinates":[[120.3010816,23.5122066],[120.3009629,23.5120933]]}},{"type":"Feature","properties":{"name":"","waterway":"ditch","source":"OSM"},"geometry":{"type":"LineString","coordinates":[[120.3210234,23.5129154],[120.3209406,23.5128875],[120.3208828,23.512868]]}},{"type":"Feature","properties":{"name":"","waterway":"ditch","source":"OSM"},"geometry":{"type":"LineString","coordinates":[[120.3136492,23.5163915],[120.3135588,23.5164029]]}},{"type":"Feature","properties":{"name":"","waterway":"ditch","source":"OSM"},"geometry":{"type":"LineString","coordinates":[[120.3221608,23.5139402],[120.3221702,23.5140182]]}},{"type":"Feature","properties":{"name":"","waterway":"ditch","source":"OSM"},"geometry":{"type":"LineString","coordinates":[[120.3158437,23.5157439],[120.3157186,23.5158215]]}},{"type":"Feature","properties":{"name":"嘉南大圳蒜頭支線","waterway":"ditch","source":"OSM"},"geometry":{"type":"LineString","coordinates":[[120.3135588,23.5164029],[120.3121616,23.5165789],[120.3099423,23.5168536]]}},{"type":"Feature","properties":{"name":"","waterway":"ditch","source":"OSM"},"geometry":{"type":"LineString","coordinates":[[120.3226282,23.5132415],[120.3218533,23.5131652],[120.3214747,23.5130673],[120.3210234,23.5129154]]}},{"type":"Feature","properties":{"name":"嘉南大圳蒜頭支線","waterway":"ditch","source":"OSM"},"geometry":{"type":"LineString","coordinates":[[120.3157186,23.5158215],[120.3152618,23.5161049],[120.314957,23.5162167],[120.3144077,23.516296],[120.3136492,23.5163915]]}},{"type":"Feature","properties":{"name":"","waterway":"ditch","source":"OSM"},"geometry":{"type":"LineString","coordinates":[[120.3025742,23.5161518],[120.302402,23.5149812],[120.3022952,23.5134915],[120.3022531,23.5133253],[120.3020492,23.5131057],[120.3013923,23.5125122],[120.3010816,23.5122066]]}},{"type":"Feature","properties":{"name":"","waterway":"ditch","source":"OSM"},"geometry":{"type":"LineString","coordinates":[[120.3009629,23.5120933],[120.2999748,23.5111501],[120.2986382,23.5098741],[120.2984279,23.5096515],[120.2983599,23.5095061],[120.298203,23.5092108],[120.2981657,23.5091257]]}},{"type":"Feature","properties":{"name":"","waterway":"ditch","source":"OSM"},"geometry":{"type":"LineString","coordinates":[[120.3348742,23.5675375],[120.3348405,23.5674948],[120.3348646,23.5674169],[120.3349865,23.5667522],[120.3349753,23.5666861],[120.3349464,23.5666626],[120.3343801,23.5666405],[120.33387,23.5666243],[120.3333165,23.5666287],[120.3330726,23.5665979],[120.3328978,23.5664537],[120.3323267,23.5660258],[120.3316481,23.5654318],[120.3315131,23.5653063]]}},{"type":"Feature","properties":{"name":"","waterway":"ditch","source":"OSM"},"geometry":{"type":"LineString","coordinates":[[120.3315131,23.5653063],[120.3312088,23.5650234]]}},{"type":"Feature","properties":{"name":"","waterway":"ditch","source":"OSM"},"geometry":{"type":"LineString","coordinates":[[120.3350539,23.5675581],[120.3348742,23.5675375]]}},{"type":"Feature","properties":{"name":"","waterway":"ditch","source":"OSM"},"geometry":{"type":"LineString","coordinates":[[120.3470948,23.5598113],[120.3467355,23.5603826],[120.3461178,23.5613973],[120.3454296,23.5625958],[120.3446965,23.563781],[120.3438526,23.5651309],[120.3437131,23.5654456],[120.3429478,23.5666793],[120.3424457,23.5675336],[120.342327,23.5676733],[120.3420607,23.5678792],[120.341958,23.5678939],[120.3417815,23.5678674],[120.3403698,23.5678865],[120.3385602,23.5679336],[120.3383308,23.5679439],[120.3382095,23.567858],[120.338041,23.5675948],[120.3379528,23.5675831],[120.3367688,23.5675639],[120.3365795,23.5675536],[120.3359282,23.5675728],[120.3356924,23.5675742],[120.3354357,23.5675728],[120.3350539,23.5675581]]}},{"type":"Feature","properties":{"name":"灣橋排水","waterway":"canal","source":"OSM"},"geometry":{"type":"LineString","coordinates":[[120.5014124,23.4899154],[120.5016404,23.490277],[120.5019488,23.4903508],[120.5021473,23.4906607],[120.5022599,23.4908009],[120.5025067,23.4909682],[120.5025362,23.4911232],[120.5025228,23.4915266],[120.5027883,23.4918489],[120.5030834,23.4923285],[120.5029171,23.4925917],[120.5028393,23.492732],[120.503196,23.4930173],[120.5037674,23.4933912],[120.5037754,23.4935167],[120.5039524,23.4936716],[120.5043521,23.4942915],[120.5043172,23.4947269],[120.5039605,23.4951525],[120.5036735,23.4953935],[120.5033489,23.4955362],[120.5032309,23.495856],[120.5032819,23.4960749],[120.5033731,23.4962668],[120.5034964,23.4966726],[120.5035099,23.4969924],[120.5031558,23.4969899],[120.5027052,23.4969162],[120.5024772,23.497108],[120.5023833,23.4973442],[120.5020883,23.4975532],[120.5017852,23.4975803],[120.501171,23.497445],[120.5009081,23.4974426],[120.4999237,23.4980034],[120.4998621,23.498269],[120.4995965,23.4988446],[120.4992626,23.4990402],[120.498867,23.4992677],[120.4986832,23.4995174],[120.4986222,23.4997157],[120.4984888,23.4998851],[120.4983385,23.5000573],[120.4983412,23.50035],[120.4985531,23.5007239],[120.4984324,23.5011789],[120.4983949,23.5013978],[120.4987945,23.5021407],[120.4989313,23.5024998],[120.4990708,23.502763],[120.4992666,23.5032229],[120.4992827,23.5034345],[120.4994624,23.5036239],[120.4996223,23.5039514]]}},{"type":"Feature","properties":{"name":"中興圳幹線","waterway":"canal","source":"OSM"},"geometry":{"type":"LineString","coordinates":[[120.5066329,23.5084941],[120.5062155,23.5083974],[120.5057542,23.5082596],[120.5053223,23.5083408],[120.5050809,23.5083777],[120.5050005,23.5088573],[120.5048851,23.5089827],[120.504,23.5092484],[120.5034367,23.5085671],[120.5032168,23.508631]]}},{"type":"Feature","properties":{"name":"大排水溝","waterway":"ditch","source":"OSM"},"geometry":{"type":"LineString","coordinates":[[120.4524277,23.4584621],[120.4524637,23.4581006],[120.4525559,23.4574606],[120.4526035,23.4570237],[120.4526919,23.456747],[120.4527459,23.4562138],[120.4527639,23.4558165],[120.4529916,23.4557755],[120.4530724,23.4556979],[120.4530301,23.4554297],[120.4530493,23.4552992],[120.4532993,23.4552992],[120.4535839,23.4553803],[120.4538147,23.4552992],[120.4538454,23.4552286],[120.453863,23.4550877]]}},{"type":"Feature","properties":{"name":"","waterway":"ditch","source":"OSM"},"geometry":{"type":"LineString","coordinates":[[120.445992,23.4920888],[120.446128,23.4924969],[120.4462589,23.4927119],[120.4464905,23.4929013],[120.4466858,23.4931717],[120.4467082,23.4934678],[120.4467334,23.4937644],[120.4469913,23.4939348],[120.4473302,23.494223],[120.4475955,23.494449]]}},{"type":"Feature","properties":{"name":"","waterway":"ditch","source":"OSM"},"geometry":{"type":"LineString","coordinates":[[120.3629002,23.5569757],[120.3619868,23.5574761],[120.3614824,23.5579556],[120.3585683,23.5606781],[120.3557982,23.5617902]]}},{"type":"Feature","properties":{"name":"","waterway":"ditch","source":"OSM"},"geometry":{"type":"LineString","coordinates":[[120.3557982,23.5617902],[120.3555344,23.5618332],[120.3519462,23.5617674]]}},{"type":"Feature","properties":{"name":"","waterway":"ditch","source":"OSM"},"geometry":{"type":"LineString","coordinates":[[120.4532304,23.4909344],[120.4523541,23.4906177]]}},{"type":"Feature","properties":{"name":"民雄大排水溝","waterway":"ditch","source":"OSM"},"geometry":{"type":"LineString","coordinates":[[120.4605175,23.5521944],[120.4602573,23.5524292],[120.4596597,23.5524889],[120.459245,23.5531336],[120.4591678,23.5533423],[120.4591678,23.5535025],[120.4592166,23.5536591],[120.4592776,23.5539037],[120.4592166,23.5542913],[120.459054,23.5545075],[120.4588629,23.5546454],[120.4582612,23.5550441],[120.4581392,23.5551187],[120.4579766,23.5551112],[120.4574258,23.5550367],[120.4572225,23.5550851],[120.4570884,23.5551783],[120.4570884,23.5557864],[120.4570355,23.5559765],[120.4565395,23.556692],[120.4557212,23.5569641],[120.4555992,23.5569603],[120.4554976,23.5568895],[120.4550219,23.5565243],[120.4548918,23.5564759],[120.454717,23.5564274],[120.4545381,23.556461],[120.454319,23.556569],[120.453697,23.5566138],[120.4535669,23.5566808],[120.4533503,23.5569231],[120.4531457,23.5571566]]}},{"type":"Feature","properties":{"name":"","waterway":"ditch","source":"OSM"},"geometry":{"type":"LineString","coordinates":[[120.4662418,23.4818676],[120.465974,23.4820696],[120.465843,23.4821697],[120.4655593,23.4823698],[120.4653906,23.4824827],[120.465226,23.4825664],[120.4649859,23.4826683],[120.464841,23.482712],[120.4646764,23.4827484],[120.4645256,23.4827629],[120.4644482,23.4827847],[120.4643331,23.4828539]]}},{"type":"Feature","properties":{"name":"道將圳","waterway":"ditch","source":"OSM"},"geometry":{"type":"LineString","coordinates":[[120.4401621,23.4655709],[120.4381397,23.465444],[120.4371871,23.4654134],[120.4360804,23.4653577],[120.4352093,23.4652649],[120.435117,23.4652476],[120.4335591,23.4641806],[120.4322563,23.4632506],[120.4315071,23.4627324]]}},{"type":"Feature","properties":{"name":"道將圳","waterway":"ditch","source":"OSM"},"geometry":{"type":"LineString","coordinates":[[120.4404888,23.4655856],[120.4402435,23.465576],[120.4401621,23.4655709]]}},{"type":"Feature","properties":{"name":"嘉南大圳北幹線","waterway":"canal","source":"OSM"},"geometry":{"type":"LineString","coordinates":[[120.3814068,23.4352362],[120.3793991,23.4404498],[120.3789736,23.4415519],[120.3789541,23.441613]]}},{"type":"Feature","properties":{"name":"","waterway":"ditch","source":"OSM"},"geometry":{"type":"LineString","coordinates":[[120.357158,23.4938132],[120.3570604,23.4938207],[120.3568409,23.4937722],[120.3477671,23.4938199]]}},{"type":"Feature","properties":{"name":"","waterway":"ditch","source":"OSM"},"geometry":{"type":"LineString","coordinates":[[120.4638585,23.5268844],[120.4639998,23.526126],[120.4638989,23.5256265],[120.4636808,23.5255673],[120.4635315,23.5254144],[120.4635403,23.5251084],[120.4631188,23.5248749],[120.4629783,23.524585],[120.462829,23.5240294],[120.4628114,23.5236349],[120.4627851,23.5231759],[120.4626182,23.5231276],[120.4623811,23.5229585],[120.4620191,23.5227913],[120.4616198,23.5222177],[120.461074,23.5219736],[120.4515511,23.5193019],[120.4492981,23.5193609],[120.4480865,23.5180889]]}},{"type":"Feature","properties":{"name":"","waterway":"ditch","source":"OSM"},"geometry":{"type":"LineString","coordinates":[[120.4561649,23.5251283],[120.4535176,23.5243495],[120.4530646,23.5240769],[120.4492981,23.5193609]]}},{"type":"Feature","properties":{"name":"","waterway":"ditch","source":"OSM"},"geometry":{"type":"LineString","coordinates":[[120.4390536,23.5185328],[120.4363859,23.5179318],[120.4349419,23.5176333],[120.4331157,23.5177241],[120.4330308,23.5190611],[120.4294066,23.5185809],[120.4295482,23.5202424],[120.428628,23.5204371],[120.4278211,23.5203592],[120.4259807,23.5204371],[120.4246924,23.5204111],[120.4239846,23.5203982],[120.4229653,23.5207357],[120.4219177,23.5209304],[120.4210966,23.5213457],[120.4201339,23.5216962],[120.4196809,23.5217352],[120.419327,23.5220856],[120.4190684,23.5225095]]}},{"type":"Feature","properties":{"name":"","waterway":"ditch","source":"OSM"},"geometry":{"type":"LineString","coordinates":[[120.4105333,23.4688243],[120.4107623,23.4685876],[120.4110014,23.4685825],[120.4110856,23.4685015],[120.4115117,23.4681476],[120.4118853,23.4678413],[120.4122566,23.4676036]]}},{"type":"Feature","properties":{"name":"","waterway":"ditch","source":"OSM"},"geometry":{"type":"LineString","coordinates":[[120.4167569,23.4672536],[120.4166776,23.4672536],[120.4166075,23.4672579],[120.4165503,23.4672857],[120.4164639,23.4673061],[120.416416,23.46732],[120.416346,23.4673307],[120.4162899,23.4673457],[120.4162024,23.4673639],[120.4161487,23.4673832],[120.4160961,23.467411],[120.4160471,23.4674303],[120.4159911,23.4674742],[120.4159339,23.4675021],[120.4158918,23.4675138],[120.4158521,23.4675117],[120.415837,23.4674989],[120.4157973,23.4674689],[120.4157459,23.4674132],[120.4157214,23.4673907],[120.4156922,23.4673564],[120.415677,23.4673436],[120.4156455,23.4673136],[120.4156058,23.4673029],[120.4155579,23.46729],[120.4154879,23.467289],[120.4154283,23.467289],[120.4153606,23.467289],[120.4152847,23.4672922]]}},{"type":"Feature","properties":{"name":"道將圳","waterway":"ditch","source":"OSM"},"geometry":{"type":"LineString","coordinates":[[120.4529347,23.4654641],[120.4515294,23.4649624],[120.4499045,23.4638224],[120.4488585,23.4630519],[120.4481782,23.4631419],[120.4490346,23.4643286],[120.4478814,23.4646726],[120.4466935,23.4648789],[120.4457096,23.4650378],[120.4452435,23.4651209],[120.4441204,23.4653109],[120.4436688,23.4653792],[120.4430749,23.465394],[120.4424916,23.4654183],[120.441865,23.4654831],[120.4407882,23.4655974],[120.440581,23.4655885],[120.4404888,23.4655856]]}},{"type":"Feature","properties":{"name":"道將圳","waterway":"ditch","source":"OSM"},"geometry":{"type":"LineString","coordinates":[[120.4535977,23.4653836],[120.4530778,23.4654662],[120.4530595,23.4654659],[120.4529347,23.4654641]]}},{"type":"Feature","properties":{"name":"道將圳幹線","waterway":"ditch","source":"OSM"},"geometry":{"type":"LineString","coordinates":[[120.4291693,23.4610073],[120.4291378,23.4609718],[120.4284176,23.4601625],[120.427192,23.4587891],[120.4271669,23.4587609]]}},{"type":"Feature","properties":{"name":"道將圳","waterway":"ditch","source":"OSM"},"geometry":{"type":"LineString","coordinates":[[120.4627786,23.4643348],[120.4622935,23.4644022]]}},{"type":"Feature","properties":{"name":"道將圳","waterway":"ditch","source":"OSM"},"geometry":{"type":"LineString","coordinates":[[120.4622935,23.4644022],[120.4613416,23.4645345],[120.4599296,23.4646821],[120.4596183,23.4647979],[120.4592941,23.465001],[120.4590252,23.4652404],[120.4586307,23.4656546],[120.4583897,23.4658697],[120.458132,23.4659641],[120.4574619,23.4658623],[120.456338,23.4656655],[120.4553494,23.4655059],[120.4549659,23.4653028],[120.4547438,23.465244],[120.4546677,23.4652403],[120.454103,23.465328],[120.4539347,23.4653548],[120.4535977,23.4653836]]}},{"type":"Feature","properties":{"name":"北中林排水","waterway":"canal","source":"OSM"},"geometry":{"type":"LineString","coordinates":[[120.4869339,23.5997078],[120.4868969,23.5997388],[120.4868386,23.5997499],[120.4867226,23.5997566],[120.4866488,23.5997462],[120.4865952,23.5997038],[120.4864315,23.5995378],[120.4863739,23.5994125],[120.486288,23.5993142],[120.4861298,23.5993462],[120.4859407,23.599442],[120.4855887,23.5995932],[120.4855317,23.5996006],[120.4854619,23.5995772],[120.4853587,23.5994371],[120.4852796,23.5993658],[120.4851776,23.5993854],[120.485069,23.5994273],[120.4849617,23.5994334],[120.4848571,23.5993781],[120.4847069,23.5992553],[120.4845299,23.5989947],[120.4844883,23.5989001],[120.4844722,23.5987575],[120.4844508,23.5986592],[120.4843891,23.5985744],[120.4841772,23.5985055],[120.4838526,23.5983065],[120.4831753,23.598315],[120.4828911,23.5982229],[120.4825947,23.5980877],[120.4823989,23.5979869],[120.4822527,23.5979218],[120.4821119,23.5978837],[120.4817752,23.5978886],[120.4802813,23.5981086],[120.4799017,23.5982819],[120.4797462,23.5983181],[120.479608,23.598304],[120.4793831,23.5982078],[120.479258,23.5981615],[120.4791386,23.598143],[120.4789965,23.5981565],[120.4789053,23.598186],[120.4786183,23.5983851],[120.4784225,23.5984687],[120.4777513,23.5985799],[120.4776286,23.598846]]}},{"type":"Feature","properties":{"name":"八掌溪支線","waterway":"canal","source":"OSM"},"geometry":{"type":"LineString","coordinates":[[120.3601762,23.4341788],[120.3575229,23.4329981],[120.3567615,23.4326473],[120.3563268,23.4323775],[120.3560687,23.4321136],[120.355902,23.4318198],[120.3557974,23.4315679],[120.3557615,23.431325],[120.3557746,23.4305394],[120.3558655,23.4269061]]}},{"type":"Feature","properties":{"name":"八掌溪支線","waterway":"canal","source":"OSM"},"geometry":{"type":"LineString","coordinates":[[120.3606766,23.4343849],[120.3601762,23.4341788]]}},{"type":"Feature","properties":{"name":"八掌溪支線","waterway":"canal","source":"OSM"},"geometry":{"type":"LineString","coordinates":[[120.3558655,23.4269061],[120.3558691,23.4268542]]}},{"type":"Feature","properties":{"name":"八掌溪支線","waterway":"canal","source":"OSM"},"geometry":{"type":"LineString","coordinates":[[120.3558691,23.4268542],[120.3558948,23.4262478],[120.3559035,23.4259363],[120.355911,23.4256701],[120.3559175,23.4254542],[120.3559012,23.4250974],[120.3557705,23.4244887],[120.3556659,23.4242907],[120.3554339,23.4239759],[120.3552084,23.423784],[120.3549012,23.4235831],[120.3545745,23.4234691],[120.3543869,23.4234094],[120.3538357,23.4233535],[120.3521661,23.4233316],[120.3484394,23.4232371],[120.3468976,23.4232108],[120.344781,23.4231829],[120.3411666,23.4230991],[120.340815,23.4230681],[120.340443,23.4229595],[120.3402064,23.4228478],[120.3399866,23.4226927],[120.3398243,23.4225283],[120.3396586,23.4222987],[120.3379951,23.4193575],[120.3369875,23.4176008],[120.3369698,23.4174719],[120.3369619,23.4174138],[120.3369526,23.4173457],[120.3360632,23.4159306],[120.3354275,23.4148342]]}},{"type":"Feature","properties":{"name":"嘉南大圳北幹線","waterway":"canal","source":"OSM"},"geometry":{"type":"LineString","coordinates":[[120.3802245,23.4763784],[120.3802034,23.4765007],[120.3799843,23.4772868],[120.3799298,23.4774352]]}},{"type":"Feature","properties":{"name":"嘉南大圳北幹線","waterway":"canal","source":"OSM"},"geometry":{"type":"LineString","coordinates":[[120.3799298,23.4774352],[120.3792276,23.4793488],[120.3790092,23.4798757],[120.3785001,23.4812125]]}},{"type":"Feature","properties":{"name":"民雄大排水溝","waterway":"canal","source":"OSM"},"geometry":{"type":"LineString","coordinates":[[120.416954,23.5552071],[120.4159948,23.5557254]]}},{"type":"Feature","properties":{"name":"民雄大排水溝","waterway":"canal","source":"OSM"},"geometry":{"type":"LineString","coordinates":[[120.4159948,23.5557254],[120.4159341,23.5557582],[120.4151101,23.5560767],[120.4149876,23.5561841],[120.4146024,23.5565217],[120.4138096,23.5572892],[120.4127808,23.5577955],[120.4121929,23.5578281],[120.4119034,23.5578486],[120.4094226,23.5583344],[120.4094932,23.5586563],[120.409342,23.5592914],[120.4094554,23.5596321],[120.4092602,23.5599034],[120.4090428,23.5600276],[120.4086208,23.5600218],[120.4050779,23.5602239],[120.4044637,23.5606424],[120.4038906,23.5618289],[120.4037237,23.5619328],[120.4013239,23.5622446],[120.4008389,23.5621753],[120.400505,23.5621667],[120.4000264,23.5621118],[120.3996421,23.5621291],[120.3975888,23.5638323],[120.3971416,23.5642538],[120.3946788,23.5653103],[120.3937088,23.5656509],[120.3928194,23.5657071],[120.391368,23.5655412],[120.3898975,23.5650457],[120.389157,23.5649487],[120.3885848,23.5652785],[120.3871439,23.5655366],[120.3858345,23.5657407],[120.3848101,23.5660428],[120.3839104,23.5660265]]}},{"type":"Feature","properties":{"name":"嘉南大圳北幹線","waterway":"canal","source":"OSM"},"geometry":{"type":"LineString","coordinates":[[120.3789541,23.441613],[120.3789122,23.4417445]]}},{"type":"Feature","properties":{"name":"嘉南大圳北幹線","waterway":"canal","source":"OSM"},"geometry":{"type":"LineString","coordinates":[[120.3789122,23.4417445],[120.3787591,23.442225],[120.3787176,23.4426187],[120.3788352,23.4430187],[120.3798042,23.4448537],[120.3799564,23.4454887],[120.379991,23.4457744],[120.3799898,23.450748],[120.3799843,23.4538379],[120.3799686,23.4577045],[120.3799662,23.4585719]]}},{"type":"Feature","properties":{"name":"嘉南大圳北幹線","waterway":"canal","source":"OSM"},"geometry":{"type":"LineString","coordinates":[[120.3785001,23.4812125],[120.3784542,23.4813329]]}},{"type":"Feature","properties":{"name":"嘉南大圳北幹線","waterway":"canal","source":"OSM"},"geometry":{"type":"LineString","coordinates":[[120.3784542,23.4813329],[120.378333,23.4816512],[120.3773755,23.484239],[120.3770404,23.4851363],[120.3768101,23.4855973],[120.3765468,23.4859403],[120.3760441,23.4864837],[120.3746529,23.4880121],[120.3736397,23.4891224]]}},{"type":"Feature","properties":{"name":"","waterway":"ditch","source":"OSM"},"geometry":{"type":"LineString","coordinates":[[120.404087,23.5213316],[120.4038046,23.5215343],[120.4037001,23.5215527],[120.4034896,23.5217142],[120.4031719,23.5218656],[120.4029099,23.5215561],[120.402725,23.5212454],[120.40264,23.5210853],[120.4025699,23.520879],[120.4026194,23.5200785],[120.4026229,23.5198866],[120.4025411,23.5197619],[120.4023136,23.5196135],[120.4021118,23.5194273],[120.4017139,23.5192259],[120.4015632,23.5193384],[120.4007443,23.5201006]]}},{"type":"Feature","properties":{"name":"","waterway":"ditch","source":"OSM"},"geometry":{"type":"LineString","coordinates":[[120.4045724,23.5211654],[120.404087,23.5213316]]}},{"type":"Feature","properties":{"name":"民雄大排水溝","waterway":"canal","source":"OSM"},"geometry":{"type":"LineString","coordinates":[[120.4196669,23.5514699],[120.4194081,23.5518307],[120.4189716,23.5527329],[120.4188157,23.5530881],[120.4179606,23.5540068],[120.4173816,23.5548927],[120.416954,23.5552071]]}},{"type":"Feature","properties":{"name":"嘉南大圳北幹線","waterway":"canal","source":"OSM"},"geometry":{"type":"LineString","coordinates":[[120.3799659,23.4586654],[120.3799569,23.4618976],[120.3799491,23.4625582],[120.3798786,23.4628274],[120.3796829,23.4633623],[120.3795655,23.463628],[120.3787124,23.4648808],[120.3780667,23.4659829],[120.377918,23.4666255],[120.3778749,23.4673829],[120.3779884,23.4679142],[120.3782013,23.4685359],[120.3788298,23.4705096],[120.379726,23.4732701],[120.3800038,23.474006],[120.380223,23.4748352],[120.3802734,23.4753171]]}},{"type":"Feature","properties":{"name":"嘉南大圳北幹線","waterway":"canal","source":"OSM"},"geometry":{"type":"LineString","coordinates":[[120.3799662,23.4585719],[120.3799659,23.4586654]]}},{"type":"Feature","properties":{"name":"嘉南大圳北幹線","waterway":"canal","source":"OSM"},"geometry":{"type":"LineString","coordinates":[[120.3735398,23.4892318],[120.3732706,23.4895268],[120.3719272,23.4909537],[120.3717117,23.4912336],[120.3715053,23.4916864],[120.3713467,23.4921117],[120.371257,23.4924959],[120.3712061,23.4931489],[120.371227,23.4933492],[120.3712749,23.493588],[120.3713557,23.4939941],[120.3714096,23.4944852],[120.3714215,23.4948255],[120.3713976,23.4952919],[120.3713078,23.4958215],[120.3712609,23.4960559],[120.3712548,23.4960861],[120.371242,23.4961501],[120.3711567,23.4963875],[120.3710086,23.4966797],[120.3707977,23.4969637],[120.3701185,23.4975289],[120.3691327,23.4982972],[120.3679957,23.4992013],[120.3678,23.4993735]]}},{"type":"Feature","properties":{"name":"嘉南大圳北幹線","waterway":"canal","source":"OSM"},"geometry":{"type":"LineString","coordinates":[[120.3736397,23.4891224],[120.3735398,23.4892318]]}},{"type":"Feature","properties":{"name":"嘉南大圳北幹線","waterway":"canal","source":"OSM"},"geometry":{"type":"LineString","coordinates":[[120.3802734,23.4753171],[120.3802768,23.4753487]]}},{"type":"Feature","properties":{"name":"嘉南大圳北幹線","waterway":"canal","source":"OSM"},"geometry":{"type":"LineString","coordinates":[[120.3802768,23.4753487],[120.3802974,23.4755459],[120.3802856,23.4760233],[120.3802245,23.4763784]]}},{"type":"Feature","properties":{"name":"","waterway":"ditch","source":"OSM"},"geometry":{"type":"LineString","coordinates":[[120.4001639,23.5227809],[120.4002106,23.5212636],[120.4002152,23.5203575],[120.4004612,23.5202526],[120.400638,23.5201782],[120.4007443,23.5201006]]}},{"type":"Feature","properties":{"name":"","waterway":"ditch","source":"OSM"},"geometry":{"type":"LineString","coordinates":[[120.4001616,23.5228534],[120.4001639,23.5227809]]}},{"type":"Feature","properties":{"name":"","waterway":"ditch","source":"OSM"},"geometry":{"type":"LineString","coordinates":[[120.4134605,23.526897],[120.4134234,23.5269181]]}},{"type":"Feature","properties":{"name":"","waterway":"ditch","source":"OSM"},"geometry":{"type":"LineString","coordinates":[[120.4134234,23.5269181],[120.4123629,23.5275202],[120.4118896,23.5275418],[120.410789,23.5274985],[120.4063219,23.5274265],[120.4061927,23.527426]]}},{"type":"Feature","properties":{"name":"","waterway":"ditch","source":"OSM"},"geometry":{"type":"LineString","coordinates":[[120.41617,23.5253587],[120.4161593,23.5253648]]}},{"type":"Feature","properties":{"name":"","waterway":"ditch","source":"OSM"},"geometry":{"type":"LineString","coordinates":[[120.4161593,23.5253648],[120.4134605,23.526897]]}},{"type":"Feature","properties":{"name":"","waterway":"ditch","source":"OSM"},"geometry":{"type":"LineString","coordinates":[[120.4055292,23.5274339],[120.4048863,23.5274207],[120.4020042,23.527363],[120.4001566,23.5273428],[120.400115,23.5273451]]}},{"type":"Feature","properties":{"name":"","waterway":"ditch","source":"OSM"},"geometry":{"type":"LineString","coordinates":[[120.4059679,23.5274234],[120.4055292,23.5274339]]}},{"type":"Feature","properties":{"name":"","waterway":"ditch","source":"OSM"},"geometry":{"type":"LineString","coordinates":[[120.400115,23.5273451],[120.4001048,23.5273457]]}},{"type":"Feature","properties":{"name":"","waterway":"ditch","source":"OSM"},"geometry":{"type":"LineString","coordinates":[[120.4001048,23.5273457],[120.4001063,23.5272145],[120.4001446,23.5251111]]}},{"type":"Feature","properties":{"name":"","waterway":"ditch","source":"OSM"},"geometry":{"type":"LineString","coordinates":[[120.4061807,23.5274259],[120.4059679,23.5274234]]}},{"type":"Feature","properties":{"name":"","waterway":"ditch","source":"OSM"},"geometry":{"type":"LineString","coordinates":[[120.4061927,23.527426],[120.4061807,23.5274259]]}},{"type":"Feature","properties":{"name":"","waterway":"ditch","source":"OSM"},"geometry":{"type":"LineString","coordinates":[[120.4001193,23.5250398],[120.4001616,23.5228534]]}},{"type":"Feature","properties":{"name":"","waterway":"ditch","source":"OSM"},"geometry":{"type":"LineString","coordinates":[[120.4001446,23.5251111],[120.4001193,23.5250398]]}},{"type":"Feature","properties":{"name":"","waterway":"ditch","source":"OSM"},"geometry":{"type":"LineString","coordinates":[[120.4553664,23.5163412],[120.45497,23.5163576],[120.4537096,23.516137],[120.4534646,23.5161166],[120.4520394,23.5165005],[120.4513491,23.5167578],[120.4507434,23.5168681],[120.4499283,23.5170641],[120.4492157,23.517109],[120.4490954,23.5172111],[120.4490331,23.5173622],[120.448895,23.5175174],[120.4486233,23.5175011],[120.448267,23.5178727],[120.4480865,23.5180889],[120.4476023,23.5181279],[120.447472,23.5181473],[120.4471736,23.5182923],[120.4468919,23.5183679],[120.4464978,23.5183811],[120.446274,23.5182545],[120.4461136,23.5181861],[120.4454672,23.5181939],[120.4454322,23.5181749],[120.4452618,23.5181698],[120.4450547,23.5180861],[120.4447786,23.517788],[120.4444902,23.5173928],[120.4443928,23.5172592],[120.4443076,23.5172223],[120.4436607,23.517497],[120.4432142,23.5176787],[120.443102,23.5177256],[120.4424249,23.5179978],[120.4422722,23.5180433],[120.4416258,23.5181833],[120.4409691,23.5182786]]}},{"type":"Feature","properties":{"name":"道將圳","waterway":"ditch","source":"OSM"},"geometry":{"type":"LineString","coordinates":[[120.4315071,23.4627324],[120.4307522,23.4622075]]}},{"type":"Feature","properties":{"name":"道將圳幹線","waterway":"ditch","source":"OSM"},"geometry":{"type":"LineString","coordinates":[[120.4214275,23.4533123],[120.42116,23.4530493],[120.4203183,23.4524892],[120.419001,23.4515903],[120.4185587,23.4497366],[120.4183446,23.4488907],[120.4180008,23.4485251],[120.4171163,23.4475259],[120.4169687,23.4473635]]}},{"type":"Feature","properties":{"name":"道將圳幹線","waterway":"ditch","source":"OSM"},"geometry":{"type":"LineString","coordinates":[[120.4262768,23.4577477],[120.4262269,23.4576692]]}},{"type":"Feature","properties":{"name":"","waterway":"ditch","source":"OSM"},"geometry":{"type":"LineString","coordinates":[[120.3204177,23.465797],[120.3182931,23.4661666],[120.3176698,23.4591253],[120.3175214,23.4577095],[120.3174175,23.4565013],[120.3172432,23.4561949],[120.3117836,23.4570826]]}},{"type":"Feature","properties":{"name":"","waterway":"ditch","source":"OSM"},"geometry":{"type":"LineString","coordinates":[[120.438998,23.6064883],[120.4444295,23.6069371],[120.4445354,23.6069446]]}},{"type":"Feature","properties":{"name":"","waterway":"ditch","source":"OSM"},"geometry":{"type":"LineString","coordinates":[[120.5216194,23.4600967],[120.5215683,23.4601604],[120.521512,23.4602203],[120.5214508,23.460276],[120.5213788,23.4603318],[120.5213019,23.4603818],[120.5212207,23.4604256],[120.5210079,23.4605322],[120.5209402,23.4605604],[120.5208569,23.4605882],[120.5207713,23.4606094],[120.5206841,23.4606238],[120.5203622,23.4606547],[120.5202211,23.4606311],[120.5198965,23.460436],[120.519768,23.4603133],[120.5196494,23.4602742],[120.5195336,23.4602812],[120.5192831,23.4603835],[120.5178383,23.4606874],[120.5145793,23.4625958]]}},{"type":"Feature","properties":{"name":"","waterway":"ditch","source":"OSM"},"geometry":{"type":"LineString","coordinates":[[120.4285555,23.4772817],[120.4281641,23.4772314],[120.4279404,23.4772596],[120.4277257,23.4772695],[120.4277103,23.4772663],[120.4256561,23.4768326],[120.4255117,23.4768011],[120.4254468,23.4770775],[120.4245969,23.4769815],[120.4236298,23.4768425],[120.4237205,23.4764701],[120.4210834,23.4759065],[120.4206955,23.4773545],[120.4203698,23.4785663],[120.4203419,23.478836],[120.4203132,23.4795346],[120.4204834,23.4803049],[120.420536,23.4803963]]}},{"type":"Feature","properties":{"name":"","waterway":"ditch","source":"OSM"},"geometry":{"type":"LineString","coordinates":[[120.4331687,23.4744132],[120.4328583,23.4747177],[120.432649,23.4748551],[120.4322593,23.4749743]]}},{"type":"Feature","properties":{"name":"","waterway":"ditch","source":"OSM"},"geometry":{"type":"LineString","coordinates":[[120.4309239,23.476063],[120.4306627,23.476376]]}},{"type":"Feature","properties":{"name":"","waterway":"ditch","source":"OSM"},"geometry":{"type":"LineString","coordinates":[[120.4309678,23.4760036],[120.4309239,23.476063]]}},{"type":"Feature","properties":{"name":"","waterway":"ditch","source":"OSM"},"geometry":{"type":"LineString","coordinates":[[120.4306627,23.476376],[120.4305536,23.4766111],[120.4303529,23.4769218]]}},{"type":"Feature","properties":{"name":"","waterway":"ditch","source":"OSM"},"geometry":{"type":"LineString","coordinates":[[120.4303529,23.4769218],[120.4302643,23.4769871]]}},{"type":"Feature","properties":{"name":"","waterway":"ditch","source":"OSM"},"geometry":{"type":"LineString","coordinates":[[120.4340928,23.4715652],[120.4340204,23.4719157]]}},{"type":"Feature","properties":{"name":"","waterway":"ditch","source":"OSM"},"geometry":{"type":"LineString","coordinates":[[120.4351475,23.4653177],[120.4349725,23.4654567],[120.4344023,23.4657165],[120.4342507,23.4659251],[120.4341262,23.4662793],[120.4341334,23.4666898],[120.4341208,23.4676166],[120.4345405,23.4681498],[120.434355,23.4684506],[120.4341822,23.4686395],[120.4341786,23.4688315],[120.4342886,23.4693164],[120.434474,23.4699133],[120.4344831,23.4700859],[120.4344103,23.4703865],[120.4342858,23.4707762],[120.434213,23.4710462],[120.4341521,23.4713298],[120.4341178,23.471444],[120.4340928,23.4715652]]}},{"type":"Feature","properties":{"name":"","waterway":"ditch","source":"OSM"},"geometry":{"type":"LineString","coordinates":[[120.4340204,23.4719157],[120.4339753,23.4720581],[120.4339211,23.4721905],[120.4338327,23.4723659],[120.4338273,23.472538],[120.4338183,23.4727697]]}},{"type":"Feature","properties":{"name":"","waterway":"ditch","source":"OSM"},"geometry":{"type":"LineString","coordinates":[[120.4338183,23.4727697],[120.4336595,23.4733209],[120.433636,23.4736022],[120.4336523,23.4737214],[120.4336414,23.473867],[120.4334809,23.4740888]]}},{"type":"Feature","properties":{"name":"","waterway":"ditch","source":"OSM"},"geometry":{"type":"LineString","coordinates":[[120.4318354,23.4752675],[120.4309678,23.4760036]]}},{"type":"Feature","properties":{"name":"","waterway":"ditch","source":"OSM"},"geometry":{"type":"LineString","coordinates":[[120.4322593,23.4749743],[120.4318354,23.4752675]]}},{"type":"Feature","properties":{"name":"","waterway":"ditch","source":"OSM"},"geometry":{"type":"LineString","coordinates":[[120.4334033,23.4741997],[120.4331687,23.4744132]]}},{"type":"Feature","properties":{"name":"","waterway":"ditch","source":"OSM"},"geometry":{"type":"LineString","coordinates":[[120.4334809,23.4740888],[120.4334033,23.4741997]]}},{"type":"Feature","properties":{"name":"","waterway":"ditch","source":"OSM"},"geometry":{"type":"LineString","coordinates":[[120.4352093,23.4652649],[120.4351475,23.4653177]]}},{"type":"Feature","properties":{"name":"","waterway":"ditch","source":"OSM"},"geometry":{"type":"LineString","coordinates":[[120.4140185,23.4848147],[120.4137914,23.4852758],[120.4133346,23.486109],[120.4132575,23.4862174],[120.4124112,23.4865153],[120.410984,23.486977],[120.4113539,23.4874718],[120.41139,23.4877548]]}},{"type":"Feature","properties":{"name":"","waterway":"ditch","source":"OSM"},"geometry":{"type":"LineString","coordinates":[[120.4140856,23.4846605],[120.4140185,23.4848147]]}},{"type":"Feature","properties":{"name":"","waterway":"ditch","source":"OSM"},"geometry":{"type":"LineString","coordinates":[[120.4143681,23.484012],[120.4140856,23.4846605]]}},{"type":"Feature","properties":{"name":"","waterway":"ditch","source":"OSM"},"geometry":{"type":"LineString","coordinates":[[120.4147636,23.4833777],[120.4143681,23.484012]]}},{"type":"Feature","properties":{"name":"","waterway":"ditch","source":"OSM"},"geometry":{"type":"LineString","coordinates":[[120.4198932,23.4811857],[120.4195509,23.4812256],[120.4193899,23.4812713],[120.4186295,23.4815124],[120.4184534,23.4815381],[120.4163993,23.4816481],[120.416384,23.4822871],[120.4162921,23.4823316],[120.416065,23.482376],[120.4152025,23.4829003],[120.4149728,23.4831109],[120.4147636,23.4833777]]}},{"type":"Feature","properties":{"name":"","waterway":"ditch","source":"OSM"},"geometry":{"type":"LineString","coordinates":[[120.4085701,23.487529],[120.4091128,23.4875421],[120.4091204,23.4873877],[120.4091568,23.4873557],[120.4095646,23.4874153],[120.4097324,23.4873872],[120.4105245,23.4871158],[120.410984,23.486977]]}},{"type":"Feature","properties":{"name":"","waterway":"ditch","source":"OSM"},"geometry":{"type":"LineString","coordinates":[[120.4013012,23.4846401],[120.4012361,23.4846202],[120.4004706,23.4845043],[120.3997523,23.4844716],[120.399404,23.4843932],[120.3989268,23.4842375],[120.3988745,23.4842434],[120.3987916,23.4842247],[120.398678,23.4842013],[120.3986397,23.4842048],[120.3986104,23.4842293],[120.3985989,23.4842738],[120.398581,23.4846342],[120.3985606,23.4846658],[120.3985134,23.4846951],[120.3983922,23.484722],[120.3979635,23.4847044],[120.3975259,23.4846752],[120.3972924,23.4846892],[120.3971431,23.4846998],[120.3969824,23.4846834],[120.395584,23.4844786],[120.3953403,23.4844634],[120.3951106,23.4844727],[120.3947891,23.4845429],[120.3945518,23.4846097],[120.3944906,23.4846202],[120.3944191,23.4846225],[120.3944294,23.4852283],[120.394415,23.4852456],[120.3941994,23.485311],[120.394129,23.4853557],[120.3938502,23.4853623],[120.3935128,23.4855162],[120.3934611,23.4855481],[120.3933539,23.4855118],[120.3932429,23.4855317],[120.3929508,23.4855972],[120.39242,23.4856475],[120.392295,23.4856955],[120.392064,23.4856943]]}},{"type":"Feature","properties":{"name":"","waterway":"ditch","source":"OSM"},"geometry":{"type":"LineString","coordinates":[[120.4013318,23.4846998],[120.4013012,23.4846401]]}},{"type":"Feature","properties":{"name":"","waterway":"ditch","source":"OSM"},"geometry":{"type":"LineString","coordinates":[[120.4036924,23.4867151],[120.4036259,23.48662],[120.4029905,23.4857611],[120.4026269,23.485499],[120.4016853,23.4849666],[120.4013535,23.4847559],[120.4013318,23.4846998]]}},{"type":"Feature","properties":{"name":"","waterway":"ditch","source":"OSM"},"geometry":{"type":"LineString","coordinates":[[120.4039665,23.4871068],[120.4036924,23.4867151]]}},{"type":"Feature","properties":{"name":"","waterway":"ditch","source":"OSM"},"geometry":{"type":"LineString","coordinates":[[120.4069572,23.4862222],[120.4066523,23.4864164],[120.4063231,23.4865931],[120.4057272,23.4868681],[120.4047435,23.4872168],[120.4044577,23.4872987],[120.4043544,23.4872952],[120.4041018,23.4872391],[120.4040061,23.4871571],[120.4039665,23.4871068]]}},{"type":"Feature","properties":{"name":"","waterway":"ditch","source":"OSM"},"geometry":{"type":"LineString","coordinates":[[120.408196,23.4853278],[120.4069572,23.4862222]]}},{"type":"Feature","properties":{"name":"","waterway":"ditch","source":"OSM"},"geometry":{"type":"LineString","coordinates":[[120.4145192,23.4825566],[120.4139308,23.4829592],[120.4131662,23.4832997]]}},{"type":"Feature","properties":{"name":"","waterway":"ditch","source":"OSM"},"geometry":{"type":"LineString","coordinates":[[120.4131662,23.4832997],[120.4130453,23.4833567]]}},{"type":"Feature","properties":{"name":"","waterway":"ditch","source":"OSM"},"geometry":{"type":"LineString","coordinates":[[120.4098959,23.4842956],[120.4096671,23.4844541],[120.408852,23.484788],[120.408196,23.4853278]]}},{"type":"Feature","properties":{"name":"","waterway":"ditch","source":"OSM"},"geometry":{"type":"LineString","coordinates":[[120.4130453,23.4833567],[120.412598,23.4834834],[120.4115376,23.4836711]]}},{"type":"Feature","properties":{"name":"","waterway":"ditch","source":"OSM"},"geometry":{"type":"LineString","coordinates":[[120.4208745,23.480931],[120.4198932,23.4811857]]}},{"type":"Feature","properties":{"name":"","waterway":"ditch","source":"OSM"},"geometry":{"type":"LineString","coordinates":[[120.4195327,23.4803039],[120.420536,23.4803963],[120.4206422,23.4805812],[120.4208579,23.4809041],[120.4212217,23.481446],[120.4212377,23.481461],[120.4232883,23.4803102],[120.4234017,23.480242],[120.4235087,23.4803377]]}},{"type":"Feature","properties":{"name":"","waterway":"ditch","source":"OSM"},"geometry":{"type":"LineString","coordinates":[[120.4235087,23.4803377],[120.4235502,23.4803827]]}},{"type":"Feature","properties":{"name":"","waterway":"ditch","source":"OSM"},"geometry":{"type":"LineString","coordinates":[[120.4166744,23.4806216],[120.4166025,23.4806046],[120.4162504,23.4804618],[120.4150549,23.4802126],[120.4136565,23.4797445],[120.4134486,23.4796193],[120.4133057,23.479487],[120.4132932,23.4794801],[120.4130045,23.4793197],[120.4128859,23.4790938],[120.4122816,23.4787594]]}},{"type":"Feature","properties":{"name":"","waterway":"ditch","source":"OSM"},"geometry":{"type":"LineString","coordinates":[[120.4088107,23.4775655],[120.4088127,23.4777185],[120.4081735,23.4782779],[120.4080995,23.4783879],[120.4080931,23.4784172],[120.4080982,23.4784324],[120.4081327,23.4784827],[120.4081403,23.4785084],[120.4081135,23.4785868],[120.4080957,23.4786688],[120.4078749,23.4793651],[120.4078405,23.4793861],[120.4073404,23.4795734],[120.4068772,23.4798413]]}},{"type":"Feature","properties":{"name":"","waterway":"ditch","source":"OSM"},"geometry":{"type":"LineString","coordinates":[[120.4079196,23.4797622],[120.4078226,23.4797364],[120.407889,23.4794801],[120.4078622,23.4794181],[120.4078749,23.4793651]]}},{"type":"Feature","properties":{"name":"","waterway":"ditch","source":"OSM"},"geometry":{"type":"LineString","coordinates":[[120.4079196,23.4797622],[120.4078341,23.4800383],[120.4079221,23.480098]]}},{"type":"Feature","properties":{"name":"","waterway":"ditch","source":"OSM"},"geometry":{"type":"LineString","coordinates":[[120.4098771,23.4778051],[120.410111,23.4779822],[120.4101282,23.4780137],[120.4101218,23.4780373],[120.4099608,23.4782046],[120.4099201,23.4782105],[120.4098793,23.4782086],[120.4098398,23.4781806],[120.4097291,23.4781023],[120.4094523,23.4780059],[120.4092699,23.4780137],[120.4092763,23.4780767],[120.409257,23.4782775],[120.4092227,23.4783936],[120.4092162,23.478616],[120.4091433,23.4791828],[120.4091154,23.4792241],[120.4088772,23.4792812],[120.4085468,23.4792182],[120.4085296,23.4792595],[120.408491,23.4795941],[120.4083215,23.4795902],[120.4080339,23.4795272],[120.4079738,23.4797712],[120.4079196,23.4797622]]}},{"type":"Feature","properties":{"name":"","waterway":"ditch","source":"OSM"},"geometry":{"type":"LineString","coordinates":[[120.4113268,23.4797107],[120.411214,23.4796486],[120.4106412,23.4792718],[120.4106131,23.4792601],[120.4105952,23.4792671],[120.410497,23.4793315],[120.410474,23.4793795],[120.4104383,23.4794333],[120.4103873,23.4794731],[120.410349,23.4794836],[120.4102954,23.4794766],[120.4101921,23.479438],[120.4100709,23.4793947],[120.4097149,23.4793877],[120.4096154,23.4793748],[120.4095477,23.479376],[120.4095133,23.4793959],[120.4094814,23.479438],[120.4094725,23.4794918],[120.4094789,23.4795258],[120.4094827,23.4795819],[120.4094686,23.4796615],[120.4094265,23.4797891],[120.4094355,23.4798113],[120.4093219,23.4801296],[120.4092913,23.4802888]]}},{"type":"Feature","properties":{"name":"","waterway":"ditch","source":"OSM"},"geometry":{"type":"LineString","coordinates":[[120.4191028,23.4807554],[120.4187363,23.4802923]]}},{"type":"Feature","properties":{"name":"","waterway":"ditch","source":"OSM"},"geometry":{"type":"LineString","coordinates":[[120.4177691,23.4799265],[120.4171984,23.4799754],[120.4169738,23.4799977],[120.4168031,23.4801317],[120.4165965,23.4803113],[120.4164765,23.4803634],[120.4164566,23.4803957],[120.416453,23.4804238]]}},{"type":"Feature","properties":{"name":"","waterway":"ditch","source":"OSM"},"geometry":{"type":"LineString","coordinates":[[120.4184367,23.4796857],[120.4183149,23.4796575],[120.4181795,23.4796655],[120.4180877,23.4796857],[120.4179754,23.4797275],[120.4179041,23.4797623],[120.4178601,23.4798499],[120.4177691,23.4799265]]}},{"type":"Feature","properties":{"name":"","waterway":"ditch","source":"OSM"},"geometry":{"type":"LineString","coordinates":[[120.4172163,23.480562],[120.4169961,23.4805976],[120.416933,23.4805943],[120.4167652,23.4805479],[120.4167056,23.4805488],[120.4165414,23.4804859],[120.416472,23.4804495],[120.416453,23.4804238]]}},{"type":"Feature","properties":{"name":"","waterway":"ditch","source":"OSM"},"geometry":{"type":"LineString","coordinates":[[120.416453,23.4804238],[120.4162537,23.4803619],[120.4158684,23.480294]]}},{"type":"Feature","properties":{"name":"","waterway":"ditch","source":"OSM"},"geometry":{"type":"LineString","coordinates":[[120.4145443,23.4799538],[120.4142952,23.4798704],[120.4143016,23.4797276],[120.4141536,23.4795486],[120.4140694,23.4794105],[120.4140069,23.4792689],[120.4141536,23.4792455],[120.4141498,23.4792022]]}},{"type":"Feature","properties":{"name":"","waterway":"ditch","source":"OSM"},"geometry":{"type":"LineString","coordinates":[[120.4158684,23.480294],[120.4151845,23.4801559]]}},{"type":"Feature","properties":{"name":"","waterway":"ditch","source":"OSM"},"geometry":{"type":"LineString","coordinates":[[120.4151845,23.4801559],[120.4151518,23.4801491],[120.4151367,23.480146],[120.4150888,23.480136]]}},{"type":"Feature","properties":{"name":"","waterway":"ditch","source":"OSM"},"geometry":{"type":"LineString","coordinates":[[120.4150888,23.480136],[120.4146398,23.4799857]]}},{"type":"Feature","properties":{"name":"","waterway":"ditch","source":"OSM"},"geometry":{"type":"LineString","coordinates":[[120.4146398,23.4799857],[120.4145443,23.4799538]]}},{"type":"Feature","properties":{"name":"","waterway":"ditch","source":"OSM"},"geometry":{"type":"LineString","coordinates":[[120.4120219,23.4767416],[120.4119792,23.476738],[120.4117825,23.4767685],[120.4117115,23.4767702],[120.41166,23.4767714],[120.4116104,23.4767541],[120.4115644,23.4767116],[120.4115944,23.4765568],[120.4115314,23.4764718],[120.4114675,23.4764342],[120.4113497,23.4764014],[120.4112384,23.4763741],[120.4111384,23.4763859],[120.411068,23.4764116],[120.4110054,23.4764516],[120.4108926,23.476475],[120.4107618,23.4765016],[120.410609,23.4765372],[120.4105707,23.4765152],[120.4105481,23.4764925],[120.410521,23.4764528],[120.4104851,23.476376],[120.4104435,23.4762834],[120.4104166,23.4762263],[120.4103379,23.4761694],[120.4102066,23.4760471],[120.4101265,23.4759816],[120.4099312,23.4758914],[120.4098449,23.4758455],[120.409741,23.4757999],[120.4096693,23.475777],[120.4095757,23.4757823],[120.4094044,23.4757545],[120.4092612,23.4757195],[120.4091024,23.475658],[120.4089991,23.4756116]]}},{"type":"Feature","properties":{"name":"","waterway":"ditch","source":"OSM"},"geometry":{"type":"LineString","coordinates":[[120.4151518,23.4801491],[120.4152172,23.4798332],[120.4152299,23.4797048],[120.4152765,23.4794924],[120.4154347,23.4790856],[120.4155499,23.4787133]]}},{"type":"Feature","properties":{"name":"","waterway":"ditch","source":"OSM"},"geometry":{"type":"LineString","coordinates":[[120.4155499,23.4787133],[120.4155979,23.4785757]]}},{"type":"Feature","properties":{"name":"","waterway":"ditch","source":"OSM"},"geometry":{"type":"LineString","coordinates":[[120.410514,23.4806996],[120.4104689,23.4807294],[120.4104256,23.4807409],[120.4103715,23.4807261],[120.4099583,23.4805473],[120.4098302,23.4805126],[120.4095776,23.4804182],[120.4094314,23.4803802],[120.4093863,23.4803818],[120.4093051,23.4805937]]}},{"type":"Feature","properties":{"name":"","waterway":"ditch","source":"OSM"},"geometry":{"type":"LineString","coordinates":[[120.4113332,23.4797726],[120.4115814,23.4799051],[120.4114778,23.48007],[120.4111832,23.480508],[120.4111653,23.4805293]]}},{"type":"Feature","properties":{"name":"","waterway":"ditch","source":"OSM"},"geometry":{"type":"LineString","coordinates":[[120.4129625,23.4808029],[120.4130383,23.4804241],[120.4130319,23.4803946],[120.41299,23.4803503],[120.4129814,23.4802568],[120.4129492,23.4802175],[120.4128892,23.4802008],[120.4128537,23.4802008],[120.4128087,23.4802008],[120.4127776,23.4802284],[120.4127573,23.4802759],[120.4127102,23.4803656],[120.4126753,23.4804326],[120.4126394,23.4804436],[120.4125798,23.48042],[120.4125657,23.4804015],[120.4123974,23.4802527],[120.412375,23.4802568],[120.4123607,23.4802524],[120.4123553,23.4802361],[120.4123389,23.4802269],[120.4123124,23.4802226],[120.4122694,23.4801872]]}},{"type":"Feature","properties":{"name":"","waterway":"ditch","source":"OSM"},"geometry":{"type":"LineString","coordinates":[[120.4113268,23.4797107],[120.4113188,23.4797321],[120.4113025,23.4797562],[120.4112286,23.4798671],[120.4111704,23.4799801]]}},{"type":"Feature","properties":{"name":"","waterway":"ditch","source":"OSM"},"geometry":{"type":"LineString","coordinates":[[120.4111704,23.4799801],[120.4110589,23.4801402],[120.410514,23.4806996]]}},{"type":"Feature","properties":{"name":"","waterway":"ditch","source":"OSM"},"geometry":{"type":"LineString","coordinates":[[120.4113451,23.4797467],[120.4113188,23.4797321]]}},{"type":"Feature","properties":{"name":"","waterway":"ditch","source":"OSM"},"geometry":{"type":"LineString","coordinates":[[120.4113025,23.4797562],[120.4113332,23.4797726]]}},{"type":"Feature","properties":{"name":"","waterway":"ditch","source":"OSM"},"geometry":{"type":"LineString","coordinates":[[120.4110589,23.4801402],[120.4108629,23.4800381],[120.4107073,23.479923],[120.4105164,23.4801424],[120.4104262,23.4802812]]}},{"type":"Feature","properties":{"name":"","waterway":"ditch","source":"OSM"},"geometry":{"type":"LineString","coordinates":[[120.4117793,23.4790539],[120.4116891,23.4790175],[120.4116214,23.4790158],[120.4114302,23.4790332],[120.4113102,23.4790382],[120.4112227,23.4790332],[120.4111415,23.4790191],[120.4109278,23.4788978],[120.4108549,23.4790119],[120.4108231,23.4791107],[120.4100122,23.4786242],[120.4101178,23.4784895],[120.4099647,23.4783585],[120.4099002,23.4783285],[120.4098695,23.4783028],[120.4098325,23.4783004],[120.4098172,23.4782513],[120.4098398,23.4781806]]}},{"type":"Feature","properties":{"name":"","waterway":"ditch","source":"OSM"},"geometry":{"type":"LineString","coordinates":[[120.4122769,23.4793572],[120.412492,23.4794249],[120.4127018,23.479581],[120.4129621,23.4797436],[120.4130578,23.4797881],[120.413054,23.4798431],[120.4128549,23.4801778],[120.4128537,23.4802008]]}},{"type":"Feature","properties":{"name":"","waterway":"ditch","source":"OSM"},"geometry":{"type":"LineString","coordinates":[[120.4130578,23.4797881],[120.4131701,23.4796898],[120.4132932,23.4794801]]}},{"type":"Feature","properties":{"name":"","waterway":"ditch","source":"OSM"},"geometry":{"type":"LineString","coordinates":[[120.4139331,23.4802234],[120.4138782,23.4801392],[120.4138297,23.4800853],[120.4137991,23.4800491],[120.4137748,23.4800069],[120.4137098,23.479911],[120.4136565,23.4797445]]}},{"type":"Feature","properties":{"name":"","waterway":"ditch","source":"OSM"},"geometry":{"type":"LineString","coordinates":[[120.4144837,23.4814872],[120.4142823,23.481931],[120.4140947,23.4818116],[120.4140348,23.4817473],[120.4137528,23.4815858],[120.4136698,23.4815214],[120.4135512,23.4814793]]}},{"type":"Feature","properties":{"name":"","waterway":"ditch","source":"OSM"},"geometry":{"type":"LineString","coordinates":[[120.4145043,23.4814418],[120.4143205,23.4814091],[120.4139454,23.4814173],[120.4138421,23.4814336],[120.4132705,23.4812897],[120.4121949,23.4810954]]}},{"type":"Feature","properties":{"name":"","waterway":"ditch","source":"OSM"},"geometry":{"type":"LineString","coordinates":[[120.4105886,23.4807432],[120.410514,23.4806996]]}},{"type":"Feature","properties":{"name":"","waterway":"ditch","source":"OSM"},"geometry":{"type":"LineString","coordinates":[[120.4120533,23.4810908],[120.4119602,23.4810521],[120.4116871,23.481017],[120.4116425,23.4809948],[120.4114894,23.4809819],[120.4114639,23.4809749],[120.4114001,23.4809667],[120.4110798,23.480886],[120.4109765,23.4808696],[120.4105886,23.4807432]]}},{"type":"Feature","properties":{"name":"","waterway":"ditch","source":"OSM"},"geometry":{"type":"LineString","coordinates":[[120.4121949,23.4810954],[120.4120533,23.4810908]]}},{"type":"Feature","properties":{"name":"","waterway":"ditch","source":"OSM"},"geometry":{"type":"LineString","coordinates":[[120.4145043,23.4814418],[120.4144837,23.4814872]]}},{"type":"Feature","properties":{"name":"","waterway":"ditch","source":"OSM"},"geometry":{"type":"LineString","coordinates":[[120.4121597,23.4801141],[120.412109,23.4800745],[120.4113451,23.4797467]]}},{"type":"Feature","properties":{"name":"","waterway":"ditch","source":"OSM"},"geometry":{"type":"LineString","coordinates":[[120.4122694,23.4801872],[120.4121597,23.4801141]]}},{"type":"Feature","properties":{"name":"","waterway":"ditch","source":"OSM"},"geometry":{"type":"LineString","coordinates":[[120.4107043,23.4783263],[120.4106839,23.4782361],[120.4106839,23.4781971],[120.4106975,23.4781568],[120.410737,23.4781081],[120.4107446,23.4780747],[120.4107537,23.4778882],[120.4107673,23.4778673],[120.4108311,23.4778228],[120.4108417,23.4777949],[120.4108462,23.4776892],[120.4108629,23.4776697],[120.4108842,23.477248],[120.4108584,23.4771756],[120.4108584,23.4771214],[120.4108902,23.4770295],[120.4109115,23.4769877],[120.4109509,23.476978],[120.4110814,23.4769543],[120.41118,23.476907],[120.4112589,23.4768374],[120.411312,23.4767331],[120.4113318,23.4766593],[120.4113442,23.4764598]]}},{"type":"Feature","properties":{"name":"","waterway":"ditch","source":"OSM"},"geometry":{"type":"LineString","coordinates":[[120.4113758,23.4763297],[120.4114946,23.476292],[120.4114582,23.4762743],[120.4114388,23.4761168]]}},{"type":"Feature","properties":{"name":"","waterway":"ditch","source":"OSM"},"geometry":{"type":"LineString","coordinates":[[120.4113442,23.4764598],[120.4113758,23.4763297]]}},{"type":"Feature","properties":{"name":"","waterway":"ditch","source":"OSM"},"geometry":{"type":"LineString","coordinates":[[120.4102066,23.4760471],[120.4102174,23.4759991],[120.4102097,23.4759623],[120.4101948,23.4759235],[120.4101471,23.4758304],[120.4101208,23.4757905],[120.4101035,23.4757737],[120.4101061,23.4757604],[120.4101247,23.4757581],[120.4103719,23.4757511],[120.410449,23.4757474],[120.4104798,23.4757428],[120.4105085,23.4757294],[120.4106117,23.4756145],[120.410629,23.4756046],[120.4106458,23.4756049],[120.4107658,23.4756817],[120.4107763,23.4756848],[120.4107846,23.4756821],[120.4111545,23.4752559],[120.4112385,23.4751773],[120.4112599,23.4751588],[120.4113175,23.4750953],[120.4113409,23.4750455],[120.4113666,23.4749723],[120.4113697,23.474921],[120.4113656,23.4748945],[120.4112359,23.4749444],[120.4112123,23.4749221],[120.4111415,23.4749215],[120.4110381,23.4748373],[120.4109654,23.4748016]]}},{"type":"Feature","properties":{"name":"","waterway":"ditch","source":"OSM"},"geometry":{"type":"LineString","coordinates":[[120.4142995,23.4749207],[120.4142501,23.4749837],[120.4140988,23.4750821],[120.4137361,23.4753468],[120.4136943,23.4753649],[120.4136338,23.4753706],[120.413564,23.4753887],[120.413501,23.4754172],[120.4133582,23.4754909],[120.4132847,23.4754873],[120.413234,23.4754742],[120.4131702,23.4754455],[120.4130336,23.4753644],[120.4129566,23.475335],[120.4128208,23.4752417],[120.4126229,23.4750843],[120.4125277,23.4750274],[120.4124291,23.4749859],[120.4123186,23.4749565]]}},{"type":"Feature","properties":{"name":"","waterway":"ditch","source":"OSM"},"geometry":{"type":"LineString","coordinates":[[120.4121935,23.4749554],[120.4113656,23.4748945]]}},{"type":"Feature","properties":{"name":"","waterway":"ditch","source":"OSM"},"geometry":{"type":"LineString","coordinates":[[120.4123186,23.4749565],[120.4121935,23.4749554]]}},{"type":"Feature","properties":{"name":"","waterway":"ditch","source":"OSM"},"geometry":{"type":"LineString","coordinates":[[120.5842786,23.4480581],[120.583828,23.4480286],[120.5834015,23.448031],[120.5829482,23.4482476],[120.5826156,23.4484026],[120.5823179,23.4484666],[120.5811994,23.4489932],[120.5791046,23.4497018],[120.5777823,23.4501275],[120.5774899,23.4493647],[120.5773044,23.4494209],[120.5715185,23.4513789],[120.5710297,23.451658],[120.5708506,23.4516768],[120.5697995,23.4518115],[120.5692245,23.4518949],[120.5689061,23.4519348],[120.5688484,23.4519323],[120.5678941,23.4515313],[120.5678524,23.4515038],[120.567809,23.4514134],[120.567618,23.4507797],[120.5673793,23.4504844],[120.5668482,23.4502383],[120.5664298,23.4499406],[120.5664083,23.4497683],[120.5662688,23.4495444],[120.5653032,23.4493697],[120.5648536,23.4494037]]}},{"type":"Feature","properties":{"name":"","waterway":"ditch","source":"OSM"},"geometry":{"type":"LineString","coordinates":[[120.4302643,23.4769871],[120.4301138,23.4770756],[120.4298999,23.4771341],[120.4293601,23.4772577],[120.4290275,23.4773236],[120.428843,23.4773138],[120.4285555,23.4772817]]}},{"type":"Feature","properties":{"name":"","waterway":"ditch","source":"OSM"},"geometry":{"type":"LineString","coordinates":[[120.3735169,23.6121785],[120.3734651,23.6121031],[120.373332,23.6119094]]}},{"type":"Feature","properties":{"name":"","waterway":"ditch","source":"OSM"},"geometry":{"type":"LineString","coordinates":[[120.3723623,23.6124603],[120.3724826,23.6123727],[120.3728838,23.6120804],[120.3730179,23.6119827]]}},{"type":"Feature","properties":{"name":"","waterway":"ditch","source":"OSM"},"geometry":{"type":"LineString","coordinates":[[120.3740125,23.6113705],[120.3738814,23.6114449],[120.3737636,23.6115118],[120.3736324,23.6115863]]}},{"type":"Feature","properties":{"name":"下三股支線","waterway":"ditch","source":"OSM"},"geometry":{"type":"LineString","coordinates":[[120.4241179,23.6180674],[120.4242331,23.6184146]]}},{"type":"Feature","properties":{"name":"下三股支線","waterway":"ditch","source":"OSM"},"geometry":{"type":"LineString","coordinates":[[120.4240523,23.6178514],[120.4241179,23.6180674]]}},{"type":"Feature","properties":{"name":"下三股支線","waterway":"ditch","source":"OSM"},"geometry":{"type":"LineString","coordinates":[[120.4242434,23.6174308],[120.4241272,23.6175664],[120.4240447,23.6175959],[120.4238994,23.6176818],[120.4239753,23.6178498],[120.4240523,23.6178514]]}},{"type":"Feature","properties":{"name":"下三股支線","waterway":"ditch","source":"OSM"},"geometry":{"type":"LineString","coordinates":[[120.4242965,23.6173597],[120.4242434,23.6174308]]}},{"type":"Feature","properties":{"name":"下三股支線","waterway":"ditch","source":"OSM"},"geometry":{"type":"LineString","coordinates":[[120.4271799,23.6162214],[120.4266045,23.6162314],[120.4257084,23.6166516],[120.4248065,23.6170319],[120.4244685,23.6171573],[120.4242965,23.6173597]]}},{"type":"Feature","properties":{"name":"下三股支線","waterway":"ditch","source":"OSM"},"geometry":{"type":"LineString","coordinates":[[120.4272329,23.6162027],[120.4271799,23.6162214]]}},{"type":"Feature","properties":{"name":"下三股支線","waterway":"ditch","source":"OSM"},"geometry":{"type":"LineString","coordinates":[[120.4366525,23.6132255],[120.4364746,23.6133446],[120.4362277,23.6133801],[120.4357988,23.613452],[120.4355281,23.6134678],[120.4352548,23.6136326],[120.435024,23.6136991],[120.4346918,23.6137191],[120.4342858,23.6136584],[120.4340732,23.6135268],[120.4339298,23.6136688],[120.4337706,23.6137983],[120.4335638,23.6138321],[120.4334405,23.6138887],[120.4333935,23.6140853],[120.4334526,23.614266],[120.4334485,23.6144515],[120.4332045,23.6147144],[120.4330087,23.6148644],[120.4329765,23.6151003],[120.4327908,23.6155328]]}},{"type":"Feature","properties":{"name":"下三股支線","waterway":"ditch","source":"OSM"},"geometry":{"type":"LineString","coordinates":[[120.4367833,23.6131623],[120.4366525,23.6132255]]}},{"type":"Feature","properties":{"name":"下三股支線","waterway":"ditch","source":"OSM"},"geometry":{"type":"LineString","coordinates":[[120.4370565,23.612754],[120.4368702,23.6128409],[120.436855,23.6131191],[120.4367833,23.6131623]]}},{"type":"Feature","properties":{"name":"下三股支線","waterway":"ditch","source":"OSM"},"geometry":{"type":"LineString","coordinates":[[120.4373983,23.6126175],[120.4370565,23.612754]]}},{"type":"Feature","properties":{"name":"下三股支線","waterway":"ditch","source":"OSM"},"geometry":{"type":"LineString","coordinates":[[120.4377521,23.6124378],[120.4376268,23.612508],[120.4373983,23.6126175]]}},{"type":"Feature","properties":{"name":"下三股支線","waterway":"ditch","source":"OSM"},"geometry":{"type":"LineString","coordinates":[[120.437904,23.6124357],[120.4377521,23.6124378]]}},{"type":"Feature","properties":{"name":"","waterway":"ditch","source":"OSM"},"geometry":{"type":"LineString","coordinates":[[120.3367145,23.5785671],[120.3361818,23.5778698]]}},{"type":"Feature","properties":{"name":"","waterway":"ditch","source":"OSM"},"geometry":{"type":"LineString","coordinates":[[120.3361818,23.5778698],[120.3360991,23.5777615]]}},{"type":"Feature","properties":{"name":"","waterway":"ditch","source":"OSM"},"geometry":{"type":"LineString","coordinates":[[120.3379389,23.5783982],[120.3378837,23.5781669],[120.3377023,23.5778525]]}},{"type":"Feature","properties":{"name":"","waterway":"ditch","source":"OSM"},"geometry":{"type":"LineString","coordinates":[[120.3377023,23.5778525],[120.3375998,23.5777164]]}},{"type":"Feature","properties":{"name":"","waterway":"ditch","source":"OSM"},"geometry":{"type":"LineString","coordinates":[[120.3517349,23.561757],[120.3514786,23.5617304],[120.3513239,23.5616373],[120.3512272,23.5615066],[120.3510919,23.5605316]]}},{"type":"Feature","properties":{"name":"","waterway":"ditch","source":"OSM"},"geometry":{"type":"LineString","coordinates":[[120.3519462,23.5617674],[120.3517349,23.561757]]}},{"type":"Feature","properties":{"name":"","waterway":"ditch","source":"OSM"},"geometry":{"type":"LineString","coordinates":[[120.357777,23.6202365],[120.357852,23.6193047],[120.3579201,23.6184822],[120.35793,23.618439]]}},{"type":"Feature","properties":{"name":"","waterway":"ditch","source":"OSM"},"geometry":{"type":"LineString","coordinates":[[120.35793,23.618439],[120.3579526,23.6183404]]}},{"type":"Feature","properties":{"name":"","waterway":"ditch","source":"OSM"},"geometry":{"type":"LineString","coordinates":[[120.3579526,23.6183404],[120.3580019,23.6181248],[120.358019,23.6178783],[120.3579857,23.6172094],[120.3577463,23.6163271]]}},{"type":"Feature","properties":{"name":"","waterway":"ditch","source":"OSM"},"geometry":{"type":"LineString","coordinates":[[120.3577463,23.6163271],[120.3577202,23.6162312]]}},{"type":"Feature","properties":{"name":"","waterway":"ditch","source":"OSM"},"geometry":{"type":"LineString","coordinates":[[120.3577202,23.6162312],[120.3573723,23.614949],[120.3571595,23.6141667]]}},{"type":"Feature","properties":{"name":"","waterway":"ditch","source":"OSM"},"geometry":{"type":"LineString","coordinates":[[120.3566119,23.612154],[120.3565853,23.6120593]]}},{"type":"Feature","properties":{"name":"","waterway":"ditch","source":"OSM"},"geometry":{"type":"LineString","coordinates":[[120.357133,23.6140694],[120.3566119,23.612154]]}},{"type":"Feature","properties":{"name":"","waterway":"ditch","source":"OSM"},"geometry":{"type":"LineString","coordinates":[[120.3571595,23.6141667],[120.357133,23.6140694]]}},{"type":"Feature","properties":{"name":"","waterway":"ditch","source":"OSM"},"geometry":{"type":"LineString","coordinates":[[120.3560531,23.6101661],[120.3556287,23.6086595],[120.3555752,23.6084459]]}},{"type":"Feature","properties":{"name":"","waterway":"ditch","source":"OSM"},"geometry":{"type":"LineString","coordinates":[[120.3555752,23.6084459],[120.3555527,23.608356]]}},{"type":"Feature","properties":{"name":"","waterway":"ditch","source":"OSM"},"geometry":{"type":"LineString","coordinates":[[120.3552037,23.6065249],[120.3552487,23.6062402],[120.3554087,23.6058461],[120.3560938,23.604433]]}},{"type":"Feature","properties":{"name":"","waterway":"ditch","source":"OSM"},"geometry":{"type":"LineString","coordinates":[[120.3560938,23.604433],[120.3561407,23.6043364]]}},{"type":"Feature","properties":{"name":"","waterway":"ditch","source":"OSM"},"geometry":{"type":"LineString","coordinates":[[120.3555527,23.608356],[120.3552487,23.6071413],[120.3551987,23.606848],[120.3552012,23.6066372]]}},{"type":"Feature","properties":{"name":"","waterway":"ditch","source":"OSM"},"geometry":{"type":"LineString","coordinates":[[120.3552012,23.6066372],[120.3552037,23.6065249]]}},{"type":"Feature","properties":{"name":"","waterway":"ditch","source":"OSM"},"geometry":{"type":"LineString","coordinates":[[120.3565853,23.6120593],[120.3561855,23.6106359],[120.3560839,23.6102752]]}},{"type":"Feature","properties":{"name":"","waterway":"ditch","source":"OSM"},"geometry":{"type":"LineString","coordinates":[[120.3560839,23.6102752],[120.3560531,23.6101661]]}},{"type":"Feature","properties":{"name":"嘉南大圳北幹線","waterway":"canal","source":"OSM"},"geometry":{"type":"LineString","coordinates":[[120.3896969,23.4036951],[120.3896869,23.4037773],[120.3894343,23.4060847]]}},{"type":"Feature","properties":{"name":"","waterway":"ditch","source":"OSM"},"geometry":{"type":"LineString","coordinates":[[120.5706435,23.6006939],[120.5705903,23.6006518],[120.5705821,23.6005902],[120.5706515,23.600505],[120.5710903,23.6000523],[120.5711024,23.5999579],[120.5710581,23.5997316],[120.57122,23.5993354]]}},{"type":"Feature","properties":{"name":"","waterway":"ditch","source":"OSM"},"geometry":{"type":"LineString","coordinates":[[120.5163496,23.6134646],[120.5165929,23.6129795],[120.51672,23.6130056],[120.5168452,23.6131064],[120.5171676,23.6132524],[120.5175279,23.6134349],[120.5176626,23.6133827],[120.5178674,23.6134731],[120.5187816,23.6138276],[120.5191723,23.6138797],[120.5199935,23.6137477]]}},{"type":"Feature","properties":{"name":"","waterway":"ditch","source":"OSM"},"geometry":{"type":"LineString","coordinates":[[120.5511298,23.5256152],[120.5510741,23.5255913]]}},{"type":"Feature","properties":{"name":"","waterway":"ditch","source":"OSM"},"geometry":{"type":"LineString","coordinates":[[120.5511895,23.5256398],[120.5511298,23.5256152]]}},{"type":"Feature","properties":{"name":"","waterway":"ditch","source":"OSM"},"geometry":{"type":"LineString","coordinates":[[120.5532172,23.5263831],[120.5527331,23.526243],[120.5523831,23.526104],[120.5520263,23.525986],[120.5517313,23.5258728],[120.5511895,23.5256398]]}},{"type":"Feature","properties":{"name":"","waterway":"ditch","source":"OSM"},"geometry":{"type":"LineString","coordinates":[[120.4244652,23.4612682],[120.4244188,23.4613022],[120.4243554,23.4613308],[120.4240986,23.4613818],[120.423585,23.4612869],[120.4224889,23.4610432]]}},{"type":"Feature","properties":{"name":"","waterway":"ditch","source":"OSM"},"geometry":{"type":"LineString","coordinates":[[120.4246616,23.4611243],[120.4244652,23.4612682]]}},{"type":"Feature","properties":{"name":"","waterway":"ditch","source":"OSM"},"geometry":{"type":"LineString","coordinates":[[120.4402125,23.5183925],[120.440044,23.518475],[120.4399782,23.5184963],[120.4398519,23.5184468],[120.4397889,23.5184584],[120.4396441,23.518532],[120.4394685,23.5185616],[120.4390536,23.5185328]]}},{"type":"Feature","properties":{"name":"","waterway":"ditch","source":"OSM"},"geometry":{"type":"LineString","coordinates":[[120.4409691,23.5182786],[120.4402125,23.5183925]]}},{"type":"Feature","properties":{"name":"龜仔港分線","waterway":"ditch","source":"OSM"},"geometry":{"type":"LineString","coordinates":[[120.3019774,23.3933879],[120.3009034,23.39442],[120.2996206,23.3956514]]}},{"type":"Feature","properties":{"name":"龜仔港分線","waterway":"ditch","source":"OSM"},"geometry":{"type":"LineString","coordinates":[[120.3039153,23.3915159],[120.3020704,23.3932929]]}},{"type":"Feature","properties":{"name":"龜仔港分線","waterway":"ditch","source":"OSM"},"geometry":{"type":"LineString","coordinates":[[120.3020704,23.3932929],[120.3019774,23.3933879]]}},{"type":"Feature","properties":{"name":"","waterway":"ditch","source":"OSM"},"geometry":{"type":"LineString","coordinates":[[120.4221424,23.6168798],[120.4221874,23.6170868],[120.4224817,23.6176035],[120.4225776,23.6176889],[120.422819,23.6177257],[120.4230363,23.6177227],[120.4231047,23.6177417],[120.4232368,23.6178419],[120.4235446,23.617824],[120.423676,23.6178978],[120.4238476,23.6178493],[120.4239753,23.6178498]]}},{"type":"Feature","properties":{"name":"","waterway":"ditch","source":"OSM"},"geometry":{"type":"LineString","coordinates":[[120.5075833,23.4405464],[120.5075823,23.4405378],[120.5076493,23.4404524],[120.5076468,23.4404429]]}},{"type":"Feature","properties":{"name":"","waterway":"ditch","source":"OSM"},"geometry":{"type":"LineString","coordinates":[[120.5118298,23.4425025],[120.5117539,23.4424768],[120.5115818,23.4425093],[120.5115218,23.4425271],[120.5113562,23.4425137],[120.5112856,23.4425564],[120.5111859,23.4425519],[120.511029,23.4424454],[120.5108771,23.4424089],[120.5106941,23.4424027],[120.5106109,23.4423406],[120.5104269,23.4421256],[120.5103921,23.4420306],[120.510272,23.4418388],[120.5101656,23.4417135],[120.5100852,23.4415643],[120.5099768,23.4414693],[120.509698,23.4413352],[120.5095005,23.4412686],[120.509364,23.4412446],[120.508819,23.4411318],[120.5086806,23.441098],[120.5085143,23.4410518],[120.5084666,23.4410385],[120.5082624,23.4409577],[120.5080891,23.4408689],[120.5079379,23.4408333],[120.50785,23.4407872],[120.5077568,23.4407462],[120.507625,23.4406343],[120.5075833,23.4405464]]}},{"type":"Feature","properties":{"name":"隆恩圳","waterway":"ditch","source":"OSM"},"geometry":{"type":"LineString","coordinates":[[120.5606863,23.4499835],[120.5600164,23.4491802],[120.5597258,23.4489765],[120.5592887,23.4489014],[120.5591421,23.4487795],[120.5588947,23.4484685],[120.5586343,23.4486886],[120.5584065,23.4487287],[120.557841,23.4487122],[120.5572844,23.4486517],[120.5566774,23.4486198],[120.556291,23.448516],[120.5555787,23.4482552],[120.5548816,23.4483214],[120.5546709,23.4482205],[120.5540232,23.4482672],[120.5539425,23.4483592],[120.5538006,23.4483724],[120.5535786,23.4484039],[120.5532827,23.4484306],[120.5531321,23.4486124],[120.5529603,23.4486221],[120.5526856,23.4486099],[120.5524346,23.4484815],[120.552025,23.44845],[120.551708,23.448479],[120.5514834,23.4484209],[120.5513248,23.4484451],[120.5511161,23.4483763],[120.5510527,23.4483554],[120.5507964,23.4482682],[120.5505005,23.4482051],[120.5502508,23.4481622],[120.5500387,23.4480742],[120.5499694,23.44805],[120.5495161,23.4482262],[120.5492049,23.4482916],[120.548913,23.4482407],[120.5488079,23.4484009],[120.5486422,23.4483756],[120.5484671,23.4483277],[120.5484529,23.4483042],[120.5483843,23.4482458],[120.5483035,23.4481742],[120.54819,23.4481463],[120.548119,23.44815],[120.5480258,23.4480793],[120.548027,23.4479036],[120.5478964,23.4476246],[120.5475728,23.4475353],[120.546854,23.447615],[120.5462529,23.4476631],[120.5456441,23.4475864],[120.545302,23.4475946],[120.5447381,23.4474991],[120.5443848,23.4473524],[120.5441722,23.4471349],[120.5440201,23.4469536],[120.5438754,23.4465248],[120.5438356,23.4461209],[120.5437054,23.4460389],[120.5432163,23.4460683],[120.5431146,23.446152],[120.5430069,23.446068],[120.5429011,23.4460268]]}},{"type":"Feature","properties":{"name":"隆恩圳","waterway":"ditch","source":"OSM"},"geometry":{"type":"LineString","coordinates":[[120.5424494,23.4458509],[120.5412079,23.4451945]]}},{"type":"Feature","properties":{"name":"","waterway":"ditch","source":"OSM"},"geometry":{"type":"LineString","coordinates":[[120.4061115,23.4947656],[120.4032952,23.4948862],[120.402807,23.495292],[120.4024422,23.4961923],[120.4025227,23.4973583],[120.4024664,23.4973558],[120.4015329,23.4971984],[120.4015061,23.4972095],[120.4012379,23.4976596],[120.4012352,23.4977691],[120.4012138,23.4978084],[120.4011185,23.4978441],[120.4010823,23.4978798],[120.4004869,23.4988083]]}},{"type":"Feature","properties":{"name":"隆恩圳","waterway":"ditch","source":"OSM"},"geometry":{"type":"LineString","coordinates":[[120.4598594,23.4534665],[120.459734,23.453438],[120.4596329,23.4533153],[120.4596102,23.4530389],[120.4596026,23.4529103],[120.459342,23.45273],[120.458982,23.4526046],[120.4587906,23.4525869],[120.4586535,23.4526726],[120.4584489,23.4527528],[120.4582701,23.4528074],[120.4580722,23.4527844],[120.4579123,23.4526856],[120.4577831,23.4526058],[120.4576063,23.4524892],[120.4573818,23.4523306],[120.4570695,23.452227],[120.4567321,23.4521552],[120.4565017,23.45215],[120.4558555,23.4522067],[120.455156,23.4523072],[120.4548525,23.4524902],[120.4547795,23.4525805],[120.454403,23.4529207],[120.454094,23.4531629],[120.4537681,23.4532274],[120.4535574,23.452949],[120.4529646,23.4531088],[120.4526471,23.4530856],[120.4519813,23.4530109],[120.4514109,23.4530006],[120.4511982,23.4530713]]}},{"type":"Feature","properties":{"name":"隆恩圳","waterway":"ditch","source":"OSM"},"geometry":{"type":"LineString","coordinates":[[120.4624354,23.4531268],[120.462197,23.453074],[120.4614779,23.4531031],[120.4612473,23.4531461],[120.4608819,23.4532198],[120.4603018,23.4533947],[120.4601041,23.4533542],[120.4598594,23.4534665]]}},{"type":"Feature","properties":{"name":"","waterway":"ditch","source":"OSM"},"geometry":{"type":"LineString","coordinates":[[120.3158498,23.425629],[120.3160402,23.4263187],[120.316124,23.4265445],[120.3161227,23.4267199],[120.3161877,23.4269432],[120.3163661,23.4272065],[120.3170011,23.4279252],[120.3170662,23.4280322],[120.3172003,23.4281633],[120.3172912,23.4282424]]}},{"type":"Feature","properties":{"name":"","waterway":"ditch","source":"OSM"},"geometry":{"type":"LineString","coordinates":[[120.3220034,23.4251127],[120.3218754,23.4251484],[120.3217057,23.4252764],[120.3215991,23.4254253],[120.3215522,23.4254407],[120.3213222,23.4254444],[120.3211351,23.4254296],[120.3210687,23.4254542],[120.3210057,23.4255114],[120.3209399,23.4255465],[120.3208521,23.4255711],[120.320718,23.4257237],[120.3206731,23.4258295],[120.3206724,23.4259384],[120.3207408,23.4261544],[120.3206362,23.4261729],[120.3204907,23.4261433],[120.3199401,23.4263224],[120.3198456,23.4263802],[120.3198127,23.4264959],[120.3197222,23.4266042],[120.3197276,23.4267672],[120.319283,23.4270066],[120.3191771,23.4271222]]}},{"type":"Feature","properties":{"name":"","waterway":"ditch","source":"OSM"},"geometry":{"type":"LineString","coordinates":[[120.5625686,23.4531437],[120.5625279,23.4530736],[120.562471,23.4530243],[120.562432,23.4528811],[120.5624303,23.4527856],[120.5625669,23.4527722],[120.5627751,23.4527767],[120.5628158,23.4527931],[120.5629003,23.4528438],[120.5630141,23.4528349],[120.5631101,23.4528692],[120.5631849,23.452893],[120.5633394,23.4529035],[120.5635443,23.452896],[120.563715,23.452899],[120.5638614,23.4529124],[120.5639281,23.4529646],[120.5639248,23.4530243],[120.5639381,23.4530862]]}},{"type":"Feature","properties":{"name":"","waterway":"ditch","source":"OSM"},"geometry":{"type":"LineString","coordinates":[[120.4766415,23.6062809],[120.4769788,23.6098612]]}},{"type":"Feature","properties":{"name":"","waterway":"ditch","source":"OSM"},"geometry":{"type":"LineString","coordinates":[[120.4928689,23.6112467],[120.4884124,23.6110304]]}},{"type":"Feature","properties":{"name":"掘尾溝","waterway":"ditch","source":"OSM"},"geometry":{"type":"LineString","coordinates":[[120.4888784,23.6067639],[120.4888777,23.6070385],[120.4884124,23.6110304]]}},{"type":"Feature","properties":{"name":"","waterway":"ditch","source":"OSM"},"geometry":{"type":"LineString","coordinates":[[120.4773416,23.6145805],[120.4773406,23.6144198]]}},{"type":"Feature","properties":{"name":"","waterway":"ditch","source":"OSM"},"geometry":{"type":"LineString","coordinates":[[120.4776473,23.6181047],[120.4773416,23.6145805]]}},{"type":"Feature","properties":{"name":"","waterway":"ditch","source":"OSM"},"geometry":{"type":"LineString","coordinates":[[120.4554924,23.618667],[120.4546327,23.6171212],[120.4545617,23.6170327]]}},{"type":"Feature","properties":{"name":"","waterway":"ditch","source":"OSM"},"geometry":{"type":"LineString","coordinates":[[120.4391878,23.6192169],[120.4391741,23.619302]]}},{"type":"Feature","properties":{"name":"","waterway":"ditch","source":"OSM"},"geometry":{"type":"LineString","coordinates":[[120.4391945,23.6191749],[120.4391878,23.6192169]]}},{"type":"Feature","properties":{"name":"","waterway":"ditch","source":"OSM"},"geometry":{"type":"LineString","coordinates":[[120.4391601,23.6184922],[120.4391628,23.618547]]}},{"type":"Feature","properties":{"name":"","waterway":"ditch","source":"OSM"},"geometry":{"type":"LineString","coordinates":[[120.4390487,23.6162861],[120.4391601,23.6184922]]}},{"type":"Feature","properties":{"name":"","waterway":"ditch","source":"OSM"},"geometry":{"type":"LineString","coordinates":[[120.4390448,23.6162074],[120.4390487,23.6162861]]}},{"type":"Feature","properties":{"name":"","waterway":"ditch","source":"OSM"},"geometry":{"type":"LineString","coordinates":[[120.4389916,23.6151543],[120.4390448,23.6162074]]}},{"type":"Feature","properties":{"name":"","waterway":"ditch","source":"OSM"},"geometry":{"type":"LineString","coordinates":[[120.438988,23.6150831],[120.4389916,23.6151543]]}},{"type":"Feature","properties":{"name":"","waterway":"ditch","source":"OSM"},"geometry":{"type":"LineString","coordinates":[[120.4389337,23.6140054],[120.438988,23.6150831]]}},{"type":"Feature","properties":{"name":"","waterway":"ditch","source":"OSM"},"geometry":{"type":"LineString","coordinates":[[120.4391628,23.618547],[120.4391945,23.6191749]]}},{"type":"Feature","properties":{"name":"四股中排","waterway":"ditch","source":"OSM"},"geometry":{"type":"LineString","coordinates":[[120.4471077,23.6193863],[120.4469012,23.6171843],[120.4459892,23.6159654],[120.4458743,23.6156765]]}},{"type":"Feature","properties":{"name":"","waterway":"ditch","source":"OSM"},"geometry":{"type":"LineString","coordinates":[[120.4525238,23.6052738],[120.4524567,23.605135]]}},{"type":"Feature","properties":{"name":"","waterway":"ditch","source":"OSM"},"geometry":{"type":"LineString","coordinates":[[120.4529227,23.6057636],[120.4525238,23.6052738]]}},{"type":"Feature","properties":{"name":"","waterway":"ditch","source":"OSM"},"geometry":{"type":"LineString","coordinates":[[120.4532466,23.606096],[120.4529227,23.6057636]]}},{"type":"Feature","properties":{"name":"","waterway":"ditch","source":"OSM"},"geometry":{"type":"LineString","coordinates":[[120.4542062,23.6072857],[120.4537079,23.6065672],[120.4532466,23.606096]]}},{"type":"Feature","properties":{"name":"","waterway":"ditch","source":"OSM"},"geometry":{"type":"LineString","coordinates":[[120.4524567,23.605135],[120.4523514,23.6050496],[120.4522569,23.6050023],[120.4521523,23.60484],[120.4520202,23.6048302],[120.4519062,23.6048738],[120.4518016,23.6049328],[120.4516628,23.6049156],[120.4515253,23.6048474],[120.4510915,23.6047682],[120.4510331,23.6047239],[120.4510452,23.6045101]]}},{"type":"Feature","properties":{"name":"","waterway":"ditch","source":"OSM"},"geometry":{"type":"LineString","coordinates":[[120.4203815,23.6155205],[120.4224572,23.6164289],[120.4223905,23.6165383],[120.4221689,23.6167444],[120.4221263,23.6167585],[120.4221311,23.6167882]]}},{"type":"Feature","properties":{"name":"下三股支線","waterway":"ditch","source":"OSM"},"geometry":{"type":"LineString","coordinates":[[120.4327767,23.6156348],[120.4326097,23.6159488],[120.4322959,23.6159568],[120.4320457,23.6160759],[120.4307582,23.6161066],[120.4274703,23.6161935],[120.4272329,23.6162027]]}},{"type":"Feature","properties":{"name":"下三股支線","waterway":"ditch","source":"OSM"},"geometry":{"type":"LineString","coordinates":[[120.4327908,23.6155328],[120.4327767,23.6156348]]}},{"type":"Feature","properties":{"name":"下三股支線","waterway":"ditch","source":"OSM"},"geometry":{"type":"LineString","coordinates":[[120.4387851,23.6120908],[120.4387506,23.6120922],[120.4387453,23.6124607],[120.4387047,23.6125057],[120.4385859,23.6125053],[120.4384283,23.6125239],[120.4382379,23.6125657],[120.4381755,23.6125665],[120.437904,23.6124357]]}},{"type":"Feature","properties":{"name":"下三股支線","waterway":"ditch","source":"OSM"},"geometry":{"type":"LineString","coordinates":[[120.4388269,23.6120892],[120.4387851,23.6120908]]}},{"type":"Feature","properties":{"name":"","waterway":"ditch","source":"OSM"},"geometry":{"type":"LineString","coordinates":[[120.3539221,23.3803979],[120.3545924,23.3805437],[120.3546561,23.3805729],[120.3547265,23.3805604],[120.3548174,23.3805354],[120.3548742,23.3805395],[120.3549811,23.3806146],[120.3551152,23.3806897],[120.3551947,23.3807085],[120.3551947,23.380792],[120.3552924,23.3808253],[120.3554606,23.3808733],[120.3555579,23.3809888],[120.3556062,23.3810068]]}},{"type":"Feature","properties":{"name":"","waterway":"ditch","source":"OSM"},"geometry":{"type":"LineString","coordinates":[[120.353453,23.3802754],[120.3539221,23.3803979]]}},{"type":"Feature","properties":{"name":"","waterway":"ditch","source":"OSM"},"geometry":{"type":"LineString","coordinates":[[120.4192568,23.5620644],[120.4186724,23.561892]]}},{"type":"Feature","properties":{"name":"","waterway":"ditch","source":"OSM"},"geometry":{"type":"LineString","coordinates":[[120.427949,23.5665097],[120.4238364,23.5643174],[120.422814,23.5637835]]}},{"type":"Feature","properties":{"name":"柳溝大排水溝","waterway":"canal","source":"OSM"},"geometry":{"type":"LineString","coordinates":[[120.439197,23.5822637],[120.439052,23.582309]]}},{"type":"Feature","properties":{"name":"柳溝大排水溝","waterway":"canal","source":"OSM"},"geometry":{"type":"LineString","coordinates":[[120.4406958,23.5821275],[120.439197,23.5822637]]}},{"type":"Feature","properties":{"name":"柳溝大排水溝","waterway":"canal","source":"OSM"},"geometry":{"type":"LineString","coordinates":[[120.4292925,23.584743],[120.4291977,23.584737]]}},{"type":"Feature","properties":{"name":"柳溝大排水溝","waterway":"canal","source":"OSM"},"geometry":{"type":"LineString","coordinates":[[120.4298878,23.5847511],[120.4292925,23.584743]]}},{"type":"Feature","properties":{"name":"柳溝大排水溝","waterway":"canal","source":"OSM"},"geometry":{"type":"LineString","coordinates":[[120.4305767,23.5847792],[120.4298878,23.5847511]]}},{"type":"Feature","properties":{"name":"柳溝大排水溝","waterway":"canal","source":"OSM"},"geometry":{"type":"LineString","coordinates":[[120.439052,23.582309],[120.4387718,23.5824059],[120.4384895,23.5825325],[120.4365777,23.585052],[120.432475,23.5848664],[120.4305767,23.5847792]]}},{"type":"Feature","properties":{"name":"","waterway":"ditch","source":"OSM"},"geometry":{"type":"LineString","coordinates":[[120.3429069,23.5683709],[120.3426762,23.5685105],[120.3425657,23.5685538],[120.3424187,23.568541],[120.342359,23.5685296]]}},{"type":"Feature","properties":{"name":"","waterway":"ditch","source":"OSM"},"geometry":{"type":"LineString","coordinates":[[120.3421988,23.5684987],[120.3420454,23.5683837]]}},{"type":"Feature","properties":{"name":"","waterway":"ditch","source":"OSM"},"geometry":{"type":"LineString","coordinates":[[120.342359,23.5685296],[120.3421988,23.5684987]]}},{"type":"Feature","properties":{"name":"","waterway":"ditch","source":"OSM"},"geometry":{"type":"LineString","coordinates":[[120.4155472,23.4787124],[120.4153863,23.4786502],[120.4153027,23.4786323],[120.4152188,23.4786023],[120.415113,23.4785604],[120.4150787,23.4785366],[120.4150267,23.4784845],[120.4149391,23.4783982],[120.414824,23.4782255],[120.414791,23.4781836],[120.4147511,23.4781425],[120.414684,23.4781023],[120.4145692,23.4780495],[120.4145022,23.4780139],[120.4144246,23.4779541],[120.4143823,23.4779257],[120.4143357,23.4779085],[120.4142859,23.4778965],[120.4141943,23.4778923]]}},{"type":"Feature","properties":{"name":"","waterway":"ditch","source":"OSM"},"geometry":{"type":"LineString","coordinates":[[120.4141943,23.4778923],[120.4140754,23.477889]]}},{"type":"Feature","properties":{"name":"","waterway":"ditch","source":"OSM"},"geometry":{"type":"LineString","coordinates":[[120.4140754,23.477889],[120.4140547,23.4778772],[120.4140174,23.4778376],[120.4139887,23.4777917],[120.4139742,23.477739],[120.413972,23.4776712],[120.4138958,23.477572],[120.4139237,23.4774854],[120.4139312,23.4774195],[120.413825,23.477204],[120.4137617,23.4771656],[120.413663,23.4771282],[120.4135879,23.4771213],[120.4134473,23.4771509],[120.4133722,23.4771568],[120.4131791,23.4771135],[120.4131244,23.4771076],[120.4130547,23.4771135],[120.4130053,23.4771105],[120.4129248,23.4770869],[120.4127854,23.477021],[120.4126759,23.4769895],[120.4125075,23.4769393],[120.4124188,23.4769078],[120.4122979,23.4768293]]}},{"type":"Feature","properties":{"name":"","waterway":"ditch","source":"OSM"},"geometry":{"type":"LineString","coordinates":[[120.4121947,23.4768096],[120.4120753,23.4767553],[120.4120219,23.4767416]]}},{"type":"Feature","properties":{"name":"","waterway":"ditch","source":"OSM"},"geometry":{"type":"LineString","coordinates":[[120.4122607,23.4768222],[120.4121947,23.4768096]]}},{"type":"Feature","properties":{"name":"","waterway":"ditch","source":"OSM"},"geometry":{"type":"LineString","coordinates":[[120.4122979,23.4768293],[120.4122607,23.4768222]]}},{"type":"Feature","properties":{"name":"山仔腳排水","waterway":"canal","source":"OSM"},"geometry":{"type":"LineString","coordinates":[[120.4572916,23.5574217],[120.4569403,23.5575274],[120.4542741,23.5580929],[120.453844,23.5581195],[120.453496,23.5579691],[120.4531457,23.5571566]]}},{"type":"Feature","properties":{"name":"","waterway":"ditch","source":"OSM"},"geometry":{"type":"LineString","coordinates":[[120.5085548,23.4459582],[120.5084908,23.4459152],[120.5083492,23.445825],[120.5082446,23.4457332],[120.5081913,23.4456454],[120.5081084,23.4455015],[120.5080515,23.4453583],[120.5079451,23.4452822],[120.5078143,23.4451788],[120.507762,23.4451341],[120.5077016,23.4450232],[120.5076258,23.4446749],[120.5075411,23.4443199],[120.5075166,23.4442743]]}},{"type":"Feature","properties":{"name":"","waterway":"ditch","source":"OSM"},"geometry":{"type":"LineString","coordinates":[[120.508571,23.4459599],[120.5085548,23.4459582]]}},{"type":"Feature","properties":{"name":"","waterway":"ditch","source":"OSM"},"geometry":{"type":"LineString","coordinates":[[120.5120261,23.4458365],[120.5119938,23.4458333],[120.511909,23.4458324],[120.5116032,23.4458415],[120.5112885,23.4458705],[120.5109908,23.4458837],[120.510888,23.4458531],[120.5107618,23.4458134],[120.510677,23.4457878],[120.5106003,23.4457886],[120.5102801,23.4458945],[120.5101268,23.4459334],[120.5100781,23.4459069],[120.5100042,23.44583],[120.5098851,23.4458027],[120.5097697,23.4458523],[120.5095776,23.4458879],[120.5093737,23.4458871],[120.509261,23.445969],[120.5090752,23.4460219],[120.5089038,23.4460285],[120.5086757,23.4460037],[120.508571,23.4459599]]}},{"type":"Feature","properties":{"name":"","waterway":"ditch","source":"OSM"},"geometry":{"type":"LineString","coordinates":[[120.5121482,23.4458486],[120.5120261,23.4458365]]}},{"type":"Feature","properties":{"name":"","waterway":"ditch","source":"OSM"},"geometry":{"type":"LineString","coordinates":[[120.5141529,23.4463375],[120.5140763,23.4463165],[120.5135929,23.4461936],[120.5132843,23.4460848],[120.5130368,23.4460181],[120.5129501,23.4460052],[120.5128162,23.4460122],[120.5126746,23.4459502],[120.5124817,23.4458689],[120.5122698,23.4458606],[120.5121482,23.4458486]]}},{"type":"Feature","properties":{"name":"","waterway":"ditch","source":"OSM"},"geometry":{"type":"LineString","coordinates":[[120.5142294,23.4463662],[120.5141529,23.4463375]]}},{"type":"Feature","properties":{"name":"隆恩圳","waterway":"ditch","source":"OSM"},"geometry":{"type":"LineString","coordinates":[[120.5407587,23.4448292],[120.5407043,23.4447849],[120.5405311,23.4446479],[120.5403144,23.4445318],[120.5402563,23.4444767],[120.5402189,23.4444091],[120.5401744,23.444392],[120.540137,23.4443796],[120.5400717,23.4443492],[120.5399908,23.4442788],[120.5398684,23.4442274],[120.5397938,23.4441732],[120.5397378,23.444058],[120.5396786,23.4439924],[120.5395034,23.4439572],[120.5394287,23.4439381],[120.5393582,23.4438525],[120.5393426,23.4437574],[120.5392516,23.4436793],[120.5392006,23.4435595],[120.5390481,23.4435652],[120.5389258,23.4435623],[120.5387982,23.4435823],[120.5387277,23.4435757],[120.5386333,23.4434986],[120.5385659,23.4434729],[120.5384601,23.44351],[120.5383336,23.4434976],[120.5381884,23.4434405],[120.5380515,23.4434691],[120.5379789,23.4434577],[120.5378712,23.4434576],[120.5378057,23.4434253],[120.5375154,23.4433906],[120.5371524,23.4433844],[120.5370736,23.4434139],[120.5366294,23.4434233],[120.5363597,23.4434372],[120.5361917,23.4434567],[120.5360337,23.4434441],[120.5358928,23.4433805],[120.5357657,23.4434378],[120.5355389,23.4435366],[120.5354152,23.4434882],[120.5352389,23.4435072],[120.5351633,23.443442],[120.5347996,23.4434086],[120.5346548,23.4432256],[120.5343982,23.4431856],[120.5341008,23.4429389],[120.5339169,23.44292],[120.533606,23.44299],[120.5335004,23.4432322],[120.5330956,23.4431407],[120.5329372,23.4431999],[120.532949,23.4433775],[120.5328727,23.4435551],[120.5328844,23.4437273],[120.5326204,23.4439157],[120.5323271,23.4438726],[120.5321897,23.4438998],[120.5321277,23.444018],[120.531852,23.4439857],[120.5316642,23.4437489],[120.5315354,23.4436829],[120.5314296,23.4434798],[120.5314061,23.4434098],[120.5312471,23.4432935],[120.5310976,23.4433063],[120.5310724,23.4430641],[120.5308327,23.4427502],[120.5304206,23.4427424],[120.5301345,23.4425941],[120.5299546,23.4427675],[120.5298222,23.4427585],[120.5294815,23.4426027],[120.5290065,23.4425606],[120.5288128,23.4428832],[120.5285668,23.4433398],[120.5282745,23.4433997],[120.5280802,23.4434454]]}},{"type":"Feature","properties":{"name":"隆恩圳","waterway":"ditch","source":"OSM"},"geometry":{"type":"LineString","coordinates":[[120.5117367,23.442877],[120.5117074,23.4429867]]}},{"type":"Feature","properties":{"name":"隆恩圳","waterway":"ditch","source":"OSM"},"geometry":{"type":"LineString","coordinates":[[120.5118512,23.4424256],[120.5118298,23.4425025],[120.5117805,23.4427135],[120.5117367,23.442877]]}},{"type":"Feature","properties":{"name":"隆恩圳","waterway":"ditch","source":"OSM"},"geometry":{"type":"LineString","coordinates":[[120.5118967,23.4423507],[120.5118512,23.4424256]]}},{"type":"Feature","properties":{"name":"隆恩圳","waterway":"ditch","source":"OSM"},"geometry":{"type":"LineString","coordinates":[[120.5151636,23.4422113],[120.5150001,23.442149],[120.5148456,23.442082],[120.5145984,23.4419866],[120.5143849,23.4418371],[120.5142697,23.4418577],[120.5141432,23.4419325],[120.5139381,23.44185],[120.51366,23.4416824],[120.513483,23.4416464],[120.5132892,23.4416747],[120.5126795,23.441685],[120.5122629,23.4417641],[120.5121703,23.4419015],[120.5119743,23.4421877],[120.5119016,23.4423427],[120.5118967,23.4423507]]}},{"type":"Feature","properties":{"name":"隆恩圳","waterway":"ditch","source":"OSM"},"geometry":{"type":"LineString","coordinates":[[120.5153696,23.4422898],[120.5151636,23.4422113]]}},{"type":"Feature","properties":{"name":"隆恩圳","waterway":"ditch","source":"OSM"},"geometry":{"type":"LineString","coordinates":[[120.5188935,23.4423003],[120.5188547,23.4423011],[120.5184726,23.4423217],[120.5183012,23.4422624],[120.5181102,23.4422908],[120.5176354,23.4424093],[120.5167841,23.4425743],[120.5166099,23.4425382],[120.5161829,23.4425124],[120.5154805,23.442332],[120.5153696,23.4422898]]}},{"type":"Feature","properties":{"name":"隆恩圳","waterway":"ditch","source":"OSM"},"geometry":{"type":"LineString","coordinates":[[120.5189926,23.4422983],[120.5188935,23.4423003]]}},{"type":"Feature","properties":{"name":"隆恩圳","waterway":"ditch","source":"OSM"},"geometry":{"type":"LineString","coordinates":[[120.5202419,23.4426175],[120.5202145,23.4425923],[120.520172,23.442554],[120.5200319,23.4424274],[120.5194082,23.4422701],[120.5192368,23.4422933],[120.5189926,23.4422983]]}},{"type":"Feature","properties":{"name":"隆恩圳","waterway":"ditch","source":"OSM"},"geometry":{"type":"LineString","coordinates":[[120.520335,23.4427029],[120.5202419,23.4426175]]}},{"type":"Feature","properties":{"name":"","waterway":"ditch","source":"OSM"},"geometry":{"type":"LineString","coordinates":[[120.5183709,23.4470595],[120.5182485,23.4470864],[120.5179105,23.4470712],[120.5176732,23.4470408],[120.5175827,23.4469975],[120.5173658,23.4468992],[120.5172197,23.4467276],[120.5171885,23.4466909],[120.5170941,23.4465844],[120.5170253,23.4464885],[120.5169245,23.446389],[120.5167536,23.4461959],[120.5166248,23.446169],[120.5164079,23.4461842],[120.5162536,23.4462299],[120.5159717,23.4464768],[120.5159067,23.446561],[120.5157995,23.4467553],[120.5157255,23.4467728],[120.5156171,23.4467646],[120.5155049,23.4467635],[120.5153875,23.446822],[120.5152587,23.4468208],[120.5151248,23.4467869],[120.514973,23.4467494],[120.5148506,23.4466956],[120.5146745,23.4466336],[120.5144335,23.4464826],[120.5142996,23.4463925],[120.5142294,23.4463662]]}},{"type":"Feature","properties":{"name":"","waterway":"ditch","source":"OSM"},"geometry":{"type":"LineString","coordinates":[[120.5184653,23.4470034],[120.5183709,23.4470595]]}},{"type":"Feature","properties":{"name":"","waterway":"ditch","source":"OSM"},"geometry":{"type":"LineString","coordinates":[[120.5249715,23.4445168],[120.5248193,23.4444511],[120.5246976,23.4443952],[120.5245347,23.4443115],[120.5244371,23.4443566],[120.5244139,23.4443673],[120.5241222,23.4445209]]}},{"type":"Feature","properties":{"name":"","waterway":"ditch","source":"OSM"},"geometry":{"type":"LineString","coordinates":[[120.5241222,23.4445209],[120.5240628,23.4445523]]}},{"type":"Feature","properties":{"name":"","waterway":"ditch","source":"OSM"},"geometry":{"type":"LineString","coordinates":[[120.5197115,23.4462638],[120.519664,23.4462646],[120.5195387,23.4463081],[120.5194483,23.446364],[120.5193901,23.4463788],[120.5193463,23.446382],[120.5192827,23.4463845],[120.519221,23.4463779],[120.5191744,23.4463894],[120.5191243,23.4464083],[120.5190742,23.4464026],[120.5190043,23.4463944],[120.5188925,23.4463919],[120.5188325,23.4463656],[120.5187636,23.4463237],[120.5187322,23.4463049],[120.5186383,23.4462835],[120.5185944,23.4462925],[120.5185156,23.4463566],[120.5184637,23.4463549],[120.5183912,23.4463213],[120.5183178,23.4462892],[120.5182104,23.4462441],[120.5181576,23.4462268],[120.5180985,23.4461882],[120.5179848,23.4461406],[120.5178962,23.4461529],[120.5178219,23.4461866],[120.5177736,23.4462063],[120.5176787,23.4462671],[120.5175982,23.4462999],[120.5175409,23.4463549],[120.5175248,23.4464059],[120.517497,23.4464321],[120.5174594,23.4465019],[120.5173457,23.4465947],[120.5173099,23.4466341],[120.5172197,23.4467276]]}},{"type":"Feature","properties":{"name":"","waterway":"ditch","source":"OSM"},"geometry":{"type":"LineString","coordinates":[[120.5197553,23.4462646],[120.5197115,23.4462638]]}},{"type":"Feature","properties":{"name":"","waterway":"ditch","source":"OSM"},"geometry":{"type":"LineString","coordinates":[[120.5214257,23.4470361],[120.5212586,23.4470771],[120.5211655,23.4471461],[120.520918,23.4471695],[120.5206897,23.4472409],[120.5202408,23.447338],[120.5201387,23.4473837],[120.5198734,23.4474234],[120.5197165,23.4474164],[120.5196145,23.4472959],[120.5194921,23.4472257],[120.5193862,23.4471028],[120.5192382,23.4469425],[120.5190278,23.4467752],[120.5187918,23.4467553],[120.5185724,23.4467705],[120.5184525,23.4468056],[120.5184704,23.4469097],[120.5184653,23.4470034]]}},{"type":"Feature","properties":{"name":"","waterway":"ditch","source":"OSM"},"geometry":{"type":"LineString","coordinates":[[120.5215474,23.4470246],[120.5214257,23.4470361]]}},{"type":"Feature","properties":{"name":"","waterway":"ditch","source":"OSM"},"geometry":{"type":"LineString","coordinates":[[120.5285807,23.445668],[120.5285423,23.4456695],[120.5278434,23.4456414],[120.5274811,23.4457304],[120.5273351,23.445744],[120.5271954,23.4458661],[120.5271245,23.4459728],[120.5267042,23.4459688],[120.5265798,23.4459456],[120.5262032,23.4460274],[120.5261243,23.446069],[120.5260246,23.4462055],[120.5259438,23.4463009],[120.5258484,23.4463217],[120.5258239,23.4463648],[120.5257108,23.4464128],[120.5255737,23.4464633],[120.5253732,23.4464953],[120.5250782,23.4464953],[120.5247617,23.4464173],[120.5245637,23.4464182],[120.5243669,23.4463975],[120.5242587,23.4464],[120.5240864,23.4463563],[120.5239524,23.446437],[120.523858,23.4464241],[120.5236756,23.4464358],[120.5234116,23.4464744],[120.5229639,23.4465294],[120.5228172,23.4465049],[120.522654,23.4465458],[120.5224984,23.4466535],[120.5224231,23.4467693],[120.5223198,23.4468173],[120.5222382,23.4468103],[120.5221361,23.4468056],[120.5219231,23.4468676],[120.5215622,23.4470232],[120.5215474,23.4470246]]}},{"type":"Feature","properties":{"name":"","waterway":"ditch","source":"OSM"},"geometry":{"type":"LineString","coordinates":[[120.5286595,23.4456648],[120.5285807,23.445668]]}},{"type":"Feature","properties":{"name":"","waterway":"ditch","source":"OSM"},"geometry":{"type":"LineString","coordinates":[[120.5286677,23.4456645],[120.5286595,23.4456648]]}},{"type":"Feature","properties":{"name":"","waterway":"ditch","source":"OSM"},"geometry":{"type":"LineString","coordinates":[[120.5287466,23.4456613],[120.5286677,23.4456645]]}},{"type":"Feature","properties":{"name":"","waterway":"ditch","source":"OSM"},"geometry":{"type":"LineString","coordinates":[[120.5309859,23.4463864],[120.5309467,23.4463348],[120.5308457,23.4462057],[120.5307447,23.4460038],[120.530464,23.4458914],[120.5300558,23.4458586],[120.5298288,23.4458329],[120.5297701,23.445786],[120.5294481,23.4457047],[120.5292316,23.4457278],[120.5291287,23.4456701],[120.5290368,23.4456682],[120.5289665,23.4456791],[120.5288221,23.4456583],[120.5287466,23.4456613]]}},{"type":"Feature","properties":{"name":"","waterway":"ditch","source":"OSM"},"geometry":{"type":"LineString","coordinates":[[120.5310339,23.4464496],[120.5309859,23.4463864]]}},{"type":"Feature","properties":{"name":"","waterway":"ditch","source":"OSM"},"geometry":{"type":"LineString","coordinates":[[120.535865,23.4466421],[120.5344262,23.4464225],[120.534199,23.4463695],[120.5341503,23.4463642]]}},{"type":"Feature","properties":{"name":"","waterway":"ditch","source":"OSM"},"geometry":{"type":"LineString","coordinates":[[120.5341503,23.4463642],[120.5340433,23.4463526]]}},{"type":"Feature","properties":{"name":"","waterway":"ditch","source":"OSM"},"geometry":{"type":"LineString","coordinates":[[120.5363512,23.4466744],[120.5360472,23.4466355]]}},{"type":"Feature","properties":{"name":"","waterway":"ditch","source":"OSM"},"geometry":{"type":"LineString","coordinates":[[120.5360472,23.4466355],[120.535865,23.4466421]]}},{"type":"Feature","properties":{"name":"隆恩圳","waterway":"ditch","source":"OSM"},"geometry":{"type":"LineString","coordinates":[[120.5279384,23.4434787],[120.5278305,23.4435041],[120.5277524,23.4435],[120.5277248,23.4434986],[120.5275488,23.4434679],[120.5272012,23.4434451],[120.5270716,23.4433441],[120.5268836,23.443054],[120.5265532,23.442979],[120.5260149,23.4428393],[120.5255204,23.4428305],[120.5253893,23.4430111],[120.5252757,23.4430869],[120.5250846,23.4430754],[120.5250034,23.4430916],[120.5248853,23.4431859],[120.5248777,23.4432767],[120.5248016,23.4433256],[120.5246797,23.4433466],[120.5245541,23.4433745],[120.5244094,23.4434234],[120.52428,23.4435631],[120.5241505,23.4436714],[120.5240668,23.44364],[120.5239868,23.4436295],[120.5238574,23.4436854],[120.5237241,23.4437657],[120.52353,23.4437972],[120.5233701,23.4438041],[120.5232064,23.4437413],[120.5230655,23.4437692],[120.5229437,23.4437517],[120.5227799,23.4436749],[120.5226467,23.443633],[120.5224792,23.4435212],[120.5221517,23.4434059],[120.5220413,23.4433955],[120.5220071,23.4435107],[120.52195,23.4435492],[120.5217939,23.4435142],[120.5216302,23.443399],[120.5214893,23.4433361],[120.5214208,23.443364],[120.5212913,23.443378],[120.5211162,23.443392],[120.5210412,23.4433389],[120.52092,23.4432796],[120.520702,23.4430228],[120.5204893,23.4428252],[120.5203606,23.4427264],[120.520335,23.4427029]]}},{"type":"Feature","properties":{"name":"隆恩圳","waterway":"ditch","source":"OSM"},"geometry":{"type":"LineString","coordinates":[[120.5280802,23.4434454],[120.5280041,23.4434633]]}},{"type":"Feature","properties":{"name":"隆恩圳","waterway":"ditch","source":"OSM"},"geometry":{"type":"LineString","coordinates":[[120.5280041,23.4434633],[120.5279384,23.4434787]]}},{"type":"Feature","properties":{"name":"","waterway":"ditch","source":"OSM"},"geometry":{"type":"LineString","coordinates":[[120.4190093,23.5226063],[120.4189965,23.5226274]]}},{"type":"Feature","properties":{"name":"","waterway":"ditch","source":"OSM"},"geometry":{"type":"LineString","coordinates":[[120.4190684,23.5225095],[120.4190093,23.5226063]]}},{"type":"Feature","properties":{"name":"中興圳幹線","waterway":"canal","source":"OSM"},"geometry":{"type":"LineString","coordinates":[[120.4967618,23.5130459],[120.4967634,23.51295],[120.4972596,23.5122884],[120.4974044,23.5121064],[120.4974527,23.5118358],[120.4971845,23.5112455],[120.4967607,23.5110611],[120.4963208,23.5108717],[120.4955913,23.5110488],[120.4942716,23.510547],[120.4938317,23.5101535],[120.4926623,23.5095337],[120.4919757,23.5091795],[120.4910127,23.5096886],[120.4900013,23.5098353]]}},{"type":"Feature","properties":{"name":"中興圳幹線","waterway":"canal","source":"OSM"},"geometry":{"type":"LineString","coordinates":[[120.4967599,23.5131615],[120.4967618,23.5130459]]}},{"type":"Feature","properties":{"name":"中興圳幹線","waterway":"canal","source":"OSM"},"geometry":{"type":"LineString","coordinates":[[120.4990689,23.5126827],[120.4990647,23.5128934],[120.498983,23.5130213],[120.4990165,23.5132328],[120.4990057,23.5136018],[120.4983244,23.5141182],[120.4981796,23.5142707],[120.4975198,23.5144724],[120.4970638,23.5138575],[120.4968814,23.5136608],[120.496758,23.5132722],[120.4967599,23.5131615]]}},{"type":"Feature","properties":{"name":"中興圳幹線","waterway":"canal","source":"OSM"},"geometry":{"type":"LineString","coordinates":[[120.499071,23.5125739],[120.4990689,23.5126827]]}},{"type":"Feature","properties":{"name":"中興圳幹線","waterway":"canal","source":"OSM"},"geometry":{"type":"LineString","coordinates":[[120.5010951,23.5094418],[120.5007733,23.5094525],[120.5006097,23.5094378],[120.5003441,23.5096837],[120.5001671,23.5099002],[120.5002878,23.5100822],[120.500202,23.5103798],[120.4999981,23.5106848],[120.4995529,23.5109873],[120.4993169,23.5119096],[120.4990755,23.5123474],[120.499071,23.5125739]]}},{"type":"Feature","properties":{"name":"中興圳幹線","waterway":"canal","source":"OSM"},"geometry":{"type":"LineString","coordinates":[[120.5012408,23.509437],[120.5010951,23.5094418]]}},{"type":"Feature","properties":{"name":"中興圳幹線","waterway":"canal","source":"OSM"},"geometry":{"type":"LineString","coordinates":[[120.5031547,23.5086554],[120.5027662,23.5088081],[120.5027581,23.5089754],[120.5024443,23.509241],[120.5022914,23.5094132],[120.5020232,23.509241],[120.5015887,23.5094255],[120.5012408,23.509437]]}},{"type":"Feature","properties":{"name":"中興圳幹線","waterway":"canal","source":"OSM"},"geometry":{"type":"LineString","coordinates":[[120.5032168,23.508631],[120.5031547,23.5086554]]}},{"type":"Feature","properties":{"name":"中興圳幹線","waterway":"canal","source":"OSM"},"geometry":{"type":"LineString","coordinates":[[120.5098874,23.5078071],[120.5093403,23.5087196],[120.5088628,23.5089557],[120.5083157,23.508631],[120.5078221,23.5087343],[120.5072133,23.5086286],[120.5067927,23.5085311]]}},{"type":"Feature","properties":{"name":"中興圳幹線","waterway":"canal","source":"OSM"},"geometry":{"type":"LineString","coordinates":[[120.5067927,23.5085311],[120.5066329,23.5084941]]}},{"type":"Feature","properties":{"name":"","waterway":"ditch","source":"OSM"},"geometry":{"type":"LineString","coordinates":[[120.4365331,23.6062846],[120.4388906,23.6064794]]}},{"type":"Feature","properties":{"name":"","waterway":"ditch","source":"OSM"},"geometry":{"type":"LineString","coordinates":[[120.4388906,23.6064794],[120.438998,23.6064883]]}},{"type":"Feature","properties":{"name":"","waterway":"ditch","source":"OSM"},"geometry":{"type":"LineString","coordinates":[[120.4447319,23.6069586],[120.4461086,23.6070563]]}},{"type":"Feature","properties":{"name":"","waterway":"ditch","source":"OSM"},"geometry":{"type":"LineString","coordinates":[[120.4445354,23.6069446],[120.4446716,23.6069543]]}},{"type":"Feature","properties":{"name":"","waterway":"ditch","source":"OSM"},"geometry":{"type":"LineString","coordinates":[[120.4446716,23.6069543],[120.4447319,23.6069586]]}},{"type":"Feature","properties":{"name":"八掌溪支線","waterway":"canal","source":"OSM"},"geometry":{"type":"LineString","coordinates":[[120.3353261,23.4146563],[120.333953,23.4122469],[120.3338633,23.4120896],[120.3326966,23.4100589]]}},{"type":"Feature","properties":{"name":"八掌溪支線","waterway":"canal","source":"OSM"},"geometry":{"type":"LineString","coordinates":[[120.3308707,23.4051897],[120.3308546,23.4051063]]}},{"type":"Feature","properties":{"name":"八掌溪支線","waterway":"canal","source":"OSM"},"geometry":{"type":"LineString","coordinates":[[120.3326421,23.4099642],[120.3322819,23.4093372],[120.331309,23.4076769],[120.3312388,23.4074878],[120.3311869,23.4072446],[120.3310092,23.4060839]]}},{"type":"Feature","properties":{"name":"八掌溪支線","waterway":"canal","source":"OSM"},"geometry":{"type":"LineString","coordinates":[[120.3326966,23.4100589],[120.3326421,23.4099642]]}},{"type":"Feature","properties":{"name":"八掌溪支線","waterway":"canal","source":"OSM"},"geometry":{"type":"LineString","coordinates":[[120.3354275,23.4148342],[120.3353762,23.4147442]]}},{"type":"Feature","properties":{"name":"八掌溪支線","waterway":"canal","source":"OSM"},"geometry":{"type":"LineString","coordinates":[[120.3353762,23.4147442],[120.3353261,23.4146563]]}},{"type":"Feature","properties":{"name":"八掌溪支線","waterway":"canal","source":"OSM"},"geometry":{"type":"LineString","coordinates":[[120.3309928,23.4059768],[120.330879,23.4052331],[120.3308707,23.4051897]]}},{"type":"Feature","properties":{"name":"八掌溪支線","waterway":"canal","source":"OSM"},"geometry":{"type":"LineString","coordinates":[[120.3310092,23.4060839],[120.3309928,23.4059768]]}},{"type":"Feature","properties":{"name":"","waterway":"ditch","source":"OSM"},"geometry":{"type":"LineString","coordinates":[[120.3254331,23.5561264],[120.3247313,23.5562929],[120.3213369,23.5571046],[120.3212317,23.5571228]]}},{"type":"Feature","properties":{"name":"","waterway":"ditch","source":"OSM"},"geometry":{"type":"LineString","coordinates":[[120.3255375,23.5561016],[120.3254331,23.5561264]]}},{"type":"Feature","properties":{"name":"","waterway":"ditch","source":"OSM"},"geometry":{"type":"LineString","coordinates":[[120.3305864,23.5549057],[120.3300316,23.5550363]]}},{"type":"Feature","properties":{"name":"","waterway":"ditch","source":"OSM"},"geometry":{"type":"LineString","coordinates":[[120.329696,23.5551152],[120.3296198,23.5551332]]}},{"type":"Feature","properties":{"name":"","waterway":"ditch","source":"OSM"},"geometry":{"type":"LineString","coordinates":[[120.32981,23.5550884],[120.329696,23.5551152]]}},{"type":"Feature","properties":{"name":"","waterway":"ditch","source":"OSM"},"geometry":{"type":"LineString","coordinates":[[120.3298688,23.5550746],[120.32981,23.5550884]]}},{"type":"Feature","properties":{"name":"","waterway":"ditch","source":"OSM"},"geometry":{"type":"LineString","coordinates":[[120.3299833,23.5550476],[120.3298688,23.5550746]]}},{"type":"Feature","properties":{"name":"","waterway":"ditch","source":"OSM"},"geometry":{"type":"LineString","coordinates":[[120.3300316,23.5550363],[120.3299833,23.5550476]]}},{"type":"Feature","properties":{"name":"六腳大排水溝","waterway":"canal","source":"OSM"},"geometry":{"type":"LineString","coordinates":[[120.3451601,23.5517075],[120.3450375,23.5516449],[120.3448356,23.5512976],[120.344645,23.5507402],[120.3444136,23.5503783],[120.3440042,23.5499623],[120.3428395,23.5489299],[120.3426438,23.5488388],[120.3424128,23.5488094],[120.3422235,23.5489152],[120.3418641,23.5492064],[120.341508,23.54923],[120.3401412,23.5488976],[120.339461,23.5486829],[120.3390952,23.5487182],[120.3388642,23.5488505],[120.3385273,23.5491388],[120.3381711,23.54923],[120.3378471,23.5491123],[120.3373594,23.5488064],[120.3372278,23.5486741],[120.3371187,23.5483711],[120.3370802,23.5480505],[120.3370064,23.5478005],[120.3368107,23.5474858],[120.3366407,23.5472799],[120.3364995,23.5471387],[120.3362075,23.5471681],[120.3359829,23.5472593],[120.3357391,23.5473799],[120.3355933,23.5474757],[120.3356403,23.5478358],[120.3357086,23.5483799],[120.3359691,23.5487048],[120.3360331,23.5490572],[120.3359136,23.5494251],[120.3359605,23.5499692],[120.3359477,23.5504546],[120.3358922,23.5506543],[120.3356958,23.5507913],[120.3353627,23.5506934],[120.3350296,23.5506269],[120.3348903,23.5508584],[120.3345273,23.5518644],[120.334534,23.5521354],[120.3346245,23.552345],[120.3347579,23.5524712],[120.3351806,23.5523616],[120.3354497,23.5523616],[120.3359493,23.5528548],[120.3362823,23.5532815],[120.33615,23.5534928],[120.3359765,23.5540579],[120.3356306,23.5547429],[120.3351609,23.5549543],[120.3351294,23.5550023],[120.3350968,23.5550521],[120.3349431,23.5555179],[120.3346826,23.5557724],[120.3344589,23.5557211]]}},{"type":"Feature","properties":{"name":"六腳大排水溝","waterway":"canal","source":"OSM"},"geometry":{"type":"LineString","coordinates":[[120.3299309,23.5566338],[120.3298637,23.55668]]}},{"type":"Feature","properties":{"name":"六腳大排水溝","waterway":"canal","source":"OSM"},"geometry":{"type":"LineString","coordinates":[[120.3300304,23.5565655],[120.3299309,23.5566338]]}},{"type":"Feature","properties":{"name":"六腳大排水溝","waterway":"canal","source":"OSM"},"geometry":{"type":"LineString","coordinates":[[120.3300787,23.5565322],[120.3300304,23.5565655]]}},{"type":"Feature","properties":{"name":"六腳大排水溝","waterway":"canal","source":"OSM"},"geometry":{"type":"LineString","coordinates":[[120.330182,23.5564612],[120.3300787,23.5565322]]}},{"type":"Feature","properties":{"name":"六腳大排水溝","waterway":"canal","source":"OSM"},"geometry":{"type":"LineString","coordinates":[[120.3302334,23.5564259],[120.330182,23.5564612]]}},{"type":"Feature","properties":{"name":"六腳大排水溝","waterway":"canal","source":"OSM"},"geometry":{"type":"LineString","coordinates":[[120.3343922,23.5557058],[120.3340592,23.5556001],[120.3337731,23.5556823],[120.333504,23.5556941],[120.3332948,23.555561],[120.3332051,23.5554279],[120.3330429,23.5553692],[120.3328037,23.5553692],[120.3324237,23.5556471],[120.3317832,23.5557097],[120.3315184,23.5558389],[120.3315099,23.5560346],[120.3315142,23.5563008],[120.3315056,23.5565513],[120.3314629,23.5566492],[120.3311128,23.5565631],[120.3308437,23.5563791],[120.3305662,23.5563086],[120.3303868,23.5563204],[120.3302334,23.5564259]]}},{"type":"Feature","properties":{"name":"六腳大排水溝","waterway":"canal","source":"OSM"},"geometry":{"type":"LineString","coordinates":[[120.3344589,23.5557211],[120.3343922,23.5557058]]}},{"type":"Feature","properties":{"name":"六腳大排水溝","waterway":"canal","source":"OSM"},"geometry":{"type":"LineString","coordinates":[[120.3572521,23.5447298],[120.3568221,23.544393],[120.3566259,23.5442514],[120.3563086,23.5441978],[120.3560164,23.5442016],[120.3558202,23.5443011],[120.3554946,23.544569],[120.3551231,23.5447986],[120.3548226,23.5449938],[120.3546013,23.5453535],[120.3543467,23.5457745],[120.3541421,23.5459199],[120.3537748,23.5460538],[120.3533198,23.5464365],[120.3518337,23.5462337],[120.3515665,23.5462643],[120.3513369,23.5465934],[120.3511574,23.5468154],[120.3505521,23.5468192],[120.3503017,23.5468766],[120.349863,23.5471224],[120.3497474,23.5473915],[120.349563,23.5476768],[120.3495581,23.5478312],[120.3495549,23.5479665],[120.3496592,23.5481077],[120.3500041,23.5482886],[120.3500988,23.5484239],[120.3501726,23.5485739],[120.350187,23.548796],[120.350118,23.5490328],[120.3499576,23.5492298],[120.3495982,23.5494725],[120.3493672,23.5496916],[120.3488892,23.5498652],[120.3484223,23.5499931],[120.3482959,23.5500722],[120.3481716,23.55015],[120.3479887,23.5503941],[120.3477224,23.5510206],[120.3473567,23.5512856]]}},{"type":"Feature","properties":{"name":"六腳大排水溝","waterway":"canal","source":"OSM"},"geometry":{"type":"LineString","coordinates":[[120.3452663,23.5517618],[120.3451601,23.5517075]]}},{"type":"Feature","properties":{"name":"","waterway":"ditch","source":"OSM"},"geometry":{"type":"LineString","coordinates":[[120.5410734,23.4377415],[120.5409155,23.4376926],[120.5405826,23.4376019],[120.5404143,23.4375561],[120.5397864,23.4372479],[120.5392699,23.436917],[120.5391212,23.4366593],[120.539358,23.4364521],[120.539727,23.4365228],[120.539788,23.4365077],[120.540205,23.4363281],[120.5402655,23.4358935],[120.5401664,23.4352821],[120.540249,23.4346756],[120.5400452,23.4342511],[120.5397973,23.4341056],[120.5392252,23.4338499],[120.5389331,23.4336744]]}},{"type":"Feature","properties":{"name":"","waterway":"ditch","source":"OSM"},"geometry":{"type":"LineString","coordinates":[[120.5411864,23.4377765],[120.5410734,23.4377415]]}},{"type":"Feature","properties":{"name":"鴨母寮大排水溝","waterway":"canal","source":"OSM"},"geometry":{"type":"LineString","coordinates":[[120.3239936,23.4148171],[120.3239247,23.4149143],[120.3220514,23.4161018],[120.321238,23.4161131],[120.317134,23.4161018],[120.3163946,23.4155363],[120.3158523,23.4147334],[120.3153224,23.4136703],[120.3152385,23.4135982]]}},{"type":"Feature","properties":{"name":"鴨母寮大排水溝","waterway":"canal","source":"OSM"},"geometry":{"type":"LineString","coordinates":[[120.3150151,23.4134064],[120.3149111,23.413317]]}},{"type":"Feature","properties":{"name":"鴨母寮大排水溝","waterway":"canal","source":"OSM"},"geometry":{"type":"LineString","coordinates":[[120.325305,23.4125281],[120.3247134,23.4133536],[120.32443,23.4142018],[120.3240599,23.4147237]]}},{"type":"Feature","properties":{"name":"鴨母寮大排水溝","waterway":"canal","source":"OSM"},"geometry":{"type":"LineString","coordinates":[[120.3240599,23.4147237],[120.3239936,23.4148171]]}},{"type":"Feature","properties":{"name":"鴨母寮大排水溝","waterway":"canal","source":"OSM"},"geometry":{"type":"LineString","coordinates":[[120.3151525,23.4135244],[120.3150151,23.4134064]]}},{"type":"Feature","properties":{"name":"鴨母寮大排水溝","waterway":"canal","source":"OSM"},"geometry":{"type":"LineString","coordinates":[[120.3152385,23.4135982],[120.3151525,23.4135244]]}},{"type":"Feature","properties":{"name":"","waterway":"canal","source":"OSM"},"geometry":{"type":"LineString","coordinates":[[120.3881458,23.5962853],[120.3881074,23.5962544]]}},{"type":"Feature","properties":{"name":"","waterway":"canal","source":"OSM"},"geometry":{"type":"LineString","coordinates":[[120.3882273,23.5963511],[120.3881458,23.5962853]]}},{"type":"Feature","properties":{"name":"","waterway":"canal","source":"OSM"},"geometry":{"type":"LineString","coordinates":[[120.3908129,23.5984352],[120.3882273,23.5963511]]}},{"type":"Feature","properties":{"name":"","waterway":"canal","source":"OSM"},"geometry":{"type":"LineString","coordinates":[[120.390894,23.5985006],[120.3908129,23.5984352]]}},{"type":"Feature","properties":{"name":"","waterway":"canal","source":"OSM"},"geometry":{"type":"LineString","coordinates":[[120.396062,23.5986559],[120.3948541,23.5988655],[120.3924846,23.5992591],[120.3920715,23.5993076],[120.3915275,23.5990223],[120.3913073,23.5988337],[120.390894,23.5985006]]}},{"type":"Feature","properties":{"name":"","waterway":"canal","source":"OSM"},"geometry":{"type":"LineString","coordinates":[[120.3961738,23.5986365],[120.396062,23.5986559]]}},{"type":"Feature","properties":{"name":"","waterway":"canal","source":"OSM"},"geometry":{"type":"LineString","coordinates":[[120.4025019,23.6022334],[120.4010205,23.6024105],[120.4008686,23.6024082],[120.4010734,23.6016728],[120.4011135,23.601508]]}},{"type":"Feature","properties":{"name":"","waterway":"canal","source":"OSM"},"geometry":{"type":"LineString","coordinates":[[120.4011135,23.601508],[120.4011393,23.6014021]]}},{"type":"Feature","properties":{"name":"","waterway":"canal","source":"OSM"},"geometry":{"type":"LineString","coordinates":[[120.4011393,23.6014021],[120.4014321,23.6001999]]}},{"type":"Feature","properties":{"name":"","waterway":"canal","source":"OSM"},"geometry":{"type":"LineString","coordinates":[[120.4014321,23.6001999],[120.4014572,23.6000968]]}},{"type":"Feature","properties":{"name":"","waterway":"canal","source":"OSM"},"geometry":{"type":"LineString","coordinates":[[120.4014572,23.6000968],[120.4020184,23.5977926],[120.4020093,23.5977864]]}},{"type":"Feature","properties":{"name":"","waterway":"canal","source":"OSM"},"geometry":{"type":"LineString","coordinates":[[120.4020093,23.5977864],[120.4019082,23.5977168]]}},{"type":"Feature","properties":{"name":"柳溝大排水溝","waterway":"canal","source":"OSM"},"geometry":{"type":"LineString","coordinates":[[120.3874316,23.5713016],[120.3874055,23.5713109],[120.3854201,23.5719552],[120.384925,23.5720033],[120.3844303,23.5719297],[120.3834951,23.5716771],[120.3823125,23.5712933],[120.3818026,23.5711998],[120.381386,23.5712436],[120.3809672,23.5713848],[120.3802056,23.571882],[120.3795893,23.572059],[120.3791858,23.5721624],[120.3786151,23.5722599],[120.3780531,23.5722897],[120.3772242,23.572242],[120.3769378,23.5720888],[120.3768054,23.5719814],[120.3764684,23.5717025]]}},{"type":"Feature","properties":{"name":"柳溝大排水溝","waterway":"canal","source":"OSM"},"geometry":{"type":"LineString","coordinates":[[120.3875325,23.5712658],[120.3874316,23.5713016]]}},{"type":"Feature","properties":{"name":"柳溝大排水溝","waterway":"canal","source":"OSM"},"geometry":{"type":"LineString","coordinates":[[120.3968479,23.5707232],[120.3951322,23.5707741],[120.3894148,23.570937],[120.3887617,23.5709767],[120.3881845,23.5710344],[120.3875325,23.5712658]]}},{"type":"Feature","properties":{"name":"柳溝大排水溝","waterway":"canal","source":"OSM"},"geometry":{"type":"LineString","coordinates":[[120.3969667,23.5707197],[120.3968479,23.5707232]]}},{"type":"Feature","properties":{"name":"柳溝大排水溝","waterway":"canal","source":"OSM"},"geometry":{"type":"LineString","coordinates":[[120.4019044,23.57057],[120.4014413,23.57058],[120.3979768,23.5706897],[120.3969667,23.5707197]]}},{"type":"Feature","properties":{"name":"柳溝大排水溝","waterway":"canal","source":"OSM"},"geometry":{"type":"LineString","coordinates":[[120.4020122,23.5705676],[120.4019044,23.57057]]}},{"type":"Feature","properties":{"name":"柳溝大排水溝","waterway":"canal","source":"OSM"},"geometry":{"type":"LineString","coordinates":[[120.404956,23.5704689],[120.4041632,23.570521],[120.4020122,23.5705676]]}},{"type":"Feature","properties":{"name":"柳溝大排水溝","waterway":"canal","source":"OSM"},"geometry":{"type":"LineString","coordinates":[[120.405064,23.5704618],[120.404956,23.5704689]]}},{"type":"Feature","properties":{"name":"柳溝大排水溝","waterway":"canal","source":"OSM"},"geometry":{"type":"LineString","coordinates":[[120.4132617,23.5718849],[120.4112566,23.5710985],[120.4096075,23.5708917],[120.4082188,23.5707465],[120.4078847,23.5706689],[120.4068735,23.570295],[120.4066544,23.5702811],[120.4056918,23.5704206],[120.405064,23.5704618]]}},{"type":"Feature","properties":{"name":"柳溝大排水溝","waterway":"canal","source":"OSM"},"geometry":{"type":"LineString","coordinates":[[120.4133608,23.5719238],[120.4132617,23.5718849]]}},{"type":"Feature","properties":{"name":"柳溝大排水溝","waterway":"canal","source":"OSM"},"geometry":{"type":"LineString","coordinates":[[120.4195867,23.5776193],[120.4184881,23.5771379],[120.4181905,23.5770114],[120.4167144,23.5743339],[120.4165027,23.5739992],[120.4158031,23.5731723],[120.415398,23.5727414],[120.4136652,23.5720432],[120.4133608,23.5719238]]}},{"type":"Feature","properties":{"name":"柳溝大排水溝","waterway":"canal","source":"OSM"},"geometry":{"type":"LineString","coordinates":[[120.4196931,23.577666],[120.4195867,23.5776193]]}},{"type":"Feature","properties":{"name":"柳溝大排水溝","waterway":"canal","source":"OSM"},"geometry":{"type":"LineString","coordinates":[[120.42089,23.57827],[120.4205226,23.5780295],[120.4196931,23.577666]]}},{"type":"Feature","properties":{"name":"柳溝大排水溝","waterway":"canal","source":"OSM"},"geometry":{"type":"LineString","coordinates":[[120.4210167,23.5783529],[120.42089,23.57827]]}},{"type":"Feature","properties":{"name":"柳溝大排水溝","waterway":"canal","source":"OSM"},"geometry":{"type":"LineString","coordinates":[[120.4210918,23.5785033],[120.4210167,23.5783529]]}},{"type":"Feature","properties":{"name":"柳溝大排水溝","waterway":"canal","source":"OSM"},"geometry":{"type":"LineString","coordinates":[[120.4212591,23.5814072],[120.4214708,23.5808672],[120.4212161,23.5787523],[120.4210918,23.5785033]]}},{"type":"Feature","properties":{"name":"柳溝大排水溝","waterway":"canal","source":"OSM"},"geometry":{"type":"LineString","coordinates":[[120.4213184,23.5815226],[120.4212591,23.5814072]]}},{"type":"Feature","properties":{"name":"柳溝大排水溝","waterway":"canal","source":"OSM"},"geometry":{"type":"LineString","coordinates":[[120.421452,23.5817822],[120.4213184,23.5815226]]}},{"type":"Feature","properties":{"name":"柳溝大排水溝","waterway":"canal","source":"OSM"},"geometry":{"type":"LineString","coordinates":[[120.4215016,23.5818788],[120.421452,23.5817822]]}},{"type":"Feature","properties":{"name":"柳溝大排水溝","waterway":"canal","source":"OSM"},"geometry":{"type":"LineString","coordinates":[[120.4241135,23.5845123],[120.423984,23.5845148],[120.4232598,23.5844333],[120.4228701,23.5842167],[120.422597,23.5840086],[120.4215016,23.5818788]]}},{"type":"Feature","properties":{"name":"柳溝大排水溝","waterway":"canal","source":"OSM"},"geometry":{"type":"LineString","coordinates":[[120.4242214,23.5845101],[120.4241135,23.5845123]]}},{"type":"Feature","properties":{"name":"","waterway":"ditch","source":"OSM"},"geometry":{"type":"LineString","coordinates":[[120.4202605,23.5624711],[120.4192568,23.5620644]]}},{"type":"Feature","properties":{"name":"","waterway":"ditch","source":"OSM"},"geometry":{"type":"LineString","coordinates":[[120.4204398,23.5625437],[120.4202605,23.5624711]]}},{"type":"Feature","properties":{"name":"","waterway":"ditch","source":"OSM"},"geometry":{"type":"LineString","coordinates":[[120.4227098,23.5637291],[120.4204398,23.5625437]]}},{"type":"Feature","properties":{"name":"","waterway":"ditch","source":"OSM"},"geometry":{"type":"LineString","coordinates":[[120.422814,23.5637835],[120.4227098,23.5637291]]}},{"type":"Feature","properties":{"name":"民雄大排水溝","waterway":"canal","source":"OSM"},"geometry":{"type":"LineString","coordinates":[[120.4199432,23.5510847],[120.419891,23.5511575],[120.419866,23.5511923],[120.4198039,23.5512789],[120.4197288,23.5513836],[120.4196669,23.5514699]]}},{"type":"Feature","properties":{"name":"中興圳幹線","waterway":"canal","source":"OSM"},"geometry":{"type":"LineString","coordinates":[[120.4859292,23.5082572],[120.4851012,23.5075734],[120.4852489,23.5057146]]}},{"type":"Feature","properties":{"name":"中興圳幹線","waterway":"canal","source":"OSM"},"geometry":{"type":"LineString","coordinates":[[120.4860191,23.5083315],[120.4859292,23.5082572]]}},{"type":"Feature","properties":{"name":"中興圳幹線","waterway":"canal","source":"OSM"},"geometry":{"type":"LineString","coordinates":[[120.4899265,23.5098461],[120.4891513,23.5098411],[120.4888267,23.5096099],[120.4882876,23.5095829],[120.4879336,23.5095189],[120.4866676,23.5088671],[120.4860191,23.5083315]]}},{"type":"Feature","properties":{"name":"中興圳幹線","waterway":"canal","source":"OSM"},"geometry":{"type":"LineString","coordinates":[[120.4900013,23.5098353],[120.4899265,23.5098461]]}},{"type":"Feature","properties":{"name":"","waterway":"canal","source":"OSM"},"geometry":{"type":"LineString","coordinates":[[120.3556395,23.5703002],[120.3556109,23.5706847],[120.3554948,23.5714102],[120.3553519,23.5715108]]}},{"type":"Feature","properties":{"name":"","waterway":"canal","source":"OSM"},"geometry":{"type":"LineString","coordinates":[[120.3556469,23.5702013],[120.3556395,23.5703002]]}},{"type":"Feature","properties":{"name":"","waterway":"canal","source":"OSM"},"geometry":{"type":"LineString","coordinates":[[120.3614811,23.5694897],[120.3612248,23.5694714],[120.3557271,23.5691247],[120.3556469,23.5702013]]}},{"type":"Feature","properties":{"name":"","waterway":"canal","source":"OSM"},"geometry":{"type":"LineString","coordinates":[[120.3615991,23.5694982],[120.3614811,23.5694897]]}},{"type":"Feature","properties":{"name":"","waterway":"canal","source":"OSM"},"geometry":{"type":"LineString","coordinates":[[120.3643971,23.5696984],[120.364337,23.5696942],[120.3615991,23.5694982]]}},{"type":"Feature","properties":{"name":"","waterway":"canal","source":"OSM"},"geometry":{"type":"LineString","coordinates":[[120.3645148,23.5697066],[120.3643971,23.5696984]]}},{"type":"Feature","properties":{"name":"","waterway":"ditch","source":"OSM"},"geometry":{"type":"LineString","coordinates":[[120.3628968,23.5569796],[120.3629002,23.5569757]]}},{"type":"Feature","properties":{"name":"","waterway":"ditch","source":"OSM"},"geometry":{"type":"LineString","coordinates":[[120.3628322,23.5570529],[120.3628968,23.5569796]]}},{"type":"Feature","properties":{"name":"","waterway":"ditch","source":"OSM"},"geometry":{"type":"LineString","coordinates":[[120.3651007,23.5582656],[120.363175,23.5581329],[120.3627651,23.5580894],[120.3627708,23.5574836],[120.3627823,23.5572121],[120.3627937,23.5570966],[120.3628322,23.5570529]]}},{"type":"Feature","properties":{"name":"","waterway":"ditch","source":"OSM"},"geometry":{"type":"LineString","coordinates":[[120.365218,23.5582737],[120.3651007,23.5582656]]}},{"type":"Feature","properties":{"name":"","waterway":"ditch","source":"OSM"},"geometry":{"type":"LineString","coordinates":[[120.3654276,23.5556999],[120.3653101,23.5557391]]}},{"type":"Feature","properties":{"name":"","waterway":"ditch","source":"OSM"},"geometry":{"type":"LineString","coordinates":[[120.3654959,23.5556772],[120.3654276,23.5556999]]}},{"type":"Feature","properties":{"name":"嘉南大圳北幹線","waterway":"canal","source":"OSM"},"geometry":{"type":"LineString","coordinates":[[120.3683482,23.5124914],[120.3683592,23.512517],[120.3691928,23.5144586],[120.3695074,23.5150984],[120.3695563,23.5151899],[120.3699076,23.5158479],[120.3711901,23.5181905],[120.3719049,23.5203982],[120.3720289,23.5208115]]}},{"type":"Feature","properties":{"name":"嘉南大圳北幹線","waterway":"canal","source":"OSM"},"geometry":{"type":"LineString","coordinates":[[120.3720289,23.5208115],[120.3720583,23.5209096]]}},{"type":"Feature","properties":{"name":"嘉南大圳北幹線","waterway":"canal","source":"OSM"},"geometry":{"type":"LineString","coordinates":[[120.3722454,23.5776977],[120.3722337,23.5777422],[120.3720959,23.5780458],[120.3718444,23.5783517],[120.3713873,23.5787661],[120.3701878,23.5799032],[120.3692132,23.5807809],[120.3690657,23.5809604],[120.3685433,23.5820885],[120.3684925,23.5821816],[120.3682507,23.5823656],[120.3670367,23.5830128],[120.3668753,23.5831023]]}},{"type":"Feature","properties":{"name":"嘉南大圳北幹線","waterway":"canal","source":"OSM"},"geometry":{"type":"LineString","coordinates":[[120.3722707,23.5776013],[120.3722454,23.5776977]]}},{"type":"Feature","properties":{"name":"嘉南大圳北幹線","waterway":"canal","source":"OSM"},"geometry":{"type":"LineString","coordinates":[[120.3751462,23.5299478],[120.375171,23.5299811],[120.3753318,23.5301599],[120.3754617,23.5304264],[120.3754822,23.5307118],[120.3754309,23.5312668],[120.3752565,23.5321604],[120.3748564,23.5346219],[120.3747778,23.5350641],[120.3746593,23.5360463],[120.3745819,23.5374653],[120.3744392,23.5396868],[120.3744441,23.5400704],[120.374507,23.5404916],[120.3745685,23.5407715]]}},{"type":"Feature","properties":{"name":"嘉南大圳北幹線","waterway":"canal","source":"OSM"},"geometry":{"type":"LineString","coordinates":[[120.3745685,23.5407715],[120.3745898,23.5408688]]}},{"type":"Feature","properties":{"name":"嘉南大圳北幹線","waterway":"canal","source":"OSM"},"geometry":{"type":"LineString","coordinates":[[120.3720583,23.5209096],[120.3728796,23.5236469],[120.3737414,23.5262747],[120.3746819,23.5291627],[120.3748085,23.5294104],[120.3748906,23.5296049],[120.3750852,23.5298659]]}},{"type":"Feature","properties":{"name":"嘉南大圳北幹線","waterway":"canal","source":"OSM"},"geometry":{"type":"LineString","coordinates":[[120.3750852,23.5298659],[120.3751462,23.5299478]]}},{"type":"Feature","properties":{"name":"嘉南大圳北幹線","waterway":"canal","source":"OSM"},"geometry":{"type":"LineString","coordinates":[[120.3678893,23.5114189],[120.3680847,23.5118776],[120.3683086,23.5123992]]}},{"type":"Feature","properties":{"name":"嘉南大圳北幹線","waterway":"canal","source":"OSM"},"geometry":{"type":"LineString","coordinates":[[120.3683086,23.5123992],[120.3683482,23.5124914]]}},{"type":"Feature","properties":{"name":"","waterway":"ditch","source":"OSM"},"geometry":{"type":"LineString","coordinates":[[120.3478121,23.5767338],[120.3477882,23.5767307],[120.3474593,23.5766921],[120.3472787,23.5767171],[120.3470684,23.5767216],[120.3466702,23.576683],[120.3451121,23.5764565],[120.3442351,23.576322]]}},{"type":"Feature","properties":{"name":"","waterway":"ditch","source":"OSM"},"geometry":{"type":"LineString","coordinates":[[120.3479189,23.5767477],[120.3478121,23.5767338]]}},{"type":"Feature","properties":{"name":"","waterway":"ditch","source":"OSM"},"geometry":{"type":"LineString","coordinates":[[120.3524305,23.5775171],[120.3521023,23.5774743],[120.3504128,23.5772136],[120.3494011,23.5770662],[120.3492798,23.5770503],[120.3488989,23.5768848],[120.3484487,23.5768168],[120.3479189,23.5767477]]}},{"type":"Feature","properties":{"name":"","waterway":"ditch","source":"OSM"},"geometry":{"type":"LineString","coordinates":[[120.3525502,23.5775327],[120.3524305,23.5775171]]}},{"type":"Feature","properties":{"name":"","waterway":"ditch","source":"OSM"},"geometry":{"type":"LineString","coordinates":[[120.3564164,23.5806326],[120.355595,23.5793129],[120.3548999,23.5782043],[120.3548282,23.5781159],[120.3546724,23.577998],[120.3545388,23.5779028],[120.3542469,23.577769],[120.3535543,23.577667],[120.3526935,23.5775514],[120.3525502,23.5775327]]}},{"type":"Feature","properties":{"name":"","waterway":"ditch","source":"OSM"},"geometry":{"type":"LineString","coordinates":[[120.3564558,23.5806958],[120.3564164,23.5806326]]}},{"type":"Feature","properties":{"name":"嘉南大圳北幹線","waterway":"canal","source":"OSM"},"geometry":{"type":"LineString","coordinates":[[120.3587503,23.6322697],[120.3586271,23.6320839],[120.3574496,23.6307725],[120.3571237,23.63024],[120.3568494,23.6297833],[120.3567822,23.6295132],[120.3567896,23.6292841],[120.3573745,23.6229318],[120.3575923,23.6203323],[120.3576006,23.6202333],[120.3576323,23.6198551],[120.3577805,23.6174342],[120.35776,23.6172002],[120.3576544,23.6168379],[120.357442,23.616045],[120.3574162,23.6159487],[120.3568654,23.6138931],[120.3561146,23.6113083],[120.3558453,23.6102889],[120.3558196,23.6101916],[120.3556437,23.6095258],[120.3550576,23.6074649],[120.354991,23.6070562],[120.3549271,23.6067719],[120.3549444,23.6065065],[120.3551156,23.6057901],[120.3572714,23.6013321],[120.3583707,23.5991065],[120.358609,23.5989646]]}},{"type":"Feature","properties":{"name":"","waterway":"ditch","source":"OSM"},"geometry":{"type":"LineString","coordinates":[[120.3502494,23.6189522],[120.3461741,23.6195628]]}},{"type":"Feature","properties":{"name":"","waterway":"ditch","source":"OSM"},"geometry":{"type":"LineString","coordinates":[[120.3461741,23.6195628],[120.3460676,23.6195787]]}},{"type":"Feature","properties":{"name":"隆恩圳","waterway":"ditch","source":"OSM"},"geometry":{"type":"LineString","coordinates":[[120.5412079,23.4451945],[120.5408487,23.4449024]]}},{"type":"Feature","properties":{"name":"隆恩圳","waterway":"ditch","source":"OSM"},"geometry":{"type":"LineString","coordinates":[[120.5408487,23.4449024],[120.5407587,23.4448292]]}},{"type":"Feature","properties":{"name":"","waterway":"ditch","source":"OSM"},"geometry":{"type":"LineString","coordinates":[[120.5605914,23.4368013],[120.560379,23.4367935],[120.5592883,23.4367488],[120.5590808,23.4368037],[120.5590401,23.4369533],[120.5591356,23.4371381],[120.5594856,23.4373483],[120.5595368,23.4375625],[120.5593643,23.4378147],[120.5589537,23.4379537],[120.5583407,23.4382352],[120.5579892,23.4384062],[120.5575711,23.438457],[120.5574636,23.4385755],[120.5574475,23.4387855],[120.5574797,23.4391552],[120.5574732,23.439457],[120.5572476,23.4395161],[120.5569381,23.4394865],[120.5566253,23.4394215],[120.5560224,23.4394599],[120.5554066,23.4396522],[120.5552074,23.4398668],[120.5543436,23.4411301],[120.5542004,23.4412602],[120.5537873,23.4413259],[120.5535615,23.4410581],[120.553151,23.4407743],[120.552829,23.4406235],[120.5523663,23.4406589],[120.5518375,23.4407802],[120.5513891,23.4407903],[120.5510735,23.4407615],[120.5505104,23.440734],[120.55047,23.4409095],[120.5503793,23.4413956],[120.550229,23.4416082],[120.5500091,23.4417869],[120.5496501,23.441819],[120.5494218,23.4416725],[120.5490275,23.4416577],[120.5487166,23.4417658],[120.5483597,23.4419604],[120.5479234,23.4420676],[120.5473575,23.4420603],[120.5467428,23.4419222],[120.5463572,23.4419475],[120.5460268,23.4419778],[120.5455421,23.4417504],[120.544826,23.4415584],[120.5443303,23.441523],[120.5440439,23.4414118],[120.5439778,23.4411844],[120.5437575,23.4404871],[120.5436474,23.4399312],[120.5433995,23.4395876],[120.5433132,23.4395106],[120.5429919,23.4392237],[120.5427331,23.4391985],[120.5424467,23.439441],[120.5419785,23.439537],[120.5418298,23.4394158],[120.5417374,23.4393838],[120.5415379,23.4393147],[120.5414198,23.4392652],[120.5412845,23.4392086],[120.5411523,23.4390418],[120.5412019,23.4388043],[120.5412966,23.4387672],[120.5415084,23.4386844],[120.5415764,23.4386578],[120.5418628,23.4385163],[120.541962,23.4382686],[120.541659,23.4379907],[120.5416207,23.4379707],[120.5413396,23.4378239],[120.5411864,23.4377765]]}},{"type":"Feature","properties":{"name":"","waterway":"ditch","source":"OSM"},"geometry":{"type":"LineString","coordinates":[[120.5607049,23.4368055],[120.5605914,23.4368013]]}},{"type":"Feature","properties":{"name":"","waterway":"ditch","source":"OSM"},"geometry":{"type":"LineString","coordinates":[[120.5630994,23.4360684],[120.5631498,23.4361063],[120.5631597,23.436258],[120.562987,23.4363417],[120.5627636,23.4363919],[120.5623897,23.4364211],[120.5620477,23.4364881],[120.5614459,23.4367391],[120.5609489,23.4368144],[120.5607049,23.4368055]]}},{"type":"Feature","properties":{"name":"","waterway":"ditch","source":"OSM"},"geometry":{"type":"LineString","coordinates":[[120.5631105,23.4356033],[120.5630125,23.4355957]]}},{"type":"Feature","properties":{"name":"","waterway":"ditch","source":"OSM"},"geometry":{"type":"LineString","coordinates":[[120.5662211,23.4350243],[120.5661319,23.4350309],[120.5659069,23.4350557],[120.5655469,23.4348658],[120.5653129,23.4344776],[120.5650609,23.4341226],[120.5649349,23.4336023],[120.5647189,23.4333959],[120.5646109,23.4333794],[120.5643138,23.433528],[120.5642778,23.4337014],[120.5640168,23.4338583],[120.5638188,23.4337923],[120.5636388,23.4339739],[120.5637378,23.4341639],[120.5640888,23.4345602],[120.5643768,23.4346428],[120.5645659,23.4347832],[120.564577,23.4356715],[120.5645029,23.4357824],[120.5642828,23.4358709],[120.5640949,23.4358708],[120.5635798,23.4356514],[120.5632145,23.4356113],[120.5631105,23.4356033]]}},{"type":"Feature","properties":{"name":"","waterway":"ditch","source":"OSM"},"geometry":{"type":"LineString","coordinates":[[120.5663374,23.4350156],[120.5662211,23.4350243]]}},{"type":"Feature","properties":{"name":"","waterway":"ditch","source":"OSM"},"geometry":{"type":"LineString","coordinates":[[120.5705824,23.4341349],[120.5702809,23.4342134],[120.5699074,23.4340895],[120.5696689,23.4339079],[120.5695204,23.4337716],[120.5693809,23.4337757],[120.5692549,23.433912],[120.5690029,23.4342134],[120.5690029,23.4345602],[120.5688679,23.4346511],[120.5685709,23.4346758],[120.5680129,23.4342877],[120.5678599,23.4340978],[120.5674999,23.4341143],[120.5674459,23.4342382],[120.5672659,23.434362],[120.5671309,23.4345602],[120.567011,23.4348342],[120.5667709,23.4350061],[120.5664649,23.4350061],[120.5663374,23.4350156]]}},{"type":"Feature","properties":{"name":"","waterway":"ditch","source":"OSM"},"geometry":{"type":"LineString","coordinates":[[120.5706564,23.4341084],[120.5705824,23.4341349]]}},{"type":"Feature","properties":{"name":"","waterway":"ditch","source":"OSM"},"geometry":{"type":"LineString","coordinates":[[120.5755105,23.4365512],[120.5755232,23.4364344],[120.5758541,23.4362418],[120.575886,23.4359498],[120.5758732,23.4358681],[120.5753386,23.4358739],[120.5751604,23.4360199],[120.5748486,23.4359965],[120.5747213,23.4358973],[120.5746386,23.4356695],[120.5747659,23.435506],[120.5747468,23.4353367],[120.574594,23.4352199],[120.574384,23.4350915],[120.5742758,23.4350856],[120.574174,23.4350447],[120.5741486,23.434963],[120.5742568,23.4348229],[120.5742631,23.4346652],[120.5742008,23.4345641],[120.57411,23.4344122],[120.574043,23.434313],[120.5738876,23.434274],[120.5739004,23.4343441],[120.5738749,23.4345601],[120.5737349,23.4347762],[120.5736267,23.4348462],[120.573474,23.4347645],[120.5732767,23.4348229],[120.573003,23.4348462],[120.572933,23.4347411],[120.5727803,23.4345426],[120.5726085,23.434309],[120.5724303,23.4343674],[120.5723412,23.4345718],[120.5721503,23.4346127],[120.571811,23.4343868],[120.571721,23.4341928],[120.5716895,23.434007],[120.571784,23.4338418],[120.5716985,23.4337716],[120.5716085,23.4337881],[120.5714015,23.4338624],[120.5711044,23.4339368],[120.5707669,23.4340689],[120.5706564,23.4341084]]}},{"type":"Feature","properties":{"name":"","waterway":"ditch","source":"OSM"},"geometry":{"type":"LineString","coordinates":[[120.5756006,23.4365985],[120.5755105,23.4365512]]}},{"type":"Feature","properties":{"name":"","waterway":"ditch","source":"OSM"},"geometry":{"type":"LineString","coordinates":[[120.5857232,23.4341712],[120.585667,23.4340948],[120.58555,23.4340102],[120.5854195,23.4340205],[120.5853632,23.4340824],[120.5854172,23.4343012],[120.5854712,23.4344416],[120.5851742,23.4346109],[120.5850707,23.4346563],[120.5849357,23.4346605],[120.5848705,23.4346873],[120.5848367,23.4347637],[120.5846455,23.434997],[120.5845127,23.4351497],[120.5842112,23.4353108],[120.5840987,23.4354532],[120.5840087,23.4355317],[120.5838962,23.4355502],[120.5837005,23.4354986],[120.583561,23.4354078],[120.5834462,23.4352736],[120.583318,23.4351415],[120.5831627,23.4351497],[120.5829755,23.4353133],[120.5827464,23.4354652],[120.5826446,23.4354652],[120.5822755,23.4354418],[120.5820845,23.4353367],[120.5816709,23.435325],[120.5817218,23.4356987],[120.5816836,23.4359907],[120.5814863,23.4360607],[120.581289,23.4359498],[120.5811299,23.4358097],[120.581009,23.435763],[120.5808563,23.4355002],[120.5806017,23.4353659],[120.5802835,23.4354322],[120.5801764,23.4353741],[120.5801333,23.4353483]]}},{"type":"Feature","properties":{"name":"","waterway":"ditch","source":"OSM"},"geometry":{"type":"LineString","coordinates":[[120.5801333,23.4353483],[120.5800281,23.4352853]]}},{"type":"Feature","properties":{"name":"","waterway":"ditch","source":"OSM"},"geometry":{"type":"LineString","coordinates":[[120.5630125,23.4355957],[120.5628901,23.4355862],[120.5627853,23.4354942],[120.5626959,23.4353624],[120.5625578,23.435247],[120.5624367,23.4352385],[120.5623873,23.4353015],[120.5623362,23.4354694],[120.5624068,23.4356783],[120.5628958,23.435915],[120.5630135,23.4360037]]}},{"type":"Feature","properties":{"name":"","waterway":"ditch","source":"OSM"},"geometry":{"type":"LineString","coordinates":[[120.5630135,23.4360037],[120.5630994,23.4360684]]}},{"type":"Feature","properties":{"name":"隆恩圳","waterway":"ditch","source":"OSM"},"geometry":{"type":"LineString","coordinates":[[120.5427569,23.4459706],[120.5424494,23.4458509]]}},{"type":"Feature","properties":{"name":"隆恩圳","waterway":"ditch","source":"OSM"},"geometry":{"type":"LineString","coordinates":[[120.5429011,23.4460268],[120.5427569,23.4459706]]}},{"type":"Feature","properties":{"name":"","waterway":"ditch","source":"OSM"},"geometry":{"type":"LineString","coordinates":[[120.4996438,23.4562906],[120.4995165,23.4562411],[120.4991759,23.4558847],[120.4990741,23.4553474],[120.499031,23.4551198],[120.4988044,23.4547337],[120.4983281,23.4542374],[120.4978765,23.4537892],[120.4977424,23.4536958],[120.4972738,23.4536181],[120.4968653,23.4535318],[120.496463,23.4532858],[120.4961517,23.4530128],[120.4954285,23.451847]]}},{"type":"Feature","properties":{"name":"","waterway":"ditch","source":"OSM"},"geometry":{"type":"LineString","coordinates":[[120.4997341,23.4563256],[120.4996438,23.4562906]]}},{"type":"Feature","properties":{"name":"","waterway":"ditch","source":"OSM"},"geometry":{"type":"LineString","coordinates":[[120.5010894,23.4570234],[120.5009299,23.4569014],[120.5002225,23.4565154],[120.4997341,23.4563256]]}},{"type":"Feature","properties":{"name":"","waterway":"ditch","source":"OSM"},"geometry":{"type":"LineString","coordinates":[[120.5011649,23.4570812],[120.5010894,23.4570234]]}},{"type":"Feature","properties":{"name":"","waterway":"ditch","source":"OSM"},"geometry":{"type":"LineString","coordinates":[[120.5022402,23.4609152],[120.5022046,23.4608495],[120.5019023,23.4603736],[120.5016494,23.4600976],[120.5016559,23.4589065],[120.5017453,23.4581783],[120.5017078,23.4577525],[120.5015545,23.4574835],[120.5013477,23.457221],[120.5011649,23.4570812]]}},{"type":"Feature","properties":{"name":"","waterway":"ditch","source":"OSM"},"geometry":{"type":"LineString","coordinates":[[120.5023101,23.4610023],[120.5022402,23.4609152]]}},{"type":"Feature","properties":{"name":"","waterway":"ditch","source":"OSM"},"geometry":{"type":"LineString","coordinates":[[120.5254751,23.473688],[120.5253303,23.4737372],[120.5251801,23.4736142],[120.5249655,23.4735847],[120.5247295,23.473565],[120.5245846,23.4734518],[120.5246115,23.4731959],[120.5243879,23.4729581]]}},{"type":"Feature","properties":{"name":"","waterway":"ditch","source":"OSM"},"geometry":{"type":"LineString","coordinates":[[120.5243879,23.4729581],[120.5243432,23.4729106]]}},{"type":"Feature","properties":{"name":"","waterway":"ditch","source":"OSM"},"geometry":{"type":"LineString","coordinates":[[120.4569983,23.3811704],[120.4565692,23.3805696],[120.4563331,23.380225],[120.4560006,23.379772],[120.4559572,23.3797279]]}},{"type":"Feature","properties":{"name":"嘉南大圳北幹線","waterway":"canal","source":"OSM"},"geometry":{"type":"LineString","coordinates":[[120.3677144,23.4994488],[120.3676666,23.4994908],[120.3673809,23.4997803],[120.3672522,23.4999435],[120.3670592,23.5003263],[120.3669859,23.500517],[120.3668932,23.5007914],[120.3665012,23.5022991],[120.3660808,23.5037327],[120.3656919,23.5051786],[120.3653044,23.5064983],[120.3649708,23.5076726],[120.3649215,23.5078715],[120.3649125,23.5081061],[120.3649469,23.5083736],[120.3650197,23.5086486],[120.3650975,23.5088118],[120.3652471,23.5090368],[120.3658036,23.5096143],[120.3659457,23.5096569],[120.3660948,23.5097138]]}},{"type":"Feature","properties":{"name":"嘉南大圳北幹線","waterway":"canal","source":"OSM"},"geometry":{"type":"LineString","coordinates":[[120.3678,23.4993735],[120.3677144,23.4994488]]}},{"type":"Feature","properties":{"name":"","waterway":"ditch","source":"OSM"},"geometry":{"type":"LineString","coordinates":[[120.5202052,23.4342954],[120.5201404,23.4343275],[120.5199875,23.4343429],[120.5198401,23.4342636],[120.5196694,23.4341995],[120.5194994,23.4342223],[120.5191055,23.4342142],[120.5191148,23.4338795],[120.5189094,23.4337067],[120.5187893,23.4336498],[120.5186994,23.4335892],[120.5183629,23.4336809],[120.5182134,23.43358],[120.5178956,23.4336031],[120.5175893,23.4336672],[120.5172318,23.4335853],[120.5169182,23.4335954]]}},{"type":"Feature","properties":{"name":"","waterway":"ditch","source":"OSM"},"geometry":{"type":"LineString","coordinates":[[120.5203367,23.4342304],[120.5202052,23.4342954]]}},{"type":"Feature","properties":{"name":"","waterway":"ditch","source":"OSM"},"geometry":{"type":"LineString","coordinates":[[120.5251399,23.435845],[120.5249689,23.4358036],[120.5247881,23.4358374],[120.5246652,23.435811],[120.5245837,23.4356746],[120.5244613,23.4356271],[120.5244129,23.4356684],[120.524428,23.4358208],[120.5243069,23.4357895],[120.5242662,23.4357668],[120.524164,23.4357027],[120.5240371,23.4356473],[120.5237848,23.4356529],[120.5236569,23.4356703],[120.5234832,23.4356225],[120.5233822,23.4356587],[120.5233206,23.435763],[120.5231596,23.4357688],[120.5229607,23.4357702],[120.5228628,23.4357195],[120.5228991,23.4356037],[120.5229259,23.4355095],[120.5228817,23.435424],[120.5227475,23.4353849],[120.5226465,23.4352806],[120.5226149,23.435088],[120.5225076,23.4348808],[120.5223749,23.4348374],[120.5221286,23.4348808],[120.5219692,23.4348721],[120.521776,23.4348577],[120.5217431,23.4347104],[120.5217229,23.4345477],[120.5216667,23.4344407],[120.5215675,23.4343706],[120.5214882,23.4342669]]}},{"type":"Feature","properties":{"name":"","waterway":"ditch","source":"OSM"},"geometry":{"type":"LineString","coordinates":[[120.5252655,23.4358805],[120.5251399,23.435845]]}},{"type":"Feature","properties":{"name":"","waterway":"ditch","source":"OSM"},"geometry":{"type":"LineString","coordinates":[[120.5254819,23.4358417],[120.5254472,23.4358644],[120.5253446,23.4359151],[120.5252655,23.4358805]]}},{"type":"Feature","properties":{"name":"","waterway":"ditch","source":"OSM"},"geometry":{"type":"LineString","coordinates":[[120.5255617,23.4357894],[120.5254819,23.4358417]]}},{"type":"Feature","properties":{"name":"","waterway":"ditch","source":"OSM"},"geometry":{"type":"LineString","coordinates":[[120.5263466,23.4365732],[120.5263093,23.4365568],[120.5262876,23.4364526],[120.5262104,23.4363677],[120.5260613,23.436335],[120.5260044,23.43624],[120.5258966,23.436133],[120.5258069,23.4360924],[120.525734,23.436061],[120.5256687,23.4359858],[120.5255945,23.4358445],[120.5255696,23.4357842],[120.5255617,23.4357894]]}},{"type":"Feature","properties":{"name":"","waterway":"ditch","source":"OSM"},"geometry":{"type":"LineString","coordinates":[[120.5264082,23.4365826],[120.5263466,23.4365732]]}},{"type":"Feature","properties":{"name":"","waterway":"ditch","source":"OSM"},"geometry":{"type":"LineString","coordinates":[[120.5277859,23.4370204],[120.5277712,23.4370145],[120.5274854,23.4370985],[120.5273733,23.4370826],[120.5273386,23.4370276],[120.5272628,23.4369073],[120.527116,23.4368436],[120.5268644,23.4368567],[120.5267472,23.4368351],[120.5266528,23.4367908],[120.5266118,23.4367649],[120.5265817,23.436669],[120.5264813,23.4365938],[120.5264082,23.4365826]]}},{"type":"Feature","properties":{"name":"","waterway":"ditch","source":"OSM"},"geometry":{"type":"LineString","coordinates":[[120.5279426,23.4370832],[120.5278679,23.4370533],[120.5278607,23.4370504],[120.5277859,23.4370204]]}},{"type":"Feature","properties":{"name":"","waterway":"ditch","source":"OSM"},"geometry":{"type":"LineString","coordinates":[[120.5356062,23.4394687],[120.5353158,23.4392093],[120.5347016,23.4391],[120.5344855,23.439048],[120.5340855,23.4390628],[120.5338342,23.4390207],[120.5335725,23.4390024]]}},{"type":"Feature","properties":{"name":"","waterway":"ditch","source":"OSM"},"geometry":{"type":"LineString","coordinates":[[120.5335725,23.4390024],[120.5334803,23.4389959]]}},{"type":"Feature","properties":{"name":"","waterway":"ditch","source":"OSM"},"geometry":{"type":"LineString","coordinates":[[120.5302007,23.4380062],[120.5301945,23.4379943],[120.5300243,23.4377043],[120.5299459,23.4375035],[120.5296941,23.4375259],[120.5294257,23.4374317],[120.5291874,23.4374172],[120.5289916,23.4374491],[120.5288195,23.4374621],[120.5285779,23.4373969],[120.5283838,23.4374042],[120.5282322,23.4372695],[120.5280206,23.4371145],[120.5279426,23.4370832]]}},{"type":"Feature","properties":{"name":"","waterway":"ditch","source":"OSM"},"geometry":{"type":"LineString","coordinates":[[120.5302988,23.4381928],[120.5302007,23.4380062]]}},{"type":"Feature","properties":{"name":"隆恩圳","waterway":"ditch","source":"OSM"},"geometry":{"type":"LineString","coordinates":[[120.5117074,23.4429867],[120.5114405,23.4433012],[120.511345,23.4433836],[120.5111933,23.4434739],[120.5110697,23.4434893],[120.5107522,23.4434455],[120.5104881,23.4434429],[120.5101987,23.4435254],[120.5099571,23.443613],[120.5098279,23.4436955],[120.5093868,23.4440512],[120.5088053,23.4442652],[120.508426,23.4445178],[120.5081759,23.4445564],[120.5080579,23.4444868],[120.5079083,23.4442744],[120.5077944,23.4442131],[120.5075166,23.4442743],[120.5071954,23.4443026],[120.5070731,23.4443182],[120.506878,23.4443966],[120.5067157,23.4445395],[120.5065329,23.4447801],[120.5064058,23.4451009],[120.506223,23.4455602],[120.5060164,23.4456695],[120.5057701,23.445706],[120.5055396,23.4458372],[120.5052377,23.4458664],[120.5051185,23.4457497],[120.5049357,23.445356],[120.5049516,23.4451519],[120.5048722,23.4449769],[120.5046417,23.4448311],[120.5043556,23.4448093],[120.5039742,23.4448166],[120.5036926,23.4448725],[120.5036389,23.4450165],[120.5034462,23.4451787],[120.5033469,23.445248],[120.5030608,23.4455378],[120.5030628,23.4456763],[120.503033,23.4458385],[120.5029397,23.4458804],[120.5027132,23.4459005],[120.5023914,23.4460499],[120.5022245,23.4460645],[120.5018649,23.4460153],[120.5015749,23.445946],[120.501402,23.4458221],[120.5009437,23.4454505],[120.5007773,23.4452818],[120.5007165,23.4450002],[120.5006399,23.4446158],[120.500529,23.4445023],[120.5001766,23.444253],[120.4999877,23.4442922],[120.4997971,23.4445002],[120.4995153,23.4446375],[120.4991037,23.4446878],[120.4986698,23.4445693],[120.4981849,23.4445209],[120.4981091,23.4445275],[120.4979665,23.4445846],[120.4976993,23.4446893],[120.4976418,23.4447115]]}},{"type":"Feature","properties":{"name":"隆恩圳","waterway":"ditch","source":"OSM"},"geometry":{"type":"LineString","coordinates":[[120.4951954,23.4454455],[120.4950208,23.4454833]]}},{"type":"Feature","properties":{"name":"隆恩圳","waterway":"ditch","source":"OSM"},"geometry":{"type":"LineString","coordinates":[[120.4975515,23.4447465],[120.497445,23.4447877],[120.4968769,23.444959],[120.4959432,23.4452834],[120.4951954,23.4454455]]}},{"type":"Feature","properties":{"name":"隆恩圳","waterway":"ditch","source":"OSM"},"geometry":{"type":"LineString","coordinates":[[120.4976418,23.4447115],[120.4975515,23.4447465]]}},{"type":"Feature","properties":{"name":"","waterway":"ditch","source":"OSM"},"geometry":{"type":"LineString","coordinates":[[120.4968145,23.4373572],[120.4966885,23.4372177],[120.4966833,23.4371402],[120.4966619,23.4370794],[120.4965147,23.4369285],[120.4962265,23.4367946]]}},{"type":"Feature","properties":{"name":"","waterway":"ditch","source":"OSM"},"geometry":{"type":"LineString","coordinates":[[120.4968802,23.43743],[120.4968145,23.4373572]]}},{"type":"Feature","properties":{"name":"","waterway":"ditch","source":"OSM"},"geometry":{"type":"LineString","coordinates":[[120.5076468,23.4404429],[120.507636,23.4404204],[120.5075635,23.4402836],[120.5075638,23.440174],[120.5076057,23.4400263],[120.507891,23.4399017],[120.50796,23.4398256],[120.5078829,23.4397036],[120.5078413,23.4396957],[120.5077619,23.439725],[120.5077,23.4396886],[120.5075954,23.4396521],[120.5074802,23.4396344],[120.5072953,23.4395429],[120.5070669,23.4393812],[120.5070252,23.439304],[120.5068152,23.4392374],[120.5066942,23.4392169],[120.5066119,23.439248],[120.5065025,23.4392738],[120.5062518,23.4393582],[120.5060891,23.4394283],[120.5059546,23.4394336],[120.5056502,23.4394808],[120.5053341,23.4394976],[120.5051472,23.4394834],[120.5051192,23.4395003],[120.5050878,23.4395296],[120.5050001,23.4395411],[120.5049375,23.439514],[120.5047813,23.4394328],[120.5046632,23.4394106],[120.5045645,23.4393715],[120.5045022,23.4393486],[120.5044677,23.4393439],[120.5044444,23.4393582],[120.504427,23.4394479],[120.5044019,23.4394665],[120.5043225,23.4395402],[120.504275,23.4395722],[120.5041908,23.4395766],[120.5041076,23.4395615],[120.5040671,23.4395745],[120.5040495,23.4395802],[120.5040053,23.4395636],[120.5039867,23.4395566],[120.5039362,23.4395376],[120.5038065,23.4395207],[120.5037068,23.4395395],[120.5036419,23.4395518],[120.5036032,23.4395447],[120.5035306,23.4394701],[120.5035036,23.4394331],[120.5034396,23.4393377],[120.503369,23.4393377],[120.5032847,23.439391],[120.503156,23.4394585],[120.5030563,23.4395251],[120.5029585,23.4396024],[120.5028027,23.4396282],[120.5026739,23.4395829],[120.5025791,23.4395743]]}},{"type":"Feature","properties":{"name":"","waterway":"ditch","source":"OSM"},"geometry":{"type":"LineString","coordinates":[[120.5025791,23.4395743],[120.5024745,23.4395648]]}},{"type":"Feature","properties":{"name":"","waterway":"ditch","source":"OSM"},"geometry":{"type":"LineString","coordinates":[[120.5069025,23.4373508],[120.5067977,23.4372913],[120.506582,23.4373671],[120.5063809,23.4371901],[120.5063211,23.4371462],[120.5061698,23.4370352],[120.5057014,23.4368607],[120.5055929,23.4367862],[120.5054372,23.436689],[120.5053134,23.436723],[120.5050851,23.4366509],[120.5049317,23.4364591],[120.5047856,23.4364451],[120.5046649,23.4365511],[120.5045256,23.4366431],[120.5042963,23.436668],[120.5042977,23.4365321]]}},{"type":"Feature","properties":{"name":"","waterway":"ditch","source":"OSM"},"geometry":{"type":"LineString","coordinates":[[120.5070121,23.4374131],[120.5069025,23.4373508]]}},{"type":"Feature","properties":{"name":"","waterway":"ditch","source":"OSM"},"geometry":{"type":"LineString","coordinates":[[120.5276559,23.4400022],[120.5271879,23.4399609],[120.5268594,23.4399361],[120.5265714,23.4401178],[120.5263959,23.4402252],[120.5260314,23.4403944],[120.5257569,23.4403614],[120.5254194,23.440283],[120.5249195,23.4402782],[120.5247136,23.4402503],[120.5242467,23.4402482],[120.5240881,23.4402286],[120.5237978,23.4402286],[120.5237623,23.4402252]]}},{"type":"Feature","properties":{"name":"","waterway":"ditch","source":"OSM"},"geometry":{"type":"LineString","coordinates":[[120.5237623,23.4402252],[120.5235031,23.4402007],[120.5234931,23.4401977],[120.5233343,23.4401502]]}},{"type":"Feature","properties":{"name":"","waterway":"ditch","source":"OSM"},"geometry":{"type":"LineString","coordinates":[[120.5084449,23.4380681],[120.5082367,23.4381145],[120.5079719,23.4381494],[120.507578,23.4380669],[120.5072442,23.4378931],[120.5070657,23.4374435],[120.5070121,23.4374131]]}},{"type":"Feature","properties":{"name":"","waterway":"ditch","source":"OSM"},"geometry":{"type":"LineString","coordinates":[[120.5086134,23.438052],[120.5084449,23.4380681]]}},{"type":"Feature","properties":{"name":"","waterway":"ditch","source":"OSM"},"geometry":{"type":"LineString","coordinates":[[120.5133738,23.43743],[120.5133617,23.4374315],[120.5131585,23.437559],[120.5129446,23.437561],[120.5127928,23.4375276],[120.5125383,23.4375178],[120.5124182,23.4375182],[120.5121635,23.4375237],[120.5119845,23.4375228],[120.5118381,23.4375193],[120.5116888,23.4374594],[120.5113645,23.4374568],[120.5110668,23.4374405],[120.5106049,23.4374766],[120.5103354,23.4375708],[120.5101258,23.4377022],[120.50979,23.4377827],[120.5095419,23.4377709],[120.5093537,23.4378573],[120.5092247,23.4380207],[120.5088404,23.4380378],[120.5086134,23.438052]]}},{"type":"Feature","properties":{"name":"","waterway":"ditch","source":"OSM"},"geometry":{"type":"LineString","coordinates":[[120.513471,23.4374176],[120.5133738,23.43743]]}},{"type":"Feature","properties":{"name":"","waterway":"ditch","source":"OSM"},"geometry":{"type":"LineString","coordinates":[[120.5175875,23.4406003],[120.5175276,23.4405841],[120.5173281,23.4404948],[120.5171984,23.4404904],[120.5170831,23.4405653],[120.5168092,23.4405609],[120.5165785,23.4405257],[120.5163383,23.4404331],[120.5160644,23.4403008],[120.515901,23.4400716],[120.5157184,23.4399305],[120.5156751,23.4397674],[120.5154685,23.4395557],[120.5153772,23.4393044],[120.5154301,23.4390002],[120.5154138,23.4389099],[120.5154149,23.4385977],[120.515462,23.4383677],[120.5154779,23.4381509],[120.5151633,23.438142],[120.5150803,23.4381328],[120.5150406,23.4380162],[120.514893,23.4377572],[120.5148203,23.4376807],[120.5147112,23.4376709],[120.5146214,23.4375531],[120.5145512,23.4374714],[120.5144759,23.437457],[120.5144032,23.4375198],[120.5142899,23.4375315],[120.5141658,23.4374452],[120.5140674,23.4374177],[120.5140587,23.4374167],[120.5138456,23.4373917],[120.5137659,23.4373824],[120.5135477,23.4374079],[120.513471,23.4374176]]}},{"type":"Feature","properties":{"name":"","waterway":"ditch","source":"OSM"},"geometry":{"type":"LineString","coordinates":[[120.5176842,23.4406265],[120.5175875,23.4406003]]}},{"type":"Feature","properties":{"name":"","waterway":"ditch","source":"OSM"},"geometry":{"type":"LineString","coordinates":[[120.5204121,23.4413071],[120.5204065,23.4413105],[120.5203019,23.441295],[120.5202119,23.4412052],[120.5201275,23.4411691],[120.5200803,23.4411949],[120.5200679,23.441263],[120.5200251,23.4413369],[120.5199963,23.4413291],[120.5199278,23.4412906],[120.5198942,23.4411539],[120.5197993,23.4411274],[120.5196935,23.4411914],[120.5196034,23.4412729],[120.5195326,23.441306],[120.5194845,23.4412784],[120.5194329,23.4412189],[120.5194449,23.4411583],[120.5195133,23.4411208],[120.5195518,23.4410602],[120.5194737,23.4410117],[120.519338,23.4410415],[120.5192214,23.4410944],[120.5191686,23.4410536],[120.5188851,23.4408894],[120.5187013,23.4408332],[120.5184634,23.4408012],[120.5184189,23.4407615],[120.5184478,23.4406304],[120.5183541,23.4406271],[120.518252,23.4406601],[120.518097,23.4406711],[120.5178784,23.4406722],[120.5177594,23.4406469],[120.5176842,23.4406265]]}},{"type":"Feature","properties":{"name":"","waterway":"ditch","source":"OSM"},"geometry":{"type":"LineString","coordinates":[[120.520517,23.4412436],[120.5204121,23.4413071]]}},{"type":"Feature","properties":{"name":"","waterway":"ditch","source":"OSM"},"geometry":{"type":"LineString","coordinates":[[120.523475,23.4397262],[120.5235031,23.4396774],[120.5234693,23.4396134],[120.5232157,23.4395651],[120.5229648,23.4395393],[120.5228197,23.4395042],[120.5226537,23.4394521]]}},{"type":"Feature","properties":{"name":"","waterway":"ditch","source":"OSM"},"geometry":{"type":"LineString","coordinates":[[120.5219534,23.4396676],[120.5218499,23.4396312]]}},{"type":"Feature","properties":{"name":"","waterway":"ditch","source":"OSM"},"geometry":{"type":"LineString","coordinates":[[120.5225743,23.4394272],[120.5224664,23.4395044],[120.5223506,23.4395816],[120.5221863,23.4396766],[120.5220232,23.4396921],[120.5219534,23.4396676]]}},{"type":"Feature","properties":{"name":"","waterway":"ditch","source":"OSM"},"geometry":{"type":"LineString","coordinates":[[120.5226537,23.4394521],[120.5225743,23.4394272]]}},{"type":"Feature","properties":{"name":"","waterway":"ditch","source":"OSM"},"geometry":{"type":"LineString","coordinates":[[120.5233343,23.4401502],[120.5234221,23.4398178]]}},{"type":"Feature","properties":{"name":"","waterway":"ditch","source":"OSM"},"geometry":{"type":"LineString","coordinates":[[120.5234221,23.4398178],[120.523475,23.4397262]]}},{"type":"Feature","properties":{"name":"","waterway":"ditch","source":"OSM"},"geometry":{"type":"LineString","coordinates":[[120.5216407,23.4382415],[120.521633,23.4382444],[120.521588,23.4382502],[120.5214597,23.4381757],[120.5212565,23.4381757],[120.5209935,23.4382208],[120.5207775,23.4382385],[120.5206342,23.43816],[120.5205058,23.4379834],[120.5204232,23.4379068],[120.5203219,23.4378303],[120.5202193,23.437797],[120.5200075,23.437693],[120.5198172,23.4375497],[120.5196889,23.4375713],[120.5195285,23.437693],[120.5191798,23.4378107],[120.5189489,23.4378499],[120.5187136,23.437795],[120.5183179,23.4376675],[120.5180267,23.4376889],[120.5177255,23.4377813],[120.5175031,23.4376066],[120.5173992,23.4375277],[120.5173262,23.4374552],[120.517226,23.4373684],[120.5171496,23.4371428]]}},{"type":"Feature","properties":{"name":"","waterway":"ditch","source":"OSM"},"geometry":{"type":"LineString","coordinates":[[120.5217316,23.4382069],[120.5216407,23.4382415]]}},{"type":"Feature","properties":{"name":"","waterway":"ditch","source":"OSM"},"geometry":{"type":"LineString","coordinates":[[120.5239521,23.4382694],[120.5235589,23.4382105],[120.523283,23.438185],[120.5231172,23.4382032],[120.5229333,23.4382424],[120.5228349,23.4382699],[120.5227601,23.4382502],[120.522666,23.4382699],[120.5225419,23.4382542],[120.5224114,23.4382797],[120.5223366,23.4382522],[120.5221548,23.4382306],[120.5220308,23.4382287],[120.5219452,23.4382228],[120.5218511,23.4382012],[120.5217827,23.4381875],[120.5217316,23.4382069]]}},{"type":"Feature","properties":{"name":"","waterway":"ditch","source":"OSM"},"geometry":{"type":"LineString","coordinates":[[120.5240491,23.4382839],[120.5239521,23.4382694]]}},{"type":"Feature","properties":{"name":"","waterway":"ditch","source":"OSM"},"geometry":{"type":"LineString","coordinates":[[120.5277258,23.439097],[120.5276695,23.4390661],[120.5275155,23.4390327],[120.5273273,23.4390229],[120.5272033,23.4389876],[120.5270557,23.4389797],[120.5268418,23.438964],[120.5266943,23.4389209],[120.526583,23.4389346],[120.5265018,23.4389405],[120.5263863,23.438913],[120.5261959,23.4388895],[120.5260954,23.43886],[120.5259692,23.4388581],[120.5258944,23.4388247],[120.5257468,23.4387737],[120.5252506,23.4386756],[120.525148,23.4386815],[120.5250795,23.4386913],[120.5249897,23.438652],[120.5248122,23.43855],[120.5245855,23.4384303],[120.5243524,23.4383793],[120.5242861,23.4383734],[120.5240572,23.4382851],[120.5240491,23.4382839]]}},{"type":"Feature","properties":{"name":"","waterway":"ditch","source":"OSM"},"geometry":{"type":"LineString","coordinates":[[120.527887,23.4391855],[120.5278139,23.4391453],[120.5277991,23.4391372],[120.5277258,23.439097]]}},{"type":"Feature","properties":{"name":"隆恩圳","waterway":"ditch","source":"OSM"},"geometry":{"type":"LineString","coordinates":[[120.4950208,23.4454833],[120.4948922,23.4455112],[120.4947949,23.4455423],[120.4945343,23.4455927],[120.494092,23.445498],[120.4936546,23.4452361],[120.4932474,23.4449918],[120.4929633,23.444959],[120.4927209,23.4450009],[120.4924964,23.4451012],[120.4920727,23.4453986],[120.4919978,23.4455514],[120.4919164,23.4457409],[120.4918913,23.4459264],[120.4917706,23.4459932],[120.491349,23.4462263],[120.4912218,23.44628],[120.4909069,23.4464012],[120.4905482,23.4464699],[120.4901212,23.4466194],[120.4892221,23.4469751],[120.4886939,23.44714],[120.4884242,23.4471349],[120.4879017,23.4470885],[120.4876769,23.4471091],[120.4870083,23.4474287],[120.4862778,23.447805],[120.4858283,23.4478772],[120.4853956,23.4478978],[120.4848225,23.4480112],[120.4844292,23.4480988],[120.4840951,23.4482279]]}},{"type":"Feature","properties":{"name":"隆恩圳","waterway":"ditch","source":"OSM"},"geometry":{"type":"LineString","coordinates":[[120.4834169,23.44849],[120.4831233,23.4486034],[120.4826277,23.4488643],[120.482237,23.4492621],[120.4818395,23.4493541],[120.4816541,23.449376],[120.4815216,23.4493917],[120.4813388,23.4494133],[120.4809005,23.4494546],[120.4808546,23.4494528]]}},{"type":"Feature","properties":{"name":"隆恩圳","waterway":"ditch","source":"OSM"},"geometry":{"type":"LineString","coordinates":[[120.4840951,23.4482279],[120.4840049,23.4482628]]}},{"type":"Feature","properties":{"name":"隆恩圳","waterway":"ditch","source":"OSM"},"geometry":{"type":"LineString","coordinates":[[120.4840049,23.4482628],[120.4837361,23.4483666]]}},{"type":"Feature","properties":{"name":"隆恩圳","waterway":"ditch","source":"OSM"},"geometry":{"type":"LineString","coordinates":[[120.4835252,23.4484481],[120.4834169,23.44849]]}},{"type":"Feature","properties":{"name":"隆恩圳","waterway":"ditch","source":"OSM"},"geometry":{"type":"LineString","coordinates":[[120.483627,23.4484088],[120.4835252,23.4484481]]}},{"type":"Feature","properties":{"name":"隆恩圳","waterway":"ditch","source":"OSM"},"geometry":{"type":"LineString","coordinates":[[120.4837361,23.4483666],[120.483627,23.4484088]]}},{"type":"Feature","properties":{"name":"隆恩圳","waterway":"ditch","source":"OSM"},"geometry":{"type":"LineString","coordinates":[[120.4808546,23.4494528],[120.4807372,23.4494482]]}},{"type":"Feature","properties":{"name":"隆恩圳","waterway":"ditch","source":"OSM"},"geometry":{"type":"LineString","coordinates":[[120.4807372,23.4494482],[120.4803779,23.449434],[120.4791699,23.4493669],[120.4787467,23.4494538],[120.4779686,23.4495155]]}},{"type":"Feature","properties":{"name":"隆恩圳","waterway":"ditch","source":"OSM"},"geometry":{"type":"LineString","coordinates":[[120.4779686,23.4495155],[120.4778709,23.4495232]]}},{"type":"Feature","properties":{"name":"隆恩圳","waterway":"ditch","source":"OSM"},"geometry":{"type":"LineString","coordinates":[[120.4778709,23.4495232],[120.4770892,23.4495852],[120.4768849,23.4496029],[120.4767256,23.4497042],[120.4767158,23.4498451]]}},{"type":"Feature","properties":{"name":"隆恩圳","waterway":"ditch","source":"OSM"},"geometry":{"type":"LineString","coordinates":[[120.4767158,23.4498451],[120.4767103,23.4499245]]}},{"type":"Feature","properties":{"name":"道將圳","waterway":"ditch","source":"OSM"},"geometry":{"type":"LineString","coordinates":[[120.464293,23.4639159],[120.464285,23.463918],[120.4627786,23.4643348]]}},{"type":"Feature","properties":{"name":"道將圳","waterway":"ditch","source":"OSM"},"geometry":{"type":"LineString","coordinates":[[120.4644144,23.4638837],[120.464293,23.4639159]]}},{"type":"Feature","properties":{"name":"道將圳","waterway":"ditch","source":"OSM"},"geometry":{"type":"LineString","coordinates":[[120.4685949,23.4617325],[120.4679302,23.4619469],[120.4675353,23.4622972],[120.467231,23.4623744],[120.4669488,23.4625223],[120.466938,23.4625314]]}},{"type":"Feature","properties":{"name":"道將圳","waterway":"ditch","source":"OSM"},"geometry":{"type":"LineString","coordinates":[[120.466938,23.4625314],[120.4668874,23.4625739]]}},{"type":"Feature","properties":{"name":"隆恩圳","waterway":"ditch","source":"OSM"},"geometry":{"type":"LineString","coordinates":[[120.4654729,23.4523887],[120.465159,23.4526038],[120.4650458,23.4528006],[120.4649902,23.4529573],[120.4646663,23.4532507],[120.4641876,23.4534713],[120.4640363,23.4534881]]}},{"type":"Feature","properties":{"name":"隆恩圳","waterway":"ditch","source":"OSM"},"geometry":{"type":"LineString","coordinates":[[120.4655217,23.4523652],[120.4654729,23.4523887]]}},{"type":"Feature","properties":{"name":"隆恩圳","waterway":"ditch","source":"OSM"},"geometry":{"type":"LineString","coordinates":[[120.4639253,23.4535004],[120.4637783,23.4534895],[120.463524,23.4534166],[120.4631506,23.4533036],[120.4627751,23.4532471],[120.4624354,23.4531268]]}},{"type":"Feature","properties":{"name":"隆恩圳","waterway":"ditch","source":"OSM"},"geometry":{"type":"LineString","coordinates":[[120.4640363,23.4534881],[120.4639253,23.4535004]]}},{"type":"Feature","properties":{"name":"嘉南大圳北幹線","waterway":"canal","source":"OSM"},"geometry":{"type":"LineString","coordinates":[[120.3886105,23.4131986],[120.3882875,23.4156596],[120.3883169,23.4159739],[120.3884344,23.4162793],[120.3906268,23.4202491],[120.3905778,23.4203389],[120.3901869,23.4205633]]}},{"type":"Feature","properties":{"name":"嘉南大圳北幹線","waterway":"canal","source":"OSM"},"geometry":{"type":"LineString","coordinates":[[120.3901869,23.4205633],[120.3901204,23.4206014],[120.3900981,23.4206142],[120.3900316,23.4206524]]}},{"type":"Feature","properties":{"name":"","waterway":"ditch","source":"OSM"},"geometry":{"type":"LineString","coordinates":[[120.4170517,23.4806428],[120.4168156,23.4806549],[120.4167794,23.4806464]]}},{"type":"Feature","properties":{"name":"","waterway":"ditch","source":"OSM"},"geometry":{"type":"LineString","coordinates":[[120.4167794,23.4806464],[120.4166744,23.4806216]]}},{"type":"Feature","properties":{"name":"","waterway":"ditch","source":"OSM"},"geometry":{"type":"LineString","coordinates":[[120.412183,23.4787048],[120.412083,23.4786494],[120.4118945,23.4785836],[120.4117185,23.4785871],[120.4107043,23.4783263],[120.4106174,23.4783039],[120.4098314,23.4776252],[120.4097459,23.4775959],[120.4092994,23.4775468],[120.4088107,23.4775655]]}},{"type":"Feature","properties":{"name":"","waterway":"ditch","source":"OSM"},"geometry":{"type":"LineString","coordinates":[[120.4122816,23.4787594],[120.412183,23.4787048]]}},{"type":"Feature","properties":{"name":"道將圳幹線","waterway":"ditch","source":"OSM"},"geometry":{"type":"LineString","coordinates":[[120.4000546,23.4336539],[120.4000333,23.4336323]]}},{"type":"Feature","properties":{"name":"道將圳幹線","waterway":"ditch","source":"OSM"},"geometry":{"type":"LineString","coordinates":[[120.4001297,23.4337303],[120.4000546,23.4336539]]}},{"type":"Feature","properties":{"name":"道將圳幹線","waterway":"ditch","source":"OSM"},"geometry":{"type":"LineString","coordinates":[[120.4019384,23.4355296],[120.4016629,23.4352617],[120.4004892,23.4340959],[120.4001297,23.4337303]]}},{"type":"Feature","properties":{"name":"道將圳幹線","waterway":"ditch","source":"OSM"},"geometry":{"type":"LineString","coordinates":[[120.4020368,23.4356254],[120.4019384,23.4355296]]}},{"type":"Feature","properties":{"name":"道將圳幹線","waterway":"ditch","source":"OSM"},"geometry":{"type":"LineString","coordinates":[[120.4068047,23.4370956],[120.4045742,23.4369148],[120.4032834,23.4367844],[120.4031959,23.4367485],[120.4022864,23.4358682],[120.4020368,23.4356254]]}},{"type":"Feature","properties":{"name":"道將圳幹線","waterway":"ditch","source":"OSM"},"geometry":{"type":"LineString","coordinates":[[120.406912,23.4371043],[120.4068047,23.4370956]]}},{"type":"Feature","properties":{"name":"道將圳幹線","waterway":"ditch","source":"OSM"},"geometry":{"type":"LineString","coordinates":[[120.4090241,23.4386203],[120.4087375,23.4383017],[120.4077106,23.4371772],[120.4071043,23.4371199],[120.406912,23.4371043]]}},{"type":"Feature","properties":{"name":"道將圳幹線","waterway":"ditch","source":"OSM"},"geometry":{"type":"LineString","coordinates":[[120.4091108,23.4387168],[120.4090241,23.4386203]]}},{"type":"Feature","properties":{"name":"道將圳幹線","waterway":"ditch","source":"OSM"},"geometry":{"type":"LineString","coordinates":[[120.411265,23.4410829],[120.4101091,23.4398268],[120.4091108,23.4387168]]}},{"type":"Feature","properties":{"name":"道將圳幹線","waterway":"ditch","source":"OSM"},"geometry":{"type":"LineString","coordinates":[[120.4113536,23.4411792],[120.411265,23.4410829]]}},{"type":"Feature","properties":{"name":"道將圳幹線","waterway":"ditch","source":"OSM"},"geometry":{"type":"LineString","coordinates":[[120.4114055,23.4412356],[120.4113536,23.4411792]]}},{"type":"Feature","properties":{"name":"道將圳幹線","waterway":"ditch","source":"OSM"},"geometry":{"type":"LineString","coordinates":[[120.411494,23.4413317],[120.4114055,23.4412356]]}},{"type":"Feature","properties":{"name":"道將圳幹線","waterway":"ditch","source":"OSM"},"geometry":{"type":"LineString","coordinates":[[120.4134886,23.4435439],[120.4128845,23.4428749],[120.4116937,23.4415487],[120.411494,23.4413317]]}},{"type":"Feature","properties":{"name":"道將圳幹線","waterway":"ditch","source":"OSM"},"geometry":{"type":"LineString","coordinates":[[120.4135758,23.4436404],[120.4134886,23.4435439]]}},{"type":"Feature","properties":{"name":"道將圳幹線","waterway":"ditch","source":"OSM"},"geometry":{"type":"LineString","coordinates":[[120.4157302,23.4460004],[120.4146972,23.4448778],[120.4137455,23.4438283],[120.4135758,23.4436404]]}},{"type":"Feature","properties":{"name":"道將圳幹線","waterway":"ditch","source":"OSM"},"geometry":{"type":"LineString","coordinates":[[120.4158179,23.4460969],[120.4157302,23.4460004]]}},{"type":"Feature","properties":{"name":"道將圳幹線","waterway":"ditch","source":"OSM"},"geometry":{"type":"LineString","coordinates":[[120.4169083,23.447297],[120.4158179,23.4460969]]}},{"type":"Feature","properties":{"name":"道將圳幹線","waterway":"ditch","source":"OSM"},"geometry":{"type":"LineString","coordinates":[[120.4169687,23.4473635],[120.4169083,23.447297]]}},{"type":"Feature","properties":{"name":"道將圳幹線","waterway":"ditch","source":"OSM"},"geometry":{"type":"LineString","coordinates":[[120.4262269,23.4576692],[120.4262126,23.4576466],[120.4253016,23.4566646],[120.4246596,23.4559514]]}},{"type":"Feature","properties":{"name":"道將圳幹線","waterway":"ditch","source":"OSM"},"geometry":{"type":"LineString","coordinates":[[120.4246596,23.4559514],[120.4245647,23.4558459]]}},{"type":"Feature","properties":{"name":"道將圳幹線","waterway":"ditch","source":"OSM"},"geometry":{"type":"LineString","coordinates":[[120.4230998,23.4548745],[120.4229567,23.4548061],[120.4227932,23.4547321],[120.4226385,23.454649],[120.4220108,23.4539252],[120.4217036,23.4535836],[120.4215246,23.4534076]]}},{"type":"Feature","properties":{"name":"道將圳幹線","waterway":"ditch","source":"OSM"},"geometry":{"type":"LineString","coordinates":[[120.4215246,23.4534076],[120.4214275,23.4533123]]}},{"type":"Feature","properties":{"name":"道將圳幹線","waterway":"ditch","source":"OSM"},"geometry":{"type":"LineString","coordinates":[[120.4245647,23.4558459],[120.4245092,23.4557843],[120.4242363,23.4554812],[120.4241391,23.4553799],[120.4239722,23.4552795],[120.4233026,23.4549714],[120.4232099,23.4549271]]}},{"type":"Feature","properties":{"name":"道將圳幹線","waterway":"ditch","source":"OSM"},"geometry":{"type":"LineString","coordinates":[[120.4232099,23.4549271],[120.4230998,23.4548745]]}},{"type":"Feature","properties":{"name":"水上排水","waterway":"ditch","source":"OSM"},"geometry":{"type":"LineString","coordinates":[[120.4070678,23.4359643],[120.407282,23.4338368]]}},{"type":"Feature","properties":{"name":"水上排水","waterway":"ditch","source":"OSM"},"geometry":{"type":"LineString","coordinates":[[120.4070579,23.4360631],[120.4070678,23.4359643]]}},{"type":"Feature","properties":{"name":"水上排水","waterway":"ditch","source":"OSM"},"geometry":{"type":"LineString","coordinates":[[120.4071473,23.433675],[120.4071219,23.4336748]]}},{"type":"Feature","properties":{"name":"水上排水","waterway":"ditch","source":"OSM"},"geometry":{"type":"LineString","coordinates":[[120.4072554,23.4336757],[120.4071473,23.433675]]}},{"type":"Feature","properties":{"name":"水上排水","waterway":"ditch","source":"OSM"},"geometry":{"type":"LineString","coordinates":[[120.407292,23.4337381],[120.4072982,23.433676],[120.4072554,23.4336757]]}},{"type":"Feature","properties":{"name":"水上排水","waterway":"ditch","source":"OSM"},"geometry":{"type":"LineString","coordinates":[[120.407282,23.4338368],[120.407292,23.4337381]]}},{"type":"Feature","properties":{"name":"水上排水","waterway":"ditch","source":"OSM"},"geometry":{"type":"LineString","coordinates":[[120.4097673,23.4393396],[120.4092216,23.4387264]]}},{"type":"Feature","properties":{"name":"水上排水","waterway":"ditch","source":"OSM"},"geometry":{"type":"LineString","coordinates":[[120.4092216,23.4387264],[120.4091358,23.43863]]}},{"type":"Feature","properties":{"name":"鴨母寮大排水溝","waterway":"canal","source":"OSM"},"geometry":{"type":"LineString","coordinates":[[120.3149111,23.413317],[120.3147431,23.4131727],[120.3141023,23.4130483],[120.3132149,23.4132066],[120.3125494,23.4135007],[120.3117074,23.4137317],[120.3113282,23.4138199],[120.3109963,23.4138292],[120.3107462,23.4138064],[120.3105172,23.4137424],[120.310358,23.4136501],[120.3102654,23.4135362],[120.3101709,23.4133197],[120.309949,23.4123752],[120.3098066,23.412118],[120.3093068,23.4119064],[120.3083348,23.4126242],[120.308172,23.4126391],[120.3078534,23.4125651],[120.3072623,23.4123471],[120.3065722,23.4122792],[120.3056356,23.4123245],[120.3043292,23.4124828],[120.3037992,23.4123697],[120.3028626,23.4119739],[120.3026602,23.4118025]]}},{"type":"Feature","properties":{"name":"鴨母寮大排水溝","waterway":"canal","source":"OSM"},"geometry":{"type":"LineString","coordinates":[[120.3026602,23.4118025],[120.3025537,23.41169]]}},{"type":"Feature","properties":{"name":"鴨母寮大排水溝","waterway":"canal","source":"OSM"},"geometry":{"type":"LineString","coordinates":[[120.3025537,23.41169],[120.3019013,23.4111596],[120.3017368,23.4110216],[120.3015131,23.41094],[120.3007798,23.4106054],[120.3004674,23.4103188],[120.3003485,23.4100399],[120.3002344,23.4096909],[120.2985491,23.4080494],[120.2984505,23.4075631],[120.2980315,23.4068166],[120.2973537,23.4064886],[120.2966882,23.4065565],[120.2960966,23.406647],[120.2958625,23.4065904],[120.2952373,23.4061513],[120.2948642,23.4058553],[120.2935702,23.4055951],[120.2931881,23.4054142],[120.2925103,23.4046112],[120.2922515,23.4042945],[120.2917215,23.4041814],[120.2910067,23.4041587],[120.2892074,23.4046338],[120.2890472,23.4047129],[120.2884067,23.4048838],[120.2880616,23.4048444],[120.2877162,23.4047808],[120.2872109,23.40486],[120.2866933,23.405154],[120.2863359,23.4057309],[120.2862619,23.4060023],[120.2859661,23.4081851],[120.2858429,23.4086149],[120.2848077,23.4098929],[120.2795838,23.4159565],[120.2788058,23.4168595],[120.2782758,23.4173797],[120.2775734,23.4177416],[120.2770928,23.4178827],[120.2769571,23.4179226],[120.274154,23.4181307],[120.2728285,23.4182269],[120.2655696,23.4187255],[120.260985,23.4189178],[120.2506671,23.4193691],[120.249755,23.4193813],[120.2492423,23.4194485],[120.2488229,23.4195891],[120.2484101,23.4198395],[120.2463327,23.4218496],[120.2445768,23.4236317],[120.2429331,23.4258026],[120.2411441,23.4280489],[120.2409463,23.4283599],[120.2408239,23.4286191],[120.2407863,23.428861],[120.2407863,23.4297768],[120.2408239,23.4320231],[120.2407486,23.4325328],[120.2405038,23.4329302],[120.23992,23.43363],[120.239581,23.4338892],[120.2386018,23.4341829],[120.2362384,23.4344767],[120.2360312,23.434481],[120.2319832,23.433432],[120.2316207,23.4334061],[120.2306461,23.4334925],[120.2252226,23.43408],[120.2243092,23.434175],[120.2237584,23.4342701],[120.2233959,23.4343953],[120.2229204,23.4346675],[120.2225955,23.4349741],[120.2223319,23.4354147],[120.2223117,23.435463],[120.2220918,23.4359893],[120.2209948,23.4385075],[120.2207838,23.4389136],[120.2201765,23.4395615],[120.219861,23.4397645],[120.2158546,23.441678],[120.2154261,23.4418249],[120.2147623,23.4420754],[120.2143198,23.4422914],[120.2141256,23.4424091],[120.2136701,23.4427578],[120.2130683,23.4433039],[120.2126351,23.4440382],[120.2120608,23.4451612],[120.2117971,23.4456017],[120.2115711,23.4458004],[120.2112698,23.4459214],[120.2107614,23.4460941],[120.2098386,23.4462496],[120.2093301,23.4463965],[120.2089253,23.4467161],[120.2087015,23.4469593],[120.2084921,23.4475454],[120.2083579,23.4479087],[120.2075505,23.4500937],[120.2074846,23.4505688],[120.207494,23.4509143],[120.2074093,23.4513635],[120.2071833,23.4518213],[120.2067784,23.4523482],[120.2064583,23.4525556],[120.2062367,23.4526821],[120.2059711,23.4528036]]}},{"type":"Feature","properties":{"name":"","waterway":"canal","source":"OSM"},"geometry":{"type":"LineString","coordinates":[[120.4594563,23.6108197],[120.4595223,23.6109678],[120.4596242,23.6110993],[120.459808,23.6112774],[120.4599568,23.6113561],[120.4602277,23.6114495],[120.4604262,23.6115183],[120.4605187,23.6115822],[120.4610069,23.6123404],[120.461428,23.6129191]]}},{"type":"Feature","properties":{"name":"六腳大排水溝","waterway":"canal","source":"OSM"},"geometry":{"type":"LineString","coordinates":[[120.3472492,23.5513634],[120.3470272,23.5515243],[120.3465462,23.5518279],[120.3461469,23.5518862],[120.3458565,23.5518903],[120.3454686,23.5518487],[120.3453551,23.5518071],[120.3452663,23.5517618]]}},{"type":"Feature","properties":{"name":"六腳大排水溝","waterway":"canal","source":"OSM"},"geometry":{"type":"LineString","coordinates":[[120.3473567,23.5512856],[120.3472492,23.5513634]]}},{"type":"Feature","properties":{"name":"","waterway":"ditch","source":"OSM"},"geometry":{"type":"LineString","coordinates":[[120.3022567,23.4809502],[120.3026152,23.481182],[120.3015326,23.4825905]]}},{"type":"Feature","properties":{"name":"道將圳幹線","waterway":"ditch","source":"OSM"},"geometry":{"type":"LineString","coordinates":[[120.4270728,23.4586551],[120.4263064,23.4577942],[120.4262768,23.4577477]]}},{"type":"Feature","properties":{"name":"道將圳幹線","waterway":"ditch","source":"OSM"},"geometry":{"type":"LineString","coordinates":[[120.4271669,23.4587609],[120.4270728,23.4586551]]}},{"type":"Feature","properties":{"name":"道將圳幹線","waterway":"ditch","source":"OSM"},"geometry":{"type":"LineString","coordinates":[[120.4307522,23.4622075],[120.4304524,23.4620161],[120.4295377,23.4614223],[120.4293516,23.4612122]]}},{"type":"Feature","properties":{"name":"道將圳幹線","waterway":"ditch","source":"OSM"},"geometry":{"type":"LineString","coordinates":[[120.4293516,23.4612122],[120.4291693,23.4610073]]}},{"type":"Feature","properties":{"name":"","waterway":"ditch","source":"OSM"},"geometry":{"type":"LineString","coordinates":[[120.5214292,23.4342362],[120.5213821,23.4342521],[120.521394,23.4343221],[120.5214829,23.4345013],[120.5214024,23.4345578],[120.5212587,23.4344941],[120.5210945,23.4343579],[120.520752,23.434342],[120.520542,23.4343173],[120.520422,23.4342174],[120.5203367,23.4342304]]}},{"type":"Feature","properties":{"name":"","waterway":"ditch","source":"OSM"},"geometry":{"type":"LineString","coordinates":[[120.5214882,23.4342669],[120.5214292,23.4342362]]}},{"type":"Feature","properties":{"name":"","waterway":"ditch","source":"OSM"},"geometry":{"type":"LineString","coordinates":[[120.3773528,23.5876559],[120.3775839,23.5876178],[120.3777565,23.5876249],[120.3779182,23.5877491],[120.3781647,23.5878197],[120.3794664,23.5879609],[120.3797976,23.5880145],[120.3798469,23.5880315],[120.379984,23.5880428],[120.3804185,23.5883011]]}},{"type":"Feature","properties":{"name":"","waterway":"ditch","source":"OSM"},"geometry":{"type":"LineString","coordinates":[[120.3892328,23.5904539],[120.3892724,23.5918195],[120.3892085,23.5919033],[120.389051,23.5927463],[120.3885427,23.5931793],[120.3884496,23.5933302],[120.3889507,23.5942289],[120.3889937,23.5944028],[120.3887897,23.5951966],[120.3887285,23.5960205]]}},{"type":"Feature","properties":{"name":"","waterway":"ditch","source":"OSM"},"geometry":{"type":"LineString","coordinates":[[120.3892299,23.5903548],[120.3892328,23.5904539]]}},{"type":"Feature","properties":{"name":"","waterway":"ditch","source":"OSM"},"geometry":{"type":"LineString","coordinates":[[120.3897855,23.5818016],[120.3898449,23.5838428]]}},{"type":"Feature","properties":{"name":"","waterway":"ditch","source":"OSM"},"geometry":{"type":"LineString","coordinates":[[120.3898449,23.5838428],[120.3898478,23.5839419]]}},{"type":"Feature","properties":{"name":"","waterway":"ditch","source":"OSM"},"geometry":{"type":"LineString","coordinates":[[120.3898478,23.5839419],[120.3899075,23.585993]]}},{"type":"Feature","properties":{"name":"","waterway":"ditch","source":"OSM"},"geometry":{"type":"LineString","coordinates":[[120.3899075,23.585993],[120.3899104,23.5860921]]}},{"type":"Feature","properties":{"name":"","waterway":"ditch","source":"OSM"},"geometry":{"type":"LineString","coordinates":[[120.393143,23.591073],[120.3928158,23.591228],[120.3927782,23.5911821],[120.3925903,23.5909295],[120.3924883,23.5909246],[120.3914664,23.5914609],[120.3909259,23.5916708],[120.390815,23.5917069],[120.390559,23.5917823],[120.3902136,23.5918365],[120.3899667,23.5918529],[120.3893671,23.5918594],[120.3892724,23.5918195]]}},{"type":"Feature","properties":{"name":"","waterway":"ditch","source":"OSM"},"geometry":{"type":"LineString","coordinates":[[120.3932472,23.5910236],[120.393143,23.591073]]}},{"type":"Feature","properties":{"name":"","waterway":"ditch","source":"OSM"},"geometry":{"type":"LineString","coordinates":[[120.3954793,23.5903055],[120.3952748,23.5904719],[120.3943979,23.5912263],[120.3942762,23.5911657],[120.3938234,23.5907507],[120.3932472,23.5910236]]}},{"type":"Feature","properties":{"name":"","waterway":"ditch","source":"OSM"},"geometry":{"type":"LineString","coordinates":[[120.3957405,23.5900816],[120.3954793,23.5903055]]}},{"type":"Feature","properties":{"name":"","waterway":"ditch","source":"OSM"},"geometry":{"type":"LineString","coordinates":[[120.3957384,23.5881159],[120.3957974,23.5882216],[120.3959692,23.5886333],[120.3956901,23.5887662],[120.3958314,23.5889613],[120.3962914,23.5895682],[120.3962126,23.5896568],[120.3957405,23.5900816]]}},{"type":"Feature","properties":{"name":"","waterway":"ditch","source":"OSM"},"geometry":{"type":"LineString","coordinates":[[120.3956858,23.5880216],[120.3957384,23.5881159]]}},{"type":"Feature","properties":{"name":"","waterway":"ditch","source":"OSM"},"geometry":{"type":"LineString","coordinates":[[120.3899104,23.5860921],[120.3899708,23.5881698]]}},{"type":"Feature","properties":{"name":"","waterway":"ditch","source":"OSM"},"geometry":{"type":"LineString","coordinates":[[120.3899708,23.5881698],[120.3899735,23.5882615]]}},{"type":"Feature","properties":{"name":"","waterway":"ditch","source":"OSM"},"geometry":{"type":"LineString","coordinates":[[120.3276384,23.5316181],[120.3280027,23.5314212],[120.328258,23.5313375],[120.3305497,23.5306159]]}},{"type":"Feature","properties":{"name":"","waterway":"ditch","source":"OSM"},"geometry":{"type":"LineString","coordinates":[[120.3305497,23.5306159],[120.3306517,23.5305838]]}},{"type":"Feature","properties":{"name":"","waterway":"ditch","source":"OSM"},"geometry":{"type":"LineString","coordinates":[[120.3323318,23.5394026],[120.3303769,23.5406232],[120.3301129,23.5407209],[120.3288743,23.54107]]}},{"type":"Feature","properties":{"name":"","waterway":"ditch","source":"OSM"},"geometry":{"type":"LineString","coordinates":[[120.3324291,23.5393418],[120.3323318,23.5394026]]}}]}