{"type":"FeatureCollection","features":[{"type":"Feature","properties":{"name":"劍湖","name_en":"","water":"lake","natural":"water","landuse":""},"geometry":{"type":"Polygon","coordinates":[[[120.574162,23.6137053],[120.5745998,23.6136763],[120.575238,23.6136425],[120.5755544,23.6135845],[120.575565,23.613483],[120.5752696,23.6130142],[120.5751747,23.6128741],[120.5750956,23.6121589],[120.5749426,23.6120429],[120.5747316,23.6120477],[120.574584,23.6121734],[120.5745629,23.6127823],[120.5744996,23.6129611],[120.5742359,23.6131979],[120.5741357,23.6134057],[120.5740935,23.613599],[120.574162,23.6137053]]]}},{"type":"Feature","properties":{"name":"上茄苳埤","name_en":"","water":"reservoir","natural":"water","landuse":""},"geometry":{"type":"Polygon","coordinates":[[[120.3907192,23.3901736],[120.390463,23.3902878],[120.3902947,23.390449],[120.3901556,23.3904423],[120.3899727,23.3903416],[120.3899361,23.390093],[120.3901922,23.3894415],[120.3902874,23.3891929],[120.3901776,23.3889444],[120.3900263,23.3887492],[120.3898629,23.3887698],[120.3897019,23.3887227],[120.3896507,23.3885817],[120.3897472,23.3880616],[120.3897678,23.3879503],[120.3897092,23.3874196],[120.3898044,23.3872046],[120.3899434,23.3867479],[120.3900093,23.386459],[120.3899141,23.3860829],[120.3897726,23.3855455],[120.3897165,23.3853574],[120.3896946,23.3850753],[120.3896873,23.3848469],[120.3896653,23.3846185],[120.3897092,23.3843162],[120.3898478,23.3842375],[120.3899645,23.3841141],[120.3901433,23.3839825],[120.3902671,23.3838964],[120.3903698,23.3838948],[120.3904923,23.3839132],[120.3905485,23.3840004],[120.3905508,23.3840878],[120.3904777,23.3842289],[120.3904441,23.3844876],[120.3904866,23.3847546],[120.3905663,23.3849284],[120.3907167,23.3850161],[120.3909644,23.385086],[120.3911308,23.3851266],[120.3912069,23.3851915],[120.3913307,23.3852874],[120.3914291,23.3852902],[120.3917307,23.3853523],[120.3919536,23.3855148],[120.392007,23.3856299],[120.392127,23.3856609],[120.3921872,23.3856447],[120.3922651,23.3856138],[120.392334,23.3855775],[120.3924031,23.3855548],[120.3924845,23.3855467],[120.3926897,23.3855499],[120.3928631,23.3856539],[120.3928773,23.3857318],[120.3928755,23.385826],[120.3928384,23.3859332],[120.3927376,23.3861433],[120.3926844,23.3861579],[120.3926298,23.3861782],[120.3925842,23.3862866],[120.392603,23.3864146],[120.3925681,23.3865401],[120.3924829,23.3866538],[120.3923508,23.3866977],[120.3925415,23.3869091],[120.3928415,23.3870703],[120.3930318,23.3871643],[120.393105,23.3870098],[120.3931928,23.3867143],[120.3933465,23.3865934],[120.3935661,23.3864389],[120.393749,23.3864254],[120.3938222,23.3865799],[120.3938149,23.3868822],[120.3938588,23.3871711],[120.3939613,23.3873323],[120.3941516,23.3872449],[120.3943857,23.3870636],[120.3948322,23.3868889],[120.3950078,23.3867479],[120.3953884,23.3866941],[120.3953884,23.3868285],[120.3953664,23.3870098],[120.3954835,23.3871308],[120.3954908,23.3873659],[120.3954542,23.3874532],[120.3952566,23.3876077],[120.395059,23.3876413],[120.3948249,23.3877219],[120.3946858,23.3879637],[120.394437,23.3880779],[120.3942247,23.3881048],[120.3940491,23.3882257],[120.3939174,23.3881921],[120.3937417,23.3880846],[120.3935588,23.3880645],[120.3933904,23.3882592],[120.3933319,23.3883399],[120.3931709,23.3883466],[120.3930099,23.3883063],[120.3929806,23.3882257],[120.3928708,23.3881719],[120.3926659,23.3882458],[120.3925927,23.3883331],[120.3927537,23.3886354],[120.3927976,23.3888101],[120.3927976,23.3890384],[120.3929074,23.3891661],[120.3931196,23.3891526],[120.3933465,23.3890653],[120.3934563,23.3889914],[120.3935222,23.3889242],[120.3935807,23.3888772],[120.3936758,23.3888974],[120.3937783,23.3889847],[120.3938881,23.3890452],[120.3940198,23.3890452],[120.3942467,23.3889578],[120.3943711,23.3889041],[120.3945175,23.3887899],[120.3947151,23.3887093],[120.3948834,23.3886891],[120.3949346,23.3887765],[120.3950298,23.3888168],[120.3952274,23.3887765],[120.3953518,23.3886287],[120.3954396,23.3885548],[120.3956226,23.3885011],[120.395747,23.3885078],[120.3958421,23.3884943],[120.3959519,23.3884876],[120.3959958,23.3885615],[120.3960544,23.3886891],[120.3961641,23.3888235],[120.3962463,23.3888533],[120.396131,23.3889742],[120.3960523,23.3888768],[120.3959847,23.3888062],[120.3959005,23.3887911],[120.395745,23.3888197],[120.3956279,23.3888785],[120.3955584,23.3890145],[120.395498,23.3890951],[120.3953754,23.3891287],[120.3951174,23.3892345],[120.3949912,23.3892916],[120.3948503,23.3893218],[120.3947826,23.3893973],[120.3947478,23.3894914],[120.3946673,23.3897265],[120.3946033,23.3898172],[120.3945392,23.3898508],[120.394424,23.3897836],[120.3943453,23.3897399],[120.39423,23.3897131],[120.3941312,23.3896795],[120.3939904,23.3897231],[120.3938952,23.3897819],[120.3938678,23.3899482],[120.3937763,23.3900422],[120.3936629,23.3902084],[120.3936098,23.3902991],[120.3935439,23.3903579],[120.3933756,23.3904318],[120.3934506,23.3905225],[120.3935311,23.390467],[120.3936116,23.3904452],[120.3937013,23.3904704],[120.3938989,23.3907609],[120.3942355,23.3911253],[120.3942849,23.3911539],[120.3944222,23.3910447],[120.3947716,23.3907794],[120.3949491,23.3906618],[120.3951558,23.3906971],[120.3951924,23.3907038],[120.395262,23.3905779],[120.3952912,23.3904788],[120.39539,23.3903965],[120.3954559,23.3903512],[120.3954998,23.3903193],[120.3954833,23.3902874],[120.3954193,23.3902286],[120.3954028,23.3901295],[120.3953864,23.3900136],[120.3953772,23.3899431],[120.3953662,23.3898843],[120.3954083,23.3897903],[120.3955913,23.3894427],[120.3956883,23.3893453],[120.3958218,23.3892328],[120.3958694,23.3892059],[120.3959536,23.3891522],[120.3960103,23.3891455],[120.3960688,23.3891975],[120.3962298,23.3894763],[120.3958639,23.3897802],[120.3958346,23.3898575],[120.3959005,23.390457],[120.3958621,23.3905594],[120.3957761,23.3906719],[120.395509,23.3910498],[120.395412,23.3910968],[120.3953205,23.3911186],[120.3951979,23.3911791],[120.3950772,23.3912126],[120.3946198,23.3913957],[120.3945941,23.3914074],[120.3943252,23.3915032],[120.3941678,23.3915283],[120.3940709,23.3915367],[120.3939885,23.3915199],[120.3938824,23.391478],[120.3936629,23.3912798],[120.3935932,23.3911835],[120.3934927,23.3910447],[120.3934817,23.3909675],[120.3934543,23.3908701],[120.3933884,23.3907693],[120.3933043,23.3906803],[120.3932988,23.3906266],[120.393328,23.3905292],[120.3932512,23.3905628],[120.3931963,23.3905812],[120.3931432,23.3905779],[120.3928633,23.3903327],[120.3925962,23.390153],[120.3924279,23.3900909],[120.392254,23.3900237],[120.3920125,23.3899465],[120.3919082,23.3899448],[120.391879,23.3900019],[120.3918991,23.3905712],[120.3919311,23.39075],[120.3920036,23.3909162],[120.3920243,23.3911679],[120.3920139,23.3912582],[120.3919674,23.3913057],[120.391838,23.3913294],[120.3917552,23.3913009],[120.3915844,23.3912154],[120.3914861,23.3911394],[120.3914292,23.3911252],[120.3913257,23.3911299],[120.3912015,23.3911299],[120.3911031,23.3911822],[120.3910669,23.3912344],[120.3909893,23.3912867],[120.3909324,23.3913009],[120.3908496,23.3912962],[120.3907823,23.3912392],[120.390715,23.3911537],[120.390715,23.3911394],[120.3907047,23.3909494],[120.3907461,23.3908402],[120.3908237,23.3907642],[120.3908806,23.3906692],[120.3909341,23.3906274],[120.3909836,23.3905738],[120.3910633,23.390478],[120.3911341,23.390426],[120.3910934,23.3903659],[120.3911181,23.3902994],[120.3910438,23.3902506],[120.3909738,23.3903225],[120.390922,23.390256],[120.3908237,23.3902037],[120.3907192,23.3901736]]]}},{"type":"Feature","properties":{"name":"將軍埤","name_en":"","water":"reservoir","natural":"water","landuse":""},"geometry":{"type":"Polygon","coordinates":[[[120.3965628,23.3896773],[120.3964826,23.3896298],[120.3963921,23.3895467],[120.3962316,23.3893614],[120.3961514,23.3891928],[120.3961333,23.3891334],[120.3961514,23.3890764],[120.3961799,23.3890432],[120.396131,23.3889742],[120.3962463,23.3888533],[120.3963403,23.3888627],[120.3964361,23.3888674],[120.3965654,23.3888841],[120.3967103,23.3888674],[120.3968552,23.3888247],[120.3969561,23.3887748],[120.3970079,23.3887345],[120.397233,23.3888033],[120.3975539,23.3889031],[120.3979497,23.3891952],[120.3981127,23.3894303],[120.3982188,23.3896844],[120.3983249,23.3899409],[120.3984258,23.3900454],[120.3985267,23.3901071],[120.3986872,23.3901499],[120.3988243,23.3901689],[120.3989304,23.3901641],[120.3989951,23.3901285],[120.3990417,23.3900193],[120.3993237,23.3895395],[120.3994375,23.3894184],[120.3996368,23.3893329],[120.399748,23.3892427],[120.3999395,23.3889482],[120.4000197,23.3887273],[120.3999343,23.3882357],[120.3997946,23.3880624],[120.3996057,23.3877845],[120.3995203,23.3876396],[120.399422,23.3874686],[120.3993573,23.3873641],[120.3992616,23.3872739],[120.39914,23.3872454],[120.3990003,23.3872976],[120.3989485,23.3873641],[120.3989304,23.3874805],[120.3989278,23.3875898],[120.3989123,23.3876515],[120.3988424,23.387737],[120.398726,23.3878629],[120.3985888,23.3879959],[120.3985474,23.3880244],[120.398506,23.3879911],[120.3986458,23.3878676],[120.3987441,23.3877726],[120.3987933,23.387661],[120.3987958,23.3875589],[120.398801,23.3873784],[120.3987829,23.3872786],[120.3987984,23.3871932],[120.3989563,23.3870673],[120.3990934,23.3870317],[120.3991814,23.3870269],[120.3993056,23.3870435],[120.3994427,23.38711],[120.3995048,23.3872501],[120.3995214,23.3873664],[120.3995384,23.3874853],[120.3996316,23.3876444],[120.3996523,23.3876871],[120.399748,23.3877703],[120.39988,23.3878059],[120.3999809,23.3877394],[120.400012,23.3876753],[120.4000404,23.3875898],[120.4000223,23.3873974],[120.3999913,23.387262],[120.3999887,23.3872027],[120.399968,23.3871053],[120.3999938,23.386882],[120.4000327,23.3867467],[120.4000016,23.3866422],[120.3999059,23.3863999],[120.3998619,23.3864118],[120.3997299,23.3862432],[120.3995436,23.3861149],[120.3994738,23.3860033],[120.3993211,23.3855236],[120.3991917,23.3854001],[120.3991426,23.3853312],[120.3991219,23.3852338],[120.399215,23.3851745],[120.3996005,23.384956],[120.3996316,23.3848135],[120.3995798,23.3844406],[120.3994841,23.384272],[120.3994142,23.3842102],[120.3993418,23.3841271],[120.3991607,23.3840321],[120.3989899,23.3838445],[120.3989019,23.3836949],[120.3988657,23.3835927],[120.3986519,23.3836043],[120.3985122,23.3836186],[120.3983983,23.383602],[120.3983699,23.383545],[120.3985552,23.3834123],[120.3986044,23.3834621],[120.3987415,23.3834669],[120.3988424,23.3834336],[120.3988537,23.3833645],[120.3989598,23.3833669],[120.3990303,23.3834173],[120.3989949,23.3834664],[120.3989666,23.3835202],[120.3990261,23.3836212],[120.399096,23.383645],[120.3991503,23.3836355],[120.3992176,23.3835666],[120.3993712,23.3833384],[120.3996015,23.3831911],[120.3997231,23.383051],[120.3998489,23.3828993],[120.399911,23.3827829],[120.3999275,23.3827161],[120.4001129,23.3827306],[120.400325,23.3826974],[120.400532,23.382695],[120.4007235,23.3826926],[120.4009357,23.3827188],[120.4010185,23.3827425],[120.4010392,23.3828518],[120.4008089,23.3828613],[120.4007415,23.382862],[120.4005967,23.3828636],[120.4003639,23.382885],[120.4001155,23.3829681],[120.3999964,23.3831178],[120.3998179,23.3833006],[120.3997661,23.3834028],[120.3996471,23.3834811],[120.3994945,23.3835904],[120.3994091,23.3837661],[120.3994298,23.3839324],[120.3996238,23.3840084],[120.3997765,23.3840606],[120.399836,23.3841271],[120.3999499,23.3846069],[120.4001077,23.3848444],[120.4001387,23.3850225],[120.4001258,23.3851673],[120.4000637,23.3852695],[120.3999007,23.3853835],[120.3997791,23.3854357],[120.399704,23.3855188],[120.3997429,23.3856043],[120.3998696,23.3856518],[120.3999317,23.3858822],[120.4000275,23.3860176],[120.4001314,23.3862253],[120.4001724,23.3863073],[120.4002578,23.3864356],[120.4003276,23.3864854],[120.4004699,23.3864664],[120.4005036,23.3864332],[120.4004855,23.3863833],[120.4003846,23.3862503],[120.4003457,23.3862076],[120.4003173,23.3861221],[120.4003173,23.3860484],[120.4003509,23.3859891],[120.4004104,23.3859891],[120.4004156,23.3860271],[120.4004467,23.3861078],[120.4005243,23.3861933],[120.400633,23.3863073],[120.400708,23.3863857],[120.4007235,23.3864973],[120.4006873,23.3865448],[120.400576,23.386578],[120.4004855,23.3866279],[120.400382,23.3867015],[120.4003483,23.3867562],[120.400338,23.3872858],[120.4002966,23.3877275],[120.4002836,23.3878534],[120.4002371,23.3879555],[120.4002371,23.3881431],[120.4002552,23.388326],[120.4003483,23.3883901],[120.4003871,23.3884542],[120.4003535,23.3889458],[120.4002293,23.3892522],[120.4001387,23.3894232],[120.4000197,23.3895847],[120.399911,23.3896607],[120.3997843,23.3897343],[120.3997197,23.3897787],[120.3997118,23.3897841],[120.3996394,23.3898388],[120.3995177,23.3901617],[120.3995462,23.3902924],[120.3996756,23.3904064],[120.3998826,23.3905227],[120.3999809,23.3905536],[120.4000663,23.3905393],[120.4001543,23.3905393],[120.400219,23.3905227],[120.4002992,23.3905702],[120.4004777,23.3906296],[120.400589,23.3906795],[120.4006019,23.3907056],[120.4005553,23.3907531],[120.4004725,23.3907768],[120.400369,23.3908196],[120.4003483,23.3908338],[120.400219,23.3908172],[120.3993108,23.3906486],[120.3985552,23.3906106],[120.3984388,23.3906248],[120.3983508,23.3905631],[120.3982214,23.3904349],[120.398136,23.3903446],[120.3980455,23.3902829],[120.3977815,23.3901997],[120.397365,23.3900715],[120.3970157,23.3898934],[120.3967569,23.3897533],[120.3965628,23.3896773]]]}},{"type":"Feature","properties":{"name":"","name_en":"","water":"reservoir","natural":"","landuse":"reservoir"},"geometry":{"type":"Polygon","coordinates":[[[120.3899129,23.3986554],[120.3898048,23.3986493],[120.3897622,23.3986253],[120.3897589,23.3985471],[120.389831,23.398487],[120.38989,23.3984239],[120.3899653,23.3983577],[120.3901291,23.398469],[120.3902667,23.3985652],[120.3904338,23.3986073],[120.3906532,23.3986343],[120.3906794,23.3986824],[120.3906631,23.3988177],[120.3906139,23.3989289],[120.3905746,23.398971],[120.3904993,23.3988868],[120.3904534,23.3987967],[120.3903617,23.3987035],[120.3902405,23.3986614],[120.3901913,23.3986614],[120.3900832,23.3986614],[120.3899948,23.3986584],[120.3899129,23.3986554]]]}},{"type":"Feature","properties":{"name":"鹿寮水庫","name_en":"","water":"reservoir","natural":"water","landuse":""},"geometry":{"type":"Polygon","coordinates":[[[120.4785583,23.3849968],[120.4774536,23.3868373],[120.477377,23.3870726],[120.4774737,23.3872304],[120.4778282,23.3874375],[120.4780431,23.387615],[120.4780431,23.3879995],[120.4779464,23.388246],[120.4775596,23.3885714],[120.4772373,23.3887391],[120.4777422,23.3887489],[120.4778712,23.3888475],[120.4779678,23.3891532],[120.4778067,23.3894293],[120.4780108,23.3894392],[120.4781505,23.3892518],[120.4781827,23.3890743],[120.4782902,23.3889955],[120.4782579,23.3888574],[120.4783761,23.3886109],[120.4786017,23.3885221],[120.4786115,23.3887362],[120.4789553,23.3887954],[120.4791326,23.3886376],[120.4792561,23.3886672],[120.4792508,23.3889433],[120.479052,23.3889876],[120.4789338,23.3892095],[120.4789285,23.3893821],[120.4788318,23.3895595],[120.4788264,23.3897321],[120.4786867,23.3898652],[120.4787727,23.3900575],[120.4788586,23.390235],[120.4788747,23.3904864],[120.4787566,23.3906097],[120.4788318,23.3908809],[120.4788747,23.3910337],[120.4788264,23.3911569],[120.4787136,23.3913147],[120.4788049,23.3914528],[120.4787888,23.3916056],[120.4786545,23.3915957],[120.4785793,23.3918275],[120.4784504,23.3920395],[120.4783483,23.3922564],[120.4782731,23.3924141],[120.4782516,23.3925522],[120.4783215,23.3926754],[120.4783805,23.3926607],[120.4784665,23.3925226],[120.4785471,23.3923451],[120.4786706,23.3921775],[120.4787351,23.3921035],[120.4789016,23.3920493],[120.4790251,23.391857],[120.4791917,23.3918028],[120.4793098,23.3917683],[120.4793474,23.3915957],[120.4792884,23.3914971],[120.4791272,23.3914429],[120.4790144,23.3913739],[120.4790359,23.3912457],[120.4791487,23.3911767],[120.4791702,23.3910288],[120.4792722,23.3908118],[120.4795408,23.3907428],[120.4795301,23.3905949],[120.4794441,23.3904322],[120.4794334,23.3902251],[120.4795569,23.3900822],[120.479804,23.3900033],[120.479804,23.3898455],[120.4798255,23.3896039],[120.4798739,23.3895448],[120.4801263,23.3897518],[120.480266,23.3898948],[120.4806098,23.3900427],[120.4809267,23.3899885],[120.4811846,23.3899836],[120.4813565,23.3900526],[120.4815015,23.3902153],[120.4814639,23.3903632],[120.4813565,23.3904864],[120.4813403,23.3906442],[120.4812222,23.3907477],[120.4811362,23.39094],[120.4811362,23.3910583],[120.4811792,23.3911717],[120.4812544,23.391433],[120.4814155,23.3917979],[120.4813511,23.3920789],[120.4812866,23.3922317],[120.4810127,23.3923994],[120.4807763,23.3924191],[120.4806743,23.3924339],[120.4806259,23.3926311],[120.4805722,23.3928184],[120.4805937,23.3929515],[120.4809428,23.3930452],[120.4810073,23.3931832],[120.4809536,23.3932473],[120.48083,23.3934643],[120.4808354,23.3936812],[120.4809052,23.3939129],[120.4809536,23.3940016],[120.4810288,23.393839],[120.4810288,23.3936023],[120.4810503,23.3933657],[120.4811255,23.3932523],[120.4812651,23.3932818],[120.4812866,23.3931832],[120.4814531,23.3930846],[120.4816089,23.3930994],[120.481754,23.3930994],[120.4817647,23.3930156],[120.4815713,23.392991],[120.4814639,23.3929515],[120.4814155,23.3928233],[120.4814531,23.3927346],[120.4816197,23.3926754],[120.4817432,23.3924881],[120.4817432,23.3923648],[120.4816734,23.3922712],[120.4816412,23.3921726],[120.4816734,23.3920345],[120.481899,23.3919211],[120.4819903,23.3917732],[120.4820118,23.3916007],[120.4818507,23.391226],[120.4816949,23.3910436],[120.4816841,23.3908809],[120.481754,23.3906639],[120.482087,23.3905259],[120.4822858,23.3904914],[120.4823986,23.3902153],[120.4824093,23.3900674],[120.4824576,23.3899392],[120.4824791,23.3898406],[120.4827907,23.3899047],[120.482925,23.3898997],[120.4830754,23.3898849],[120.4830109,23.3900279],[120.4829089,23.3902794],[120.4829142,23.3904914],[120.4830432,23.3906984],[120.4830808,23.3909104],[120.4830324,23.3911323],[120.4828981,23.3915612],[120.482549,23.391857],[120.4824899,23.3919704],[120.4825114,23.3922219],[120.4826618,23.392355],[120.4829787,23.3923994],[120.4833762,23.3923994],[120.483489,23.3924339],[120.4837146,23.3925867],[120.4837952,23.3926607],[120.4837898,23.3923895],[120.4838543,23.392212],[120.4839456,23.3921035],[120.4842518,23.3920444],[120.484241,23.391862],[120.4843377,23.3917091],[120.4845419,23.3918422],[120.4846332,23.3918718],[120.4847782,23.3918373],[120.4846547,23.391645],[120.485029,23.3915477],[120.4850666,23.3914146],[120.4851195,23.3909999],[120.485036,23.390728],[120.4848157,23.3905676],[120.4845802,23.3904282],[120.4842459,23.3905746],[120.4841472,23.3908047],[120.4843447,23.3910557],[120.4843523,23.3913067],[120.4842459,23.3914601],[120.4840788,23.3913555],[120.4839724,23.3912021],[120.4839572,23.3909581],[120.4837825,23.3906443],[120.4837825,23.3905188],[120.4836154,23.3898774],[120.4835014,23.3895427],[120.4833951,23.3892917],[120.4832811,23.3890755],[120.4829013,23.3889431],[120.4824607,23.3888664],[120.4822024,23.3887199],[120.481815,23.3882737],[120.4818074,23.3880227],[120.4817314,23.3877438],[120.4818226,23.3875904],[120.4820581,23.3878763],[120.4825746,23.3879669],[120.4826354,23.3879181],[120.4820505,23.3876183],[120.4820277,23.3874021],[120.4819897,23.3871581],[120.482172,23.3869489],[120.4823467,23.386914],[120.4824835,23.3866351],[120.4823923,23.3864887],[120.4821644,23.3865654],[120.4817162,23.3868304],[120.4815491,23.3868862],[120.4813972,23.3866839],[120.4815035,23.3864887],[120.4817846,23.3863005],[120.4818909,23.3860076],[120.4815187,23.3860006],[120.4812908,23.3862586],[120.4809869,23.3860076],[120.4806755,23.3859518],[120.4802425,23.3860425],[120.4799994,23.3861471],[120.4799006,23.3860146],[120.4800146,23.3858333],[120.4799766,23.3856938],[120.4796955,23.3856938],[120.47946,23.3856241],[120.4792701,23.3855056],[120.4790574,23.3853591],[120.4790878,23.3851709],[120.4789434,23.3849896],[120.478779,23.3848945],[120.4785583,23.3849968]]]}},{"type":"Feature","properties":{"name":"","name_en":"","water":"pond","natural":"water","landuse":""},"geometry":{"type":"Polygon","coordinates":[[[120.4366243,23.3888734],[120.4366471,23.3892918],[120.4372168,23.3893196],[120.4377486,23.3891384],[120.4382727,23.3890338],[120.4383411,23.3886782],[120.4383183,23.3883853],[120.438493,23.3881413],[120.4385994,23.3880716],[120.4386298,23.3877787],[120.4387893,23.3877229],[120.4393439,23.3875486],[120.4397009,23.3872976],[120.4398832,23.3872767],[120.4399212,23.3866352],[120.4395338,23.3865655],[120.4392983,23.3863982],[120.4391312,23.3862029],[120.4388121,23.3862029],[120.438569,23.3863354],[120.4384475,23.386182],[120.4382651,23.3858403],[120.4379917,23.385917],[120.4377942,23.3859868],[120.4375435,23.3859868],[120.4370193,23.3867747],[120.4369661,23.3869072],[120.4367914,23.386956],[120.4368522,23.387193],[120.4367078,23.3872628],[120.4369065,23.3887758],[120.4366243,23.3888734]]]}},{"type":"Feature","properties":{"name":"","name_en":"","water":"","natural":"water","landuse":""},"geometry":{"type":"Polygon","coordinates":[[[120.4096223,23.3862176],[120.4094286,23.3862769],[120.4093032,23.3862386],[120.4094481,23.3860992],[120.4094932,23.386014],[120.409536,23.385942],[120.4096152,23.3857889],[120.4096646,23.3855658],[120.4097329,23.3854786],[120.4099114,23.3854159],[120.4102761,23.3853705],[120.4103673,23.3861096],[120.4117536,23.3860016],[120.4127868,23.3859353],[120.4128134,23.3860504],[120.412764,23.3862003],[120.4125437,23.3861271],[120.4124336,23.3860678],[120.412255,23.3860608],[120.4117233,23.3861236],[120.4117157,23.386277],[120.4108628,23.3864245],[120.4107281,23.3864478],[120.4105415,23.3864094],[120.4104617,23.3863362],[120.410079,23.3862457],[120.4100325,23.3862389],[120.4098654,23.3861898],[120.4096223,23.3862176]]]}},{"type":"Feature","properties":{"name":"","name_en":"","water":"","natural":"water","landuse":""},"geometry":{"type":"Polygon","coordinates":[[[120.4102173,23.3880891],[120.4102021,23.3882042],[120.4102856,23.3885458],[120.4104186,23.3885772],[120.4105629,23.3885598],[120.4106749,23.3885063],[120.4110377,23.3883332],[120.4110491,23.3882356],[120.4109238,23.3878695],[120.4108174,23.3878486],[120.4106503,23.3878904],[120.4102173,23.3880891]]]}},{"type":"Feature","properties":{"name":"","name_en":"","water":"","natural":"water","landuse":""},"geometry":{"type":"Polygon","coordinates":[[[120.4082255,23.389753],[120.4085744,23.3894375],[120.408714,23.3894917],[120.4088107,23.3896051],[120.4088107,23.3897185],[120.4086509,23.3900528],[120.4085445,23.3901783],[120.4084306,23.3903945],[120.4082103,23.3904084],[120.4081039,23.3902829],[120.4081115,23.3900319],[120.4082255,23.389753]]]}},{"type":"Feature","properties":{"name":"","name_en":"","water":"","natural":"water","landuse":""},"geometry":{"type":"Polygon","coordinates":[[[120.4024882,23.3875307],[120.4025262,23.3875655],[120.4025604,23.3876387],[120.4026135,23.3877503],[120.4026857,23.3877782],[120.4031415,23.3877852],[120.4031377,23.3876387],[120.4031605,23.3875237],[120.4029934,23.3874121],[120.4028908,23.3873877],[120.4022679,23.3872971],[120.4022451,23.38744],[120.4023628,23.3874644],[120.4024882,23.3875307]]]}},{"type":"Feature","properties":{"name":"","name_en":"","water":"","natural":"water","landuse":""},"geometry":{"type":"Polygon","coordinates":[[[120.4116606,23.3882634],[120.4116189,23.3883436],[120.4116986,23.3885005],[120.4117594,23.388769],[120.4117556,23.3889781],[120.4116758,23.3890862],[120.4117328,23.3892361],[120.4119151,23.3895952],[120.4120177,23.3896475],[120.4124127,23.3896614],[120.4124963,23.3895185],[120.4125381,23.3893163],[120.4124963,23.3891943],[120.4124127,23.3890967],[120.4123102,23.3889154],[120.4122,23.3883611],[120.4120974,23.3882809],[120.4118847,23.3882669],[120.4116606,23.3882634]]]}},{"type":"Feature","properties":{"name":"","name_en":"","water":"","natural":"water","landuse":""},"geometry":{"type":"Polygon","coordinates":[[[120.4115885,23.3872908],[120.4115239,23.3874477],[120.4114897,23.3876673],[120.4114783,23.3878556],[120.4116758,23.3880961],[120.412105,23.3881519],[120.4124849,23.3881658],[120.4127849,23.3882216],[120.4128609,23.3881693],[120.4128609,23.388002],[120.4128229,23.3879078],[120.4125988,23.3878381],[120.4123215,23.3878033],[120.4122228,23.3877161],[120.4121772,23.3876324],[120.4121696,23.3874581],[120.4120367,23.3873744],[120.4119151,23.3872943],[120.4116454,23.3872594],[120.4115885,23.3872908]]]}},{"type":"Feature","properties":{"name":"","name_en":"","water":"","natural":"water","landuse":""},"geometry":{"type":"Polygon","coordinates":[[[120.4101641,23.3879183],[120.4102704,23.3879253],[120.4105059,23.3878521],[120.4107984,23.3877161],[120.4111251,23.3877335],[120.4113606,23.3877614],[120.4114251,23.3876324],[120.4114175,23.3872559],[120.4114175,23.387099],[120.4112884,23.3869665],[120.4110643,23.3869387],[120.4108934,23.3868515],[120.4108554,23.386726],[120.4107642,23.386719],[120.4106503,23.386862],[120.4106123,23.3869944],[120.4105629,23.387106],[120.4101907,23.3872071],[120.4100919,23.3872594],[120.4101033,23.3874267],[120.4100881,23.3877266],[120.4101261,23.3879044],[120.4101641,23.3879183]]]}},{"type":"Feature","properties":{"name":"","name_en":"","water":"","natural":"water","landuse":""},"geometry":{"type":"Polygon","coordinates":[[[120.4383102,23.4055167],[120.4382537,23.4057409],[120.4383145,23.4059048],[120.4384588,23.4060233],[120.4386867,23.4061244],[120.438907,23.4062324],[120.4390827,23.4063147],[120.4391713,23.4060994],[120.4387469,23.4058727],[120.4384944,23.405641],[120.4383102,23.4055167]]]}},{"type":"Feature","properties":{"name":"","name_en":"","water":"","natural":"water","landuse":""},"geometry":{"type":"Polygon","coordinates":[[[120.4319513,23.4018692],[120.4318544,23.4020644],[120.4317519,23.4023607],[120.431824,23.4024792],[120.4319266,23.402521],[120.4320633,23.4023398],[120.4322988,23.4021724],[120.4323292,23.4020888],[120.4325685,23.4019528],[120.4324849,23.4017437],[120.432371,23.401796],[120.4322304,23.40204],[120.4320823,23.4020679],[120.4320481,23.4019981],[120.4320234,23.4018552],[120.4319513,23.4018692]]]}},{"type":"Feature","properties":{"name":"","name_en":"","water":"pond","natural":"water","landuse":""},"geometry":{"type":"Polygon","coordinates":[[[120.4383295,23.393021],[120.4382308,23.3930245],[120.4381662,23.3929791],[120.4381662,23.3928641],[120.4382118,23.3924981],[120.4382384,23.3923621],[120.4382194,23.3922471],[120.4381586,23.3920902],[120.4385423,23.3920239],[120.4391082,23.3919472],[120.4395184,23.3919472],[120.4399021,23.3920135],[120.4399742,23.3922052],[120.4400692,23.3922122],[120.4401376,23.392139],[120.4402477,23.392017],[120.4402857,23.3918775],[120.4402515,23.3916858],[120.4402667,23.3914906],[120.4403123,23.3913895],[120.4402895,23.3912814],[120.440544,23.391257],[120.4406731,23.3912361],[120.4407339,23.3913372],[120.4407491,23.3914696],[120.440863,23.3915254],[120.4410378,23.3915045],[120.4412239,23.3915289],[120.4413834,23.391515],[120.441505,23.3914418],[120.4415354,23.3912988],[120.4415467,23.3911942],[120.4416607,23.3910618],[120.441881,23.390992],[120.4420671,23.3911629],[120.4421583,23.3913267],[120.4422039,23.3914975],[120.442333,23.39163],[120.4425039,23.3917172],[120.4426749,23.3917416],[120.442842,23.3917625],[120.4428154,23.3919228],[120.4428116,23.3922575],[120.4428116,23.392383],[120.4426825,23.3924179],[120.4426103,23.3925434],[120.4425799,23.3926584],[120.4425951,23.3928536],[120.4425685,23.3929164],[120.4424697,23.3928571],[120.44239,23.3928118],[120.442276,23.3927944],[120.4421507,23.392892],[120.4419988,23.3928571],[120.4418696,23.3928885],[120.4416911,23.3929373],[120.4415354,23.3929373],[120.4413986,23.3928502],[120.4412923,23.3927316],[120.4411669,23.3927212],[120.4410758,23.3928188],[120.4410112,23.3929338],[120.4408934,23.3929687],[120.4407187,23.3928955],[120.440601,23.3927839],[120.4405022,23.3927072],[120.4403427,23.3927491],[120.4402249,23.3928641],[120.4401148,23.3929164],[120.4400084,23.3929513],[120.4397083,23.3928327],[120.4395146,23.3927526],[120.4392563,23.3927526],[120.4391044,23.3927386],[120.4388841,23.3928118],[120.4386904,23.3928746],[120.4384131,23.3929582],[120.4383295,23.393021]]]}},{"type":"Feature","properties":{"name":"","name_en":"","water":"","natural":"water","landuse":""},"geometry":{"type":"Polygon","coordinates":[[[120.4121661,23.4082352],[120.4120521,23.4082979],[120.411961,23.4083537],[120.41198,23.4084339],[120.4120521,23.4084827],[120.4123332,23.4084373],[120.4125345,23.408406],[120.4126903,23.4083153],[120.412846,23.4082805],[120.4129372,23.4081236],[120.4127928,23.4081167],[120.4126371,23.408162],[120.4124092,23.4082003],[120.4121661,23.4082352]]]}},{"type":"Feature","properties":{"name":"","name_en":"","water":"","natural":"water","landuse":""},"geometry":{"type":"Polygon","coordinates":[[[120.4022692,23.406874],[120.4021698,23.4068346],[120.4019281,23.4069184],[120.4018986,23.4072141],[120.4019496,23.4074237],[120.4021886,23.4075124],[120.4024653,23.4075839],[120.4027124,23.4076208],[120.4028413,23.4075814],[120.4028708,23.4074532],[120.4028708,23.407367],[120.402562,23.4073078],[120.4023659,23.4072339],[120.4022665,23.4071821],[120.4022692,23.4070342],[120.4022692,23.406874]]]}},{"type":"Feature","properties":{"name":"","name_en":"","water":"","natural":"water","landuse":""},"geometry":{"type":"Polygon","coordinates":[[[120.4045656,23.4073349],[120.4046032,23.4074951],[120.4046704,23.4076332],[120.4047778,23.4076751],[120.4048691,23.4076479],[120.404904,23.4075247],[120.4049013,23.4073867],[120.4049282,23.4073053],[120.4049013,23.407155],[120.4049255,23.4070416],[120.4049255,23.4069455],[120.4048181,23.4068789],[120.4046865,23.4068543],[120.4046489,23.4069553],[120.4046542,23.4070663],[120.4046086,23.4071377],[120.4045549,23.4072388],[120.4045656,23.4073349]]]}},{"type":"Feature","properties":{"name":"","name_en":"","water":"","natural":"water","landuse":""},"geometry":{"type":"Polygon","coordinates":[[[120.4029917,23.4074163],[120.4029273,23.4074532],[120.4029246,23.4075518],[120.4029998,23.407611],[120.4031018,23.407611],[120.4031824,23.4076258],[120.4033597,23.4075814],[120.4035047,23.4075962],[120.4036148,23.4076455],[120.4038243,23.4076726],[120.4039801,23.4076627],[120.4040499,23.4076208],[120.4042326,23.4076208],[120.4042487,23.4075272],[120.4041681,23.4074754],[120.4039747,23.4074163],[120.4037894,23.407431],[120.4035799,23.4074261],[120.4034322,23.4074877],[120.4032898,23.4074754],[120.4031475,23.4074286],[120.4029917,23.4074163]]]}},{"type":"Feature","properties":{"name":"","name_en":"","water":"","natural":"water","landuse":""},"geometry":{"type":"Polygon","coordinates":[[[120.4112293,23.4082065],[120.4114154,23.4081473],[120.411461,23.4078928],[120.4114382,23.4076941],[120.4113622,23.4074571],[120.4112559,23.4073281],[120.4110926,23.407227],[120.411009,23.4071887],[120.4110963,23.4071329],[120.4113508,23.4071364],[120.41148,23.4071085],[120.4117269,23.4071608],[120.4118484,23.4071225],[120.4120118,23.4070353],[120.4120991,23.4070597],[120.4122169,23.4071085],[120.4122169,23.4071922],[120.4123536,23.4071538],[120.4122662,23.4070667],[120.4122017,23.40699],[120.4120649,23.4069307],[120.4119054,23.4069272],[120.4117193,23.4069447],[120.4114686,23.4069516],[120.4112369,23.4069516],[120.4110242,23.4069447],[120.4108798,23.4070667],[120.4108115,23.4072096],[120.4108609,23.4073281],[120.4109672,23.4073769],[120.4110622,23.4074292],[120.4110774,23.4075303],[120.4111267,23.4075895],[120.4110888,23.4076732],[120.4111229,23.4078475],[120.4111343,23.4080531],[120.4111837,23.4081821],[120.4112293,23.4082065]]]}},{"type":"Feature","properties":{"name":"","name_en":"","water":"","natural":"water","landuse":""},"geometry":{"type":"Polygon","coordinates":[[[120.4080849,23.3888436],[120.4082837,23.3889989],[120.4085093,23.3891863],[120.4085496,23.3892504],[120.408563,23.3893342],[120.4085254,23.3894131],[120.4082192,23.3896793],[120.4081171,23.3896892],[120.4080742,23.3896399],[120.4080366,23.389593],[120.4080508,23.3895159],[120.408028,23.3893835],[120.4078077,23.3890976],[120.4077922,23.3890507],[120.4078324,23.3889842],[120.4079882,23.3888313],[120.4080473,23.3888141],[120.4080849,23.3888436]]]}},{"type":"Feature","properties":{"name":"","name_en":"","water":"","natural":"water","landuse":""},"geometry":{"type":"Polygon","coordinates":[[[120.4057604,23.3793915],[120.4057238,23.3794638],[120.4058927,23.3797404],[120.4059744,23.3800196],[120.4061321,23.3800738],[120.4062503,23.3799834],[120.4063658,23.3798412],[120.4064428,23.3797912],[120.4065009,23.3797533],[120.406484,23.3796655],[120.4063123,23.3792622],[120.4057604,23.3793915]]]}},{"type":"Feature","properties":{"name":"","name_en":"","water":"pond","natural":"water","landuse":""},"geometry":{"type":"Polygon","coordinates":[[[120.4429871,23.3917084],[120.4429035,23.3918144],[120.4429234,23.3924139],[120.4430389,23.3925601],[120.4433535,23.392571],[120.4435646,23.3925418],[120.4438513,23.3924943],[120.4438871,23.3923371],[120.4438234,23.3920849],[120.4437159,23.3918839],[120.4435208,23.3918035],[120.443234,23.3917413],[120.4429871,23.3917084]]]}},{"type":"Feature","properties":{"name":"","name_en":"","water":"","natural":"water","landuse":""},"geometry":{"type":"Polygon","coordinates":[[[120.4022543,23.3897183],[120.4018389,23.3898093],[120.4017353,23.3889614],[120.4018986,23.3888992],[120.402072,23.3892934],[120.4022543,23.3897183]]]}},{"type":"Feature","properties":{"name":"","name_en":"","water":"","natural":"water","landuse":""},"geometry":{"type":"Polygon","coordinates":[[[120.4012117,23.388083],[120.4013587,23.3880374],[120.4013936,23.3882935],[120.4013989,23.3884313],[120.4008907,23.3887162],[120.4007471,23.388481],[120.4008795,23.388406],[120.4008795,23.388344],[120.4012117,23.388083]]]}},{"type":"Feature","properties":{"name":"","name_en":"","water":"pond","natural":"water","landuse":""},"geometry":{"type":"Polygon","coordinates":[[[120.4396083,23.3825182],[120.4401544,23.3823535],[120.4401817,23.3823105],[120.440131,23.3820849],[120.4395887,23.3821565],[120.4396083,23.3825182]]]}},{"type":"Feature","properties":{"name":"","name_en":"","water":"","natural":"water","landuse":""},"geometry":{"type":"Polygon","coordinates":[[[120.4454054,23.3801598],[120.445471,23.3802712],[120.4456034,23.3803522],[120.445733,23.3803851],[120.4458268,23.3802611],[120.4458517,23.3801345],[120.4457744,23.379861],[120.4457027,23.3797952],[120.445407,23.3797977],[120.445407,23.3800755],[120.4454054,23.3801598]]]}},{"type":"Feature","properties":{"name":"","name_en":"","water":"","natural":"water","landuse":""},"geometry":{"type":"Polygon","coordinates":[[[120.4517974,23.380897],[120.4519518,23.3809476],[120.4520511,23.38094],[120.4521146,23.3809046],[120.4521284,23.380697],[120.4521615,23.380621],[120.4522139,23.3805147],[120.4522442,23.3804539],[120.4522387,23.3803982],[120.4521808,23.3803729],[120.4520842,23.3804033],[120.452007,23.3804843],[120.4519077,23.3806438],[120.4518967,23.3807375],[120.4517974,23.380897]]]}},{"type":"Feature","properties":{"name":"","name_en":"","water":"","natural":"water","landuse":""},"geometry":{"type":"Polygon","coordinates":[[[120.4521808,23.3810109],[120.4520401,23.3810261],[120.4519739,23.381054],[120.4519463,23.3811198],[120.4520291,23.3811806],[120.452167,23.3811781],[120.4523077,23.3812262],[120.4524649,23.3812768],[120.4525725,23.3812819],[120.452658,23.3812388],[120.4526691,23.3811882],[120.4526084,23.3811249],[120.4524677,23.3810616],[120.452338,23.3810337],[120.4521808,23.3810109]]]}},{"type":"Feature","properties":{"name":"","name_en":"","water":"","natural":"water","landuse":""},"geometry":{"type":"Polygon","coordinates":[[[120.4478082,23.3807069],[120.4479351,23.3807044],[120.4480647,23.3806335],[120.4482496,23.3806158],[120.4484316,23.380636],[120.4485833,23.3806715],[120.4487516,23.3806462],[120.4489144,23.380631],[120.4490799,23.380669],[120.4491654,23.3807424],[120.4491351,23.3808563],[120.4490275,23.3808867],[120.4488895,23.3808816],[120.4487571,23.3809171],[120.4486343,23.3809446],[120.448226,23.3808737],[120.448066,23.3808028],[120.4478682,23.3808464],[120.4477723,23.3807905],[120.447742,23.3807348],[120.4478082,23.3807069]]]}},{"type":"Feature","properties":{"name":"","name_en":"","water":"","natural":"water","landuse":""},"geometry":{"type":"Polygon","coordinates":[[[120.446131,23.3802613],[120.4460234,23.3803018],[120.4459821,23.3804183],[120.4460621,23.380479],[120.4462717,23.3804968],[120.4464951,23.3805348],[120.4466634,23.3806056],[120.446782,23.3807221],[120.4469117,23.3808513],[120.4469862,23.3808614],[120.4471682,23.3808209],[120.4473337,23.3807702],[120.4474772,23.3807702],[120.4475958,23.3807576],[120.4476234,23.3806791],[120.4474634,23.3806841],[120.4472262,23.3806588],[120.447,23.3805575],[120.4468234,23.3804082],[120.4467379,23.3803271],[120.4465807,23.3802588],[120.4464179,23.380236],[120.4462496,23.3802537],[120.446131,23.3802613]]]}},{"type":"Feature","properties":{"name":"","name_en":"","water":"","natural":"water","landuse":""},"geometry":{"type":"Polygon","coordinates":[[[120.4517532,23.3809198],[120.4519215,23.3809856],[120.4518911,23.3811249],[120.4517449,23.3812338],[120.4516539,23.381211],[120.4516208,23.3811148],[120.4516374,23.3810363],[120.4517063,23.380935],[120.4517532,23.3809198]]]}},{"type":"Feature","properties":{"name":"","name_en":"","water":"pond","natural":"water","landuse":""},"geometry":{"type":"Polygon","coordinates":[[[120.4463273,23.4060575],[120.446279,23.4057916],[120.4465794,23.4055603],[120.4466438,23.4055307],[120.4467457,23.4055504],[120.4468369,23.4056341],[120.4469496,23.405772],[120.447014,23.405831],[120.4471642,23.4059492],[120.4472232,23.406023],[120.4472607,23.4061806],[120.4472661,23.4062889],[120.4471159,23.4063775],[120.4469496,23.4064267],[120.4467833,23.4064956],[120.4466867,23.4064513],[120.4466492,23.4063627],[120.4466277,23.4062298],[120.4465902,23.4061609],[120.4465258,23.4061166],[120.4464722,23.4060919],[120.4463273,23.4060575]]]}},{"type":"Feature","properties":{"name":"","name_en":"","water":"","natural":"water","landuse":""},"geometry":{"type":"Polygon","coordinates":[[[120.5101942,23.4415365],[120.5099376,23.4413281],[120.509886,23.441303],[120.5098064,23.4412804],[120.5096068,23.4410841],[120.5097351,23.4409971],[120.5095798,23.4408175],[120.5095131,23.4405514],[120.5100806,23.4405567],[120.5106577,23.4410048],[120.5101942,23.4415365]]]}},{"type":"Feature","properties":{"name":"","name_en":"","water":"","natural":"water","landuse":""},"geometry":{"type":"Polygon","coordinates":[[[120.4964646,23.4515157],[120.4970274,23.4513513],[120.49685,23.4507847],[120.4968266,23.45071],[120.4966813,23.4505816],[120.4961214,23.4508243],[120.4964646,23.4515157]]]}},{"type":"Feature","properties":{"name":"","name_en":"","water":"","natural":"water","landuse":""},"geometry":{"type":"Polygon","coordinates":[[[120.498683,23.4469398],[120.4998287,23.4472653],[120.4999655,23.4471026],[120.4999757,23.4468235],[120.499418,23.4467956],[120.498778,23.446611],[120.498683,23.4469398]]]}},{"type":"Feature","properties":{"name":"","name_en":"","water":"","natural":"water","landuse":""},"geometry":{"type":"Polygon","coordinates":[[[120.5073812,23.4384773],[120.5074913,23.4381023],[120.5071784,23.4379541],[120.5069753,23.4374675],[120.5064406,23.4377337],[120.5062697,23.4383785],[120.5073812,23.4384773]]]}},{"type":"Feature","properties":{"name":"","name_en":"","water":"","natural":"water","landuse":""},"geometry":{"type":"Polygon","coordinates":[[[120.4968699,23.4506404],[120.4968023,23.4506012],[120.4967881,23.450513],[120.4967845,23.4504771],[120.4968522,23.4504575],[120.4969233,23.4504445],[120.4969909,23.4504249],[120.4970265,23.4503596],[120.4971191,23.4503008],[120.4971902,23.4502486],[120.4972828,23.4502714],[120.4973575,23.4502812],[120.4973682,23.4503204],[120.4973326,23.4503139],[120.4973006,23.4503465],[120.4973219,23.4503824],[120.4973397,23.4504216],[120.4973575,23.4504934],[120.4973895,23.4505555],[120.4974002,23.450673],[120.4973397,23.450722],[120.4972329,23.4507644],[120.4971582,23.4507481],[120.4971262,23.4506795],[120.4970835,23.4506012],[120.4970479,23.4505457],[120.4969945,23.4505653],[120.4969376,23.450624],[120.4968699,23.4506404]]]}},{"type":"Feature","properties":{"name":"","name_en":"","water":"","natural":"water","landuse":""},"geometry":{"type":"Polygon","coordinates":[[[120.497297,23.4515121],[120.4972579,23.4514859],[120.4972685,23.4513227],[120.4972756,23.4512117],[120.4972223,23.4511399],[120.4972294,23.4510321],[120.4972329,23.4509734],[120.4972828,23.450895],[120.4973433,23.4508167],[120.4974251,23.4507514],[120.4974892,23.4507612],[120.4975461,23.4508428],[120.4975426,23.450944],[120.4975354,23.451068],[120.4975034,23.4511399],[120.4975426,23.4511627],[120.4976564,23.4511921],[120.4976351,23.4512444],[120.4975675,23.4512378],[120.4975248,23.4512182],[120.4974856,23.4512313],[120.4974287,23.4512574],[120.4973931,23.4512835],[120.4973611,23.4513096],[120.497329,23.4513717],[120.4973682,23.4514174],[120.4974251,23.4514468],[120.4974038,23.4514957],[120.4973575,23.4515023],[120.497297,23.4515121]]]}},{"type":"Feature","properties":{"name":"","name_en":"","water":"","natural":"water","landuse":""},"geometry":{"type":"Polygon","coordinates":[[[120.4964734,23.4302529],[120.4973345,23.4303546],[120.4976543,23.4304156],[120.4977081,23.4304795],[120.4976606,23.4306828],[120.4977438,23.4307196],[120.4977872,23.4307351],[120.4978252,23.4309559],[120.4978379,23.4310053],[120.498069,23.4310575],[120.4981925,23.4311127],[120.4979547,23.431681],[120.4977461,23.4317721],[120.4977081,23.4317721],[120.4976891,23.4317315],[120.4976701,23.4317082],[120.4976226,23.4316966],[120.4975656,23.4316879],[120.4975308,23.4316966],[120.4975118,23.4317634],[120.497439,23.4317547],[120.4973535,23.431714],[120.4973282,23.4316007],[120.4973124,23.4314787],[120.497268,23.4314206],[120.4971889,23.4314236],[120.4971066,23.431441],[120.4970794,23.4314494],[120.496869,23.4312912],[120.4967391,23.4312388],[120.4966004,23.431207],[120.4965198,23.4312183],[120.4964828,23.4312029],[120.4964739,23.4311084],[120.4964839,23.4309092],[120.4964425,23.4306853],[120.4964235,23.4304696],[120.4964201,23.4303412],[120.4964269,23.4302929],[120.4964734,23.4302529]]]}},{"type":"Feature","properties":{"name":"","name_en":"","water":"","natural":"water","landuse":""},"geometry":{"type":"Polygon","coordinates":[[[120.5042514,23.4404184],[120.5048426,23.4405072],[120.504896,23.4404644],[120.5049098,23.4403613],[120.504929,23.4400907],[120.5045902,23.4401021],[120.5043187,23.4401166],[120.5042514,23.4404184]]]}},{"type":"Feature","properties":{"name":"","name_en":"","water":"pond","natural":"water","landuse":""},"geometry":{"type":"Polygon","coordinates":[[[120.5363211,23.4400086],[120.5364082,23.4400391],[120.5364767,23.4400372],[120.5365638,23.4400885],[120.536711,23.4400181],[120.5368645,23.4398982],[120.53685,23.4398374],[120.5366737,23.4398621],[120.5366405,23.4398963],[120.5365119,23.4398678],[120.5364186,23.4398488],[120.5363647,23.4398602],[120.536317,23.4399268],[120.5363211,23.4400086]]]}},{"type":"Feature","properties":{"name":"","name_en":"","water":"reservoir","natural":"","landuse":"reservoir"},"geometry":{"type":"Polygon","coordinates":[[[120.5402209,23.448335],[120.5402583,23.4484587],[120.5403765,23.4486224],[120.5404553,23.4487327],[120.5404304,23.4488298],[120.5402064,23.4488773],[120.540084,23.4488431],[120.5400011,23.4487365],[120.5399181,23.4486737],[120.5398393,23.4486129],[120.5398165,23.4484854],[120.5398559,23.4483522],[120.5399596,23.4483293],[120.5400799,23.4483655],[120.5401649,23.4483217],[120.5402209,23.448335]]]}},{"type":"Feature","properties":{"name":"","name_en":"","water":"pond","natural":"water","landuse":""},"geometry":{"type":"Polygon","coordinates":[[[120.5392565,23.448453],[120.5394328,23.4485006],[120.5395427,23.4485596],[120.53969,23.4486243],[120.5398082,23.4487175],[120.5398974,23.4487917],[120.5398911,23.4488697],[120.5397563,23.4488735],[120.5396443,23.4489097],[120.5395074,23.4488945],[120.5394079,23.4488888],[120.5393228,23.4488564],[120.5392378,23.4488336],[120.5392129,23.4487765],[120.5392461,23.4486966],[120.5392503,23.4486205],[120.5392668,23.4485406],[120.5392503,23.448474],[120.5392565,23.448453]]]}},{"type":"Feature","properties":{"name":"","name_en":"","water":"reservoir","natural":"","landuse":"reservoir"},"geometry":{"type":"Polygon","coordinates":[[[120.5390646,23.4491139],[120.5389703,23.4491133],[120.5389226,23.4490752],[120.5388831,23.4490353],[120.5388707,23.4489915],[120.5391196,23.4489535],[120.5393498,23.4489173],[120.5394597,23.4489268],[120.5395925,23.4489592],[120.5397003,23.4489782],[120.539831,23.4489782],[120.540028,23.448982],[120.540111,23.4490201],[120.5401546,23.4490296],[120.5402043,23.4490981],[120.5402085,23.4491685],[120.5401442,23.4491837],[120.5400778,23.449197],[120.5400031,23.4492008],[120.5400135,23.449237],[120.5400612,23.4492446],[120.5401048,23.4492541],[120.5401898,23.4492636],[120.5402541,23.449296],[120.5402562,23.4493683],[120.5401919,23.4494387],[120.5400986,23.4494501],[120.5400467,23.4494843],[120.5400384,23.4496099],[120.5400903,23.4495738],[120.5401442,23.449549],[120.5401566,23.4495738],[120.5401317,23.4496328],[120.5401193,23.4497184],[120.540055,23.4497755],[120.5399907,23.4497013],[120.5399492,23.4497032],[120.5398186,23.4496423],[120.5397543,23.449589],[120.5396858,23.4495814],[120.5396651,23.4495566],[120.5396215,23.4495338],[120.5395116,23.4495148],[120.5393934,23.4494786],[120.5392503,23.4494881],[120.539076,23.4494463],[120.5389765,23.4493816],[120.5388292,23.449315],[120.5386965,23.4492674],[120.5385865,23.4492332],[120.5386384,23.4491951],[120.538852,23.4492408],[120.5390532,23.4492769],[120.5390636,23.4492503],[120.5391071,23.4491913],[120.5391777,23.4491571],[120.5392212,23.4491552],[120.5392731,23.4491989],[120.5393104,23.4491856],[120.5393436,23.4491628],[120.5393685,23.4491019],[120.5393623,23.4490581],[120.5393913,23.4490105],[120.5393664,23.4489744],[120.5392668,23.4489858],[120.5391777,23.4490334],[120.5391217,23.4491057],[120.5390646,23.4491139]]]}},{"type":"Feature","properties":{"name":"","name_en":"","water":"pond","natural":"water","landuse":""},"geometry":{"type":"Polygon","coordinates":[[[120.5357341,23.4397688],[120.5358565,23.4398107],[120.5361573,23.4399211],[120.5362444,23.4397898],[120.5361324,23.439746],[120.5360618,23.4397365],[120.5359623,23.4396223],[120.5358316,23.4395652],[120.5357839,23.4395767],[120.5357341,23.4397688]]]}},{"type":"Feature","properties":{"name":"","name_en":"","water":"","natural":"water","landuse":""},"geometry":{"type":"Polygon","coordinates":[[[120.5519268,23.4523258],[120.5523146,23.452492],[120.5525321,23.452482],[120.5526517,23.4525618],[120.5529562,23.4524056],[120.5529634,23.4523557],[120.5528728,23.4522027],[120.5527315,23.4521495],[120.5525212,23.4522393],[120.5521515,23.4521728],[120.5519377,23.4522027],[120.5519268,23.4523258]]]}},{"type":"Feature","properties":{"name":"","name_en":"","water":"","natural":"water","landuse":""},"geometry":{"type":"Polygon","coordinates":[[[120.5004717,23.4401605],[120.5006792,23.4402457],[120.5009971,23.4400478],[120.5009895,23.4398256],[120.5010123,23.4395686],[120.5016065,23.439652],[120.5016934,23.439396],[120.5015043,23.439395],[120.5013716,23.4392652],[120.5010908,23.4392076],[120.5010236,23.4393846],[120.5008306,23.4394158],[120.5007023,23.4393372],[120.5006475,23.4395292],[120.5006679,23.4396207],[120.5005959,23.4397666],[120.5004717,23.4401605]]]}},{"type":"Feature","properties":{"name":"","name_en":"","water":"","natural":"water","landuse":""},"geometry":{"type":"Polygon","coordinates":[[[120.5076516,23.4403895],[120.5076373,23.4403524],[120.5077202,23.4403282],[120.5077306,23.4403677],[120.5076516,23.4403895]]]}},{"type":"Feature","properties":{"name":"","name_en":"","water":"","natural":"water","landuse":""},"geometry":{"type":"Polygon","coordinates":[[[120.5143918,23.3903731],[120.5144948,23.3901642],[120.5145601,23.3901932],[120.5145106,23.3902696],[120.5145126,23.3902986],[120.5145483,23.3903259],[120.5144809,23.3904131],[120.5143918,23.3903731]]]}},{"type":"Feature","properties":{"name":"","name_en":"","water":"","natural":"water","landuse":""},"geometry":{"type":"Polygon","coordinates":[[[120.4968662,23.4199372],[120.4969777,23.4199909],[120.4971898,23.4199825],[120.4973086,23.4199725],[120.4974073,23.4199909],[120.4974768,23.4200211],[120.4975773,23.4200161],[120.4975919,23.4198919],[120.4975481,23.4198383],[120.4968717,23.4197779],[120.4968662,23.4199372]]]}},{"type":"Feature","properties":{"name":"","name_en":"","water":"","natural":"water","landuse":""},"geometry":{"type":"Polygon","coordinates":[[[120.5000827,23.4307708],[120.5001848,23.4307151],[120.5002081,23.4306308],[120.5001796,23.4306012],[120.5000762,23.4305976],[120.5000387,23.4306071],[120.5000232,23.4306391],[120.5000336,23.4306925],[120.5000491,23.430734],[120.5000685,23.4307696],[120.5000827,23.4307708]]]}},{"type":"Feature","properties":{"name":"","name_en":"","water":"","natural":"water","landuse":""},"geometry":{"type":"Polygon","coordinates":[[[120.4959247,23.4202375],[120.4960838,23.4203012],[120.4961532,23.4203381],[120.4962739,23.4203482],[120.4964275,23.4203381],[120.4964878,23.4202694],[120.4964402,23.4197074],[120.496018,23.4196588],[120.4958991,23.4198131],[120.4958352,23.4200446],[120.4958498,23.4201721],[120.4959247,23.4202375]]]}},{"type":"Feature","properties":{"name":"","name_en":"","water":"","natural":"water","landuse":""},"geometry":{"type":"Polygon","coordinates":[[[120.5003748,23.4301588],[120.5004744,23.4303652],[120.5006786,23.4303616],[120.500729,23.4302881],[120.5007497,23.4301695],[120.5008117,23.4301031],[120.5008518,23.4298896],[120.5006657,23.4299145],[120.5006023,23.429918],[120.5003942,23.4299595],[120.5003981,23.4300141],[120.5004278,23.4300805],[120.5004123,23.4301493],[120.5003748,23.4301588]]]}},{"type":"Feature","properties":{"name":"","name_en":"","water":"","natural":"water","landuse":""},"geometry":{"type":"Polygon","coordinates":[[[120.4997957,23.4309155],[120.4999276,23.4308847],[120.499956,23.4308194],[120.4999793,23.4307506],[120.4999961,23.4306878],[120.4999508,23.4306012],[120.499947,23.4305241],[120.4999767,23.430485],[120.5000026,23.430428],[120.4999883,23.4304043],[120.499947,23.4303996],[120.4999082,23.430466],[120.499903,23.4305798],[120.499894,23.4306771],[120.4998681,23.4307293],[120.4998022,23.4307767],[120.4997505,23.4307933],[120.4997582,23.4308621],[120.4997957,23.4309155]]]}},{"type":"Feature","properties":{"name":"","name_en":"","water":"","natural":"water","landuse":""},"geometry":{"type":"Polygon","coordinates":[[[120.4989086,23.4170827],[120.4990301,23.4172345],[120.4992292,23.4170815],[120.4990792,23.4169546],[120.4989086,23.4170827]]]}},{"type":"Feature","properties":{"name":"","name_en":"","water":"","natural":"water","landuse":""},"geometry":{"type":"Polygon","coordinates":[[[120.5060457,23.4479655],[120.5062348,23.4480466],[120.5063071,23.448102],[120.5062629,23.4482071],[120.5062388,23.4482551],[120.5061986,23.4482699],[120.5061483,23.4482606],[120.5060578,23.4482237],[120.5060236,23.4481463],[120.5060196,23.4480854],[120.5060136,23.4480024],[120.5060457,23.4479655]]]}},{"type":"Feature","properties":{"name":"","name_en":"","water":"","natural":"water","landuse":""},"geometry":{"type":"Polygon","coordinates":[[[120.5414586,23.4466756],[120.5414676,23.446686],[120.5414799,23.4466923],[120.5414937,23.4466933],[120.5415068,23.4466891],[120.5415173,23.4466801],[120.5415236,23.4466678],[120.5415246,23.446654],[120.5415203,23.4466409],[120.5415114,23.4466304],[120.541499,23.4466241],[120.5414853,23.4466231],[120.5414721,23.4466273],[120.5414617,23.4466363],[120.5414554,23.4466487],[120.5414544,23.4466624],[120.5414586,23.4466756]]]}},{"type":"Feature","properties":{"name":"","name_en":"","water":"","natural":"water","landuse":""},"geometry":{"type":"Polygon","coordinates":[[[120.5397813,23.4462383],[120.5398233,23.4463153],[120.5398953,23.4463415],[120.5399568,23.4463745],[120.5399328,23.446446],[120.5398698,23.4464281],[120.5397453,23.4463772],[120.5397064,23.4463222],[120.5396944,23.4461709],[120.5396974,23.4459824],[120.5397693,23.4459452],[120.5398818,23.445915],[120.5399388,23.4458861],[120.5399463,23.4458187],[120.5399418,23.4456811],[120.5399373,23.4456467],[120.5400153,23.4456316],[120.5401217,23.445677],[120.5401937,23.4456508],[120.5402867,23.4456481],[120.5402942,23.445721],[120.5402177,23.4457719],[120.5401772,23.4458118],[120.5401907,23.4458806],[120.5402297,23.4459219],[120.5402642,23.4459356],[120.5403422,23.4459466],[120.5403752,23.445926],[120.5404036,23.4458655],[120.540397,23.4458411],[120.5403886,23.4458104],[120.5403731,23.4457717],[120.5403677,23.4457581],[120.5404066,23.4456907],[120.5404351,23.4456921],[120.5404756,23.4457072],[120.5405041,23.4457361],[120.5405446,23.4457912],[120.5406091,23.4458806],[120.5406016,23.4459053],[120.5405431,23.4458641],[120.5405071,23.4459136],[120.5405506,23.4459452],[120.5405611,23.4459342],[120.5406046,23.4459535],[120.5406391,23.4459164],[120.5406811,23.4459686],[120.540711,23.4460113],[120.5407365,23.4460333],[120.540717,23.4460911],[120.5406841,23.4461103],[120.5406226,23.4461186],[120.5405761,23.4461392],[120.5405251,23.4461612],[120.5404441,23.4461599],[120.5402972,23.4461227],[120.5402147,23.4461035],[120.5400632,23.4460732],[120.5399238,23.4460636],[120.5398473,23.4460759],[120.5398038,23.446109],[120.5397858,23.4461392],[120.5397813,23.4461626],[120.5397783,23.4461901],[120.5397813,23.4462383]]]}},{"type":"Feature","properties":{"name":"","name_en":"","water":"","natural":"water","landuse":""},"geometry":{"type":"Polygon","coordinates":[[[120.5553676,23.4465715],[120.5554622,23.4466847],[120.5556056,23.4467583],[120.5556601,23.4467583],[120.5556974,23.4467478],[120.5558465,23.4465242],[120.5558436,23.4464427],[120.5557977,23.4463795],[120.5557318,23.4463769],[120.5556199,23.4464611],[120.5555483,23.4465032],[120.5554364,23.446511],[120.5553648,23.4465084],[120.5553418,23.4465426],[120.5553676,23.4465715]]]}},{"type":"Feature","properties":{"name":"","name_en":"","water":"","natural":"water","landuse":""},"geometry":{"type":"Polygon","coordinates":[[[120.5270136,23.4267732],[120.5270615,23.4267654],[120.5270925,23.4267874],[120.5271023,23.4268119],[120.5271319,23.426808],[120.5271728,23.426777],[120.5272235,23.4267408],[120.5272854,23.426715],[120.527315,23.4267137],[120.5273305,23.4266995],[120.5273206,23.426653],[120.5272981,23.4266052],[120.5272404,23.4265522],[120.5271615,23.4265393],[120.5270643,23.4265548],[120.5270038,23.4265871],[120.5269826,23.4266039],[120.5269671,23.4266323],[120.5269883,23.426684],[120.527008,23.426737],[120.5270136,23.4267732]]]}},{"type":"Feature","properties":{"name":"生態水池","name_en":"","water":"pond","natural":"water","landuse":""},"geometry":{"type":"Polygon","coordinates":[[[120.4638169,23.4593043],[120.4637793,23.4592522],[120.463751,23.4590723],[120.4637373,23.4589152],[120.4637236,23.4588738],[120.4636386,23.4587373],[120.4636458,23.4586904],[120.4636929,23.4586588],[120.4637625,23.458645],[120.4640249,23.4586792],[120.4642139,23.4587215],[120.4643942,23.4587701],[120.4645915,23.4588458],[120.4646817,23.4589106],[120.4647598,23.4589928],[120.4648032,23.4590618],[120.4648225,23.4591371],[120.4647919,23.4592145],[120.4647115,23.4592619],[120.4645768,23.4593054],[120.4642513,23.4593538],[120.4640339,23.4593587],[120.4638995,23.4593401],[120.4638169,23.4593043]]]}},{"type":"Feature","properties":{"name":"","name_en":"","water":"pond","natural":"water","landuse":""},"geometry":{"type":"Polygon","coordinates":[[[120.4633941,23.4595571],[120.4634249,23.4593932],[120.4635296,23.4593423],[120.4636837,23.4594328],[120.4637823,23.4595063],[120.4640411,23.459591],[120.4642876,23.4596024],[120.4644724,23.4595797],[120.4644971,23.4596758],[120.4644971,23.4598002],[120.4643862,23.4598172],[120.4640534,23.4597663],[120.4638562,23.4597663],[120.463696,23.4596702],[120.4634618,23.4596137],[120.4633941,23.4595571]]]}},{"type":"Feature","properties":{"name":"","name_en":"","water":"pond","natural":"water","landuse":""},"geometry":{"type":"Polygon","coordinates":[[[120.4618087,23.4587633],[120.4617542,23.458714],[120.4617264,23.4586377],[120.4617353,23.4585464],[120.461775,23.4584946],[120.4618363,23.4584624],[120.4619042,23.4584076],[120.4619851,23.4583973],[120.4620928,23.4584093],[120.4622659,23.458439],[120.4624092,23.4584801],[120.462562,23.4584942],[120.4627942,23.458546],[120.4628789,23.4585766],[120.4629596,23.4586059],[120.4629746,23.4586337],[120.4629794,23.4586746],[120.4629627,23.4587205],[120.4629431,23.4587878],[120.4629343,23.4588552],[120.4629255,23.4589153],[120.4628737,23.4589754],[120.4628395,23.459088],[120.4628411,23.4591562],[120.4628534,23.459249],[120.4628234,23.4592845],[120.462784,23.4592955],[120.4627159,23.4592829],[120.4623877,23.4591218],[120.4622049,23.4590372],[120.4620408,23.4589328],[120.4619288,23.4588678],[120.4618087,23.4587633]]]}},{"type":"Feature","properties":{"name":"噴水池","name_en":"","water":"","natural":"water","landuse":""},"geometry":{"type":"Polygon","coordinates":[[[120.4752265,23.5625282],[120.4751873,23.5625278],[120.4751501,23.5625392],[120.4751191,23.5625613],[120.4750978,23.5625915],[120.4750885,23.5626265],[120.4750924,23.5626622],[120.4751081,23.5626937],[120.4751338,23.5627189],[120.4751669,23.5627353],[120.475204,23.5627413],[120.4752413,23.5627362],[120.4752748,23.5627205],[120.4753012,23.5626958],[120.4753177,23.5626648],[120.4753225,23.5626291],[120.4753142,23.5625939],[120.4752938,23.5625633],[120.4752634,23.5625405],[120.4752265,23.5625282]]]}},{"type":"Feature","properties":{"name":"寧靜湖","name_en":"","water":"lake","natural":"water","landuse":""},"geometry":{"type":"Polygon","coordinates":[[[120.4716534,23.5598357],[120.4716966,23.5598885],[120.4717567,23.5599325],[120.4719075,23.5600117],[120.4717533,23.5602291],[120.4716347,23.5603959],[120.4715087,23.5605729],[120.4714752,23.5606143],[120.4714402,23.5606437],[120.4713819,23.560649],[120.4713237,23.560653],[120.4711127,23.5606351],[120.4707964,23.5606387],[120.4704813,23.560637],[120.470393,23.5606387],[120.4702823,23.5606496],[120.4700965,23.5606931],[120.4699672,23.5607932],[120.4698546,23.5608895],[120.469773,23.5609255],[120.4695806,23.560983],[120.469359,23.5610778],[120.4691958,23.5611593],[120.4689262,23.5612956],[120.4688752,23.5613343],[120.4688475,23.5613784],[120.4688169,23.5614359],[120.4687236,23.5616884],[120.4686595,23.5619155],[120.4686449,23.5619729],[120.4686114,23.5619943],[120.4685662,23.562005],[120.4684919,23.5620076],[120.4684015,23.5620183],[120.4683578,23.5620557],[120.4682703,23.5622027],[120.4681144,23.5625139],[120.4680401,23.5626342],[120.4679599,23.5627531],[120.46789,23.5628105],[120.4677547,23.5627389],[120.4676932,23.5627063],[120.4676509,23.5626996],[120.4676247,23.562693],[120.4675926,23.5626983],[120.4675227,23.5627891],[120.4674673,23.5630229],[120.4674352,23.5631538],[120.467428,23.5631752],[120.4674309,23.5632113],[120.4674615,23.5631699],[120.467495,23.5631164],[120.4675198,23.563059],[120.4675387,23.5629922],[120.4675562,23.5629254],[120.4675664,23.5628733],[120.4675985,23.5627611],[120.467613,23.5627517],[120.4676699,23.5627544],[120.4678491,23.5628372],[120.4679133,23.5628653],[120.4679468,23.562864],[120.4681013,23.5627451],[120.4681587,23.5626649],[120.4682179,23.5625687],[120.4682692,23.5624655],[120.4683155,23.5623763],[120.4683869,23.5622134],[120.4684103,23.5621292],[120.4684496,23.5620945],[120.46847,23.5620878],[120.4685385,23.5620811],[120.4686216,23.5620651],[120.468658,23.5620424],[120.4686915,23.5620063],[120.4688198,23.5616256],[120.4688664,23.5615053],[120.468916,23.5613958],[120.4689524,23.5613544],[120.4690617,23.5612943],[120.4692337,23.5612061],[120.4693955,23.5611273],[120.4695893,23.5610418],[120.469738,23.5610003],[120.4698925,23.5609389],[120.4700047,23.5608414],[120.4701256,23.5607559],[120.4702874,23.5607158],[120.4704682,23.560704],[120.4708136,23.5607051],[120.4711007,23.5607105],[120.4713878,23.5607358],[120.4714461,23.5607305],[120.4715002,23.5607076],[120.4718403,23.5602871],[120.4719906,23.5600696],[120.4721624,23.5601658],[120.4722272,23.5601812],[120.4723184,23.5601746],[120.4724048,23.560124],[120.4724,23.5600646],[120.4724552,23.5600426],[120.4724985,23.5598401],[120.4726974,23.5596961],[120.473029,23.559455],[120.4730866,23.5593274],[120.4731922,23.5592152],[120.4733555,23.5591315],[120.4735187,23.5590611],[120.4736892,23.5589929],[120.473826,23.5589269],[120.4739292,23.5588565],[120.4739749,23.5588169],[120.4739749,23.5587728],[120.4739196,23.5587178],[120.4738454,23.5587028],[120.4737348,23.5587728],[120.4735883,23.5588829],[120.4735139,23.5588191],[120.4734275,23.5587222],[120.4733411,23.558676],[120.4732667,23.5586738],[120.4731514,23.5587376],[120.4730626,23.5588301],[120.4729882,23.5589247],[120.4729186,23.5589841],[120.4728201,23.5590127],[120.4726809,23.5589907],[120.4725513,23.5589731],[120.4724672,23.5589577],[120.4722248,23.5591227],[120.4720927,23.5592152],[120.4719799,23.5592108],[120.4718959,23.5592328],[120.4717455,23.5593684],[120.4717024,23.5594362],[120.4716654,23.5595096],[120.4716198,23.5596883],[120.4716198,23.5597675],[120.4716534,23.5598357]]]}},{"type":"Feature","properties":{"name":"滯洪池","name_en":"","water":"basin","natural":"water","landuse":""},"geometry":{"type":"Polygon","coordinates":[[[120.473998,23.5653274],[120.4740745,23.5653572],[120.4741445,23.5653736],[120.474195,23.5653602],[120.4742292,23.5653154],[120.4742455,23.5652512],[120.4741934,23.5651945],[120.4741283,23.5651378],[120.474055,23.5651109],[120.4739475,23.5651124],[120.4738873,23.5651393],[120.4738628,23.5652005],[120.4739149,23.5652811],[120.473998,23.5653274]]]}},{"type":"Feature","properties":{"name":"","name_en":"","water":"","natural":"water","landuse":""},"geometry":{"type":"Polygon","coordinates":[[[120.5429187,23.4260765],[120.5429986,23.4262875],[120.5430068,23.4263299],[120.5430506,23.4263419],[120.5433257,23.4261552],[120.543348,23.4261872],[120.5434371,23.4262292],[120.5434873,23.4262457],[120.5435366,23.4262193],[120.5437435,23.4260638],[120.5435923,23.4259383],[120.5434702,23.4258675],[120.5433629,23.4258541],[120.543179,23.4258802],[120.5430395,23.4259103],[120.5429479,23.4259553],[120.5429187,23.4260765]]]}},{"type":"Feature","properties":{"name":"","name_en":"","water":"","natural":"water","landuse":""},"geometry":{"type":"Polygon","coordinates":[[[120.505413,23.3946776],[120.5052012,23.394775],[120.5050643,23.3947832],[120.5049975,23.3948665],[120.5048159,23.3948833],[120.5045759,23.3950176],[120.5044083,23.3951694],[120.5043479,23.395227],[120.5043203,23.3951526],[120.5044214,23.3950186],[120.5047763,23.3947547],[120.5047962,23.3946979],[120.504744,23.3945983],[120.504605,23.3945543],[120.5043426,23.3945288],[120.5041221,23.3944486],[120.5040626,23.3943486],[120.5040989,23.3943181],[120.5043233,23.394437],[120.5045936,23.3944493],[120.5049346,23.3945019],[120.5051841,23.3945392],[120.5053629,23.3945156],[120.505413,23.3946776]]]}},{"type":"Feature","properties":{"name":"","name_en":"","water":"","natural":"water","landuse":""},"geometry":{"type":"Polygon","coordinates":[[[120.5393329,23.3926707],[120.5393292,23.3928162],[120.5392209,23.3928984],[120.5389671,23.392917],[120.538954,23.3928293],[120.5391859,23.3927836],[120.5392844,23.3926371],[120.5393329,23.3926707]]]}},{"type":"Feature","properties":{"name":"","name_en":"","water":"","natural":"water","landuse":""},"geometry":{"type":"Polygon","coordinates":[[[120.5258199,23.4107235],[120.5259888,23.4107947],[120.5262356,23.4108],[120.5262845,23.4107578],[120.5263505,23.4107287],[120.5261235,23.4104701],[120.5261736,23.4103289],[120.525973,23.4102325],[120.5257816,23.4103605],[120.5258199,23.4107235]]]}},{"type":"Feature","properties":{"name":"","name_en":"","water":"","natural":"water","landuse":""},"geometry":{"type":"Polygon","coordinates":[[[120.493273,23.4164135],[120.4933047,23.4164304],[120.4934167,23.4164145],[120.4934614,23.4164145],[120.4936249,23.4163748],[120.493615,23.4161934],[120.4935942,23.4161518],[120.4935387,23.4161657],[120.4934445,23.4162142],[120.4933265,23.4162866],[120.4932898,23.4163302],[120.4932611,23.4163768],[120.493273,23.4164135]]]}},{"type":"Feature","properties":{"name":"","name_en":"","water":"","natural":"water","landuse":""},"geometry":{"type":"Polygon","coordinates":[[[120.4939382,23.416242],[120.4940056,23.416239],[120.4941117,23.4162063],[120.4942267,23.4161072],[120.4943516,23.4160715],[120.4943447,23.4160229],[120.4943031,23.4159763],[120.4941742,23.4159039],[120.4939709,23.4158732],[120.4938123,23.4160685],[120.4937459,23.4161627],[120.4937518,23.416236],[120.4938123,23.4162469],[120.4939382,23.416242]]]}},{"type":"Feature","properties":{"name":"","name_en":"","water":"","natural":"water","landuse":""},"geometry":{"type":"Polygon","coordinates":[[[120.5382138,23.4288756],[120.5383615,23.4289441],[120.5384706,23.4287461],[120.538323,23.4286776],[120.5382138,23.4288756]]]}},{"type":"Feature","properties":{"name":"","name_en":"","water":"pond","natural":"water","landuse":""},"geometry":{"type":"Polygon","coordinates":[[[120.3029244,23.4389633],[120.3034072,23.4390322],[120.3038203,23.4387123],[120.3039544,23.4383825],[120.3036754,23.4382398],[120.3035467,23.4384219],[120.3029298,23.4383875],[120.3029244,23.4389633]]]}},{"type":"Feature","properties":{"name":"","name_en":"","water":"pond","natural":"water","landuse":""},"geometry":{"type":"Polygon","coordinates":[[[120.3016316,23.4383235],[120.3021305,23.4383087],[120.3025596,23.4389535],[120.3027527,23.4389978],[120.3026723,23.4383186],[120.3022324,23.4379839],[120.3022163,23.4378165],[120.3016155,23.4379888],[120.3016316,23.4383235]]]}},{"type":"Feature","properties":{"name":"","name_en":"","water":"pond","natural":"water","landuse":""},"geometry":{"type":"Polygon","coordinates":[[[120.3158577,23.4367596],[120.315886,23.4367888],[120.3160913,23.4367531],[120.3161408,23.4367044],[120.3162116,23.4364966],[120.316201,23.4364154],[120.3159745,23.4363862],[120.3159426,23.4365161],[120.3158577,23.4367596]]]}},{"type":"Feature","properties":{"name":"","name_en":"","water":"pond","natural":"water","landuse":""},"geometry":{"type":"Polygon","coordinates":[[[120.3159426,23.4363277],[120.3161833,23.436331],[120.3161762,23.4360809],[120.3162152,23.4359673],[120.3161904,23.435938],[120.3159674,23.4359283],[120.3159426,23.4360192],[120.3159603,23.4360679],[120.3159179,23.4361946],[120.3159426,23.4363277]]]}},{"type":"Feature","properties":{"name":"","name_en":"","water":"pond","natural":"water","landuse":""},"geometry":{"type":"Polygon","coordinates":[[[120.3159426,23.4358504],[120.3160736,23.4356036],[120.3165514,23.4355711],[120.3165691,23.4356133],[120.3165691,23.4357367],[120.3164204,23.4357757],[120.3163603,23.4358893],[120.3159426,23.4358504]]]}},{"type":"Feature","properties":{"name":"","name_en":"","water":"pond","natural":"water","landuse":""},"geometry":{"type":"Polygon","coordinates":[[[120.3184236,23.4325317],[120.3189191,23.4324277],[120.3189545,23.4322134],[120.3188802,23.4321777],[120.3187032,23.4322297],[120.3185617,23.4323855],[120.3183988,23.4324602],[120.3184236,23.4325317]]]}},{"type":"Feature","properties":{"name":"","name_en":"","water":"pond","natural":"water","landuse":""},"geometry":{"type":"Polygon","coordinates":[[[120.3001613,23.4379739],[120.3003036,23.4376382],[120.3004174,23.4376717],[120.3004499,23.4378023],[120.3006938,23.4378508],[120.3007751,23.4379664],[120.3009215,23.4379813],[120.3012955,23.4379664],[120.3014216,23.4382574],[120.3012671,23.4383058],[120.3010801,23.4384401],[120.3004743,23.4383693],[120.3002954,23.4382574],[120.3001613,23.4379739]]]}},{"type":"Feature","properties":{"name":"","name_en":"","water":"pond","natural":"water","landuse":""},"geometry":{"type":"Polygon","coordinates":[[[120.2988156,23.4377463],[120.2994823,23.4383096],[120.2999295,23.4381119],[120.3001572,23.4376083],[120.3000312,23.4373435],[120.3000962,23.4371085],[120.300084,23.4368698],[120.2997425,23.4367915],[120.299588,23.4370115],[120.2994213,23.4373286],[120.2991327,23.4373733],[120.2988156,23.4377463]]]}},{"type":"Feature","properties":{"name":"","name_en":"","water":"pond","natural":"water","landuse":""},"geometry":{"type":"Polygon","coordinates":[[[120.3037037,23.4381662],[120.3040152,23.4383059],[120.3040612,23.4381175],[120.3045743,23.4374486],[120.304907,23.437244],[120.3050663,23.4369745],[120.3048964,23.4368803],[120.3047018,23.4368511],[120.304546,23.4370037],[120.3044009,23.4370395],[120.3042523,23.4371888],[120.3041355,23.4373966],[120.304093,23.4374324],[120.3039727,23.4377408],[120.3037037,23.4381662]]]}},{"type":"Feature","properties":{"name":"","name_en":"","water":"pond","natural":"water","landuse":""},"geometry":{"type":"Polygon","coordinates":[[[120.3051937,23.4374226],[120.3056644,23.4374096],[120.3057918,23.4373252],[120.3055653,23.4371986],[120.3055405,23.4368186],[120.3053777,23.4367862],[120.3052362,23.4370784],[120.3051937,23.4374226]]]}},{"type":"Feature","properties":{"name":"","name_en":"","water":"pond","natural":"water","landuse":""},"geometry":{"type":"Polygon","coordinates":[[[120.3046788,23.4374843],[120.3050928,23.4374551],[120.3050645,23.4372359],[120.3050309,23.4372278],[120.304976,23.437257],[120.3048557,23.4373739],[120.3046788,23.4374843]]]}},{"type":"Feature","properties":{"name":"","name_en":"","water":"pond","natural":"water","landuse":""},"geometry":{"type":"Polygon","coordinates":[[[120.3107213,23.4422813],[120.3114043,23.4422618],[120.3113902,23.4415183],[120.3111495,23.4415345],[120.3111247,23.4414208],[120.3107248,23.4414338],[120.3106717,23.4419014],[120.3107213,23.4422813]]]}},{"type":"Feature","properties":{"name":"","name_en":"","water":"pond","natural":"water","landuse":""},"geometry":{"type":"Polygon","coordinates":[[[120.3178147,23.4275136],[120.318614,23.4272896],[120.3187428,23.4271617],[120.318504,23.4261871],[120.317679,23.4263495],[120.3175103,23.4264147],[120.3178147,23.4275136]]]}},{"type":"Feature","properties":{"name":"","name_en":"","water":"pond","natural":"water","landuse":""},"geometry":{"type":"Polygon","coordinates":[[[120.3085856,23.4424438],[120.3087686,23.4424663],[120.3090014,23.4425117],[120.3091874,23.4424663],[120.3092979,23.4423901],[120.3093355,23.4423129],[120.3093208,23.442171],[120.3092472,23.4420224],[120.3091328,23.4419517],[120.308995,23.4419088],[120.3088035,23.4418853],[120.3087078,23.441926],[120.3086167,23.442031],[120.3085957,23.4421959],[120.3085856,23.4424438]]]}},{"type":"Feature","properties":{"name":"","name_en":"","water":"pond","natural":"water","landuse":""},"geometry":{"type":"Polygon","coordinates":[[[120.3311811,23.4338967],[120.3314996,23.4339487],[120.3317545,23.4339097],[120.331896,23.4335265],[120.3316271,23.4330459],[120.3309688,23.4331823],[120.3308838,23.4331953],[120.330898,23.4333252],[120.3310891,23.4336629],[120.3311811,23.4338967]]]}},{"type":"Feature","properties":{"name":"","name_en":"","water":"pond","natural":"water","landuse":""},"geometry":{"type":"Polygon","coordinates":[[[120.3356482,23.4337613],[120.3357769,23.4337219],[120.3359057,23.4338204],[120.3359111,23.4339385],[120.3360022,23.4340419],[120.3360934,23.4340172],[120.3360774,23.433968],[120.3361739,23.4339434],[120.3362276,23.4339188],[120.3361954,23.4337711],[120.3360237,23.4336875],[120.335793,23.4333577],[120.3355087,23.4334168],[120.3356482,23.4337613]]]}},{"type":"Feature","properties":{"name":"","name_en":"","water":"pond","natural":"water","landuse":""},"geometry":{"type":"Polygon","coordinates":[[[120.336646,23.4342535],[120.3370429,23.4345439],[120.3371234,23.4342929],[120.3371395,23.4338007],[120.3368713,23.4334906],[120.3366835,23.4335447],[120.3367479,23.4336579],[120.336705,23.433845],[120.3366567,23.4338991],[120.336646,23.4342535]]]}},{"type":"Feature","properties":{"name":"","name_en":"","water":"pond","natural":"water","landuse":""},"geometry":{"type":"Polygon","coordinates":[[[120.3343661,23.4333872],[120.3342213,23.4331264],[120.3345109,23.4329],[120.3348328,23.4329935],[120.3352566,23.4329935],[120.3354873,23.4329196],[120.3356697,23.4328901],[120.3358628,23.4329246],[120.3359969,23.4329836],[120.3359486,23.4331018],[120.3357394,23.4331018],[120.3357072,23.43321],[120.3353907,23.4333725],[120.3353478,23.4332642],[120.3348113,23.4332002],[120.3346397,23.4333577],[120.3343661,23.4333872]]]}},{"type":"Feature","properties":{"name":"","name_en":"","water":"pond","natural":"water","landuse":""},"geometry":{"type":"Polygon","coordinates":[[[120.336013,23.4330821],[120.3362115,23.4331904],[120.3363724,23.4331854],[120.3364046,23.4334611],[120.3365923,23.4334463],[120.3366728,23.4334955],[120.3368337,23.4334512],[120.3366621,23.4331756],[120.3360452,23.4329886],[120.336013,23.4330821]]]}},{"type":"Feature","properties":{"name":"","name_en":"","water":"pond","natural":"water","landuse":""},"geometry":{"type":"Polygon","coordinates":[[[120.3369792,23.4332416],[120.3370039,23.4331312],[120.3373402,23.4330792],[120.3374322,23.4331052],[120.3374499,23.4331864],[120.3373331,23.4332514],[120.3373048,23.4333066],[120.3369792,23.4332416]]]}},{"type":"Feature","properties":{"name":"","name_en":"","water":"pond","natural":"water","landuse":""},"geometry":{"type":"Polygon","coordinates":[[[120.3372906,23.4347126],[120.33728,23.4344886],[120.3375596,23.4346282],[120.3381683,23.4347029],[120.3385046,23.4346542],[120.3387028,23.4345568],[120.3389045,23.4345275],[120.3389222,23.434836],[120.3388585,23.4348685],[120.3387558,23.4348523],[120.338632,23.4347321],[120.3385187,23.4347354],[120.3381471,23.43481],[120.338048,23.4348036],[120.3380055,23.434849],[120.3379064,23.434875],[120.3378038,23.4348198],[120.3372906,23.4347126]]]}},{"type":"Feature","properties":{"name":"龍潭","name_en":"","water":"pond","natural":"water","landuse":""},"geometry":{"type":"Polygon","coordinates":[[[120.3451466,23.4528803],[120.3451409,23.4531334],[120.3450097,23.453504],[120.3449972,23.4539135],[120.3452165,23.4539654],[120.3452199,23.4540144],[120.3450263,23.4540554],[120.3450687,23.4541972],[120.3451395,23.4542217],[120.3451825,23.4543279],[120.3453414,23.454563],[120.3454414,23.4546578],[120.3456613,23.4546081],[120.3457347,23.4545015],[120.3457814,23.454373],[120.3457253,23.4543087],[120.3457347,23.4541973],[120.3457814,23.4540345],[120.3457487,23.453936],[120.3457397,23.4538754],[120.345702,23.4537818],[120.3456366,23.4537218],[120.3456133,23.4535076],[120.3455339,23.4532463],[120.3455619,23.4531092],[120.3455339,23.4529292],[120.3453315,23.4529406],[120.3451466,23.4528803]]]}},{"type":"Feature","properties":{"name":"","name_en":"","water":"pond","natural":"water","landuse":""},"geometry":{"type":"Polygon","coordinates":[[[120.3429897,23.4443905],[120.342915,23.4440648],[120.3434614,23.444172],[120.3438397,23.4441248],[120.3439237,23.4442234],[120.3440078,23.4446133],[120.3435548,23.4447546],[120.3434801,23.4446561],[120.3431392,23.4444033],[120.3429897,23.4443905]]]}},{"type":"Feature","properties":{"name":"內埔子水庫","name_en":"","water":"reservoir","natural":"water","landuse":""},"geometry":{"type":"Polygon","coordinates":[[[120.4971675,23.5373009],[120.4973404,23.5372367],[120.4973928,23.5372173],[120.4973821,23.5364009],[120.4965345,23.5357468],[120.496277,23.5357468],[120.495424,23.5351467],[120.4955421,23.5349254],[120.4958961,23.5349254],[120.4962287,23.5347976],[120.4957674,23.5344779],[120.4956976,23.5339123],[120.4954938,23.5334008],[120.4955099,23.5332631],[120.4952899,23.5332581],[120.4949788,23.5331057],[120.4948071,23.5324319],[120.4955903,23.5319991],[120.4956923,23.5311334],[120.4950271,23.5312761],[120.4944853,23.5311826],[120.4944585,23.5306711],[120.4946247,23.5303416],[120.4942868,23.530194],[120.4930583,23.530435],[120.4929238,23.530404],[120.4927955,23.5303711],[120.4926882,23.5313843],[120.4925809,23.5318515],[120.492892,23.5316351],[120.4931388,23.5317482],[120.4932407,23.5318909],[120.493627,23.5317532],[120.4939166,23.5322106],[120.493745,23.5329139],[120.4933802,23.5334844],[120.4929189,23.5337992],[120.4922054,23.5342024],[120.4920713,23.5343844],[120.4921196,23.534591],[120.4922215,23.5348025],[120.4921035,23.5349697],[120.4922269,23.5350631],[120.4926614,23.5350533],[120.4929564,23.5350877],[120.4931495,23.5353533],[120.4933051,23.5354222],[120.4931764,23.5357959],[120.4932568,23.5359533],[120.493568,23.5360271],[120.4937235,23.5359091],[120.4937128,23.535555],[120.4936216,23.534832],[120.4934982,23.5345566],[120.4936001,23.5344139],[120.4938898,23.5343697],[120.4942492,23.5342418],[120.4946355,23.5343057],[120.4947535,23.5346402],[120.4948554,23.5349943],[120.494775,23.5353189],[120.4947159,23.5356927],[120.4948071,23.5358894],[120.4949627,23.5359927],[120.4953221,23.5360123],[120.4960517,23.5363566],[120.4963789,23.5363763],[120.4968242,23.5368583],[120.4968134,23.5370501],[120.4970441,23.5372763],[120.4971675,23.5373009]]]}},{"type":"Feature","properties":{"name":"","name_en":"","water":"pond","natural":"water","landuse":""},"geometry":{"type":"Polygon","coordinates":[[[120.4095102,23.3897251],[120.4095632,23.3898245],[120.4097841,23.3898306],[120.4098018,23.3897616],[120.4097068,23.3895933],[120.4096096,23.3895873],[120.4095102,23.3897251]]]}},{"type":"Feature","properties":{"name":"","name_en":"","water":"pond","natural":"water","landuse":""},"geometry":{"type":"Polygon","coordinates":[[[120.4086481,23.3890165],[120.4086613,23.3887326],[120.4083587,23.3886961],[120.4083366,23.3888867],[120.4086481,23.3890165]]]}},{"type":"Feature","properties":{"name":"加走埤","name_en":"","water":"reservoir","natural":"water","landuse":""},"geometry":{"type":"Polygon","coordinates":[[[120.3513199,23.462419],[120.3513544,23.4624309],[120.3513991,23.4624462],[120.3513545,23.4629187],[120.351414,23.4630141],[120.3513199,23.4631503],[120.3512902,23.4632912],[120.3513595,23.4634184],[120.3511862,23.4640906],[120.3509485,23.4644722],[120.3507256,23.464395],[120.3505523,23.4644677],[120.3504681,23.4645767],[120.3502899,23.4654125],[120.3502106,23.4659303],[120.3506563,23.4660621],[120.3506514,23.4661393],[120.3504236,23.4663891],[120.3502304,23.4667026],[120.3502304,23.4668252],[120.3504335,23.4669206],[120.3504632,23.467016],[120.3504533,23.4671704],[120.3505523,23.4675293],[120.3507009,23.467602],[120.35079,23.4675202],[120.3509188,23.4672022],[120.351102,23.4672794],[120.3510129,23.4674611],[120.3508197,23.4679199],[120.3511961,23.4680289],[120.3513001,23.4679744],[120.3514288,23.4674203],[120.3515328,23.4670705],[120.351206,23.4664346],[120.3513199,23.4664664],[120.3516863,23.4667162],[120.3519884,23.466589],[120.3520874,23.4665935],[120.3520676,23.4666889],[120.3518993,23.4667843],[120.3517359,23.4672158],[120.3516071,23.4678336],[120.3516616,23.4680017],[120.3518646,23.4680289],[120.3521815,23.4676292],[120.3523648,23.467125],[120.3525282,23.4664118],[120.3526074,23.4665209],[120.3525876,23.4667798],[120.3524786,23.4671023],[120.3524588,23.4674657],[120.352439,23.467552],[120.3526817,23.4674975],[120.3528996,23.4671568],[120.3529293,23.4669615],[120.3533502,23.4667843],[120.3535582,23.46638],[120.3536572,23.4660666],[120.3537166,23.4658985],[120.3538751,23.4657532],[120.3539741,23.4658577],[120.3537464,23.4663074],[120.35389,23.4664255],[120.3538553,23.4665572],[120.3536721,23.4666208],[120.3535186,23.4668979],[120.3534146,23.4670205],[120.3533898,23.467175],[120.3533452,23.4673703],[120.3532809,23.4675838],[120.3532314,23.4676383],[120.352959,23.4677882],[120.3528005,23.4677746],[120.3525529,23.4678154],[120.3524291,23.4679426],[120.3521716,23.468147],[120.3521221,23.4683514],[120.3521271,23.468465],[120.3522905,23.4685331],[120.3523251,23.4687057],[120.3522162,23.4687239],[120.352033,23.4687557],[120.3514439,23.4686078],[120.3507306,23.4684287],[120.3505573,23.4682515],[120.3503196,23.4680834],[120.3496362,23.4678563],[120.3495768,23.4677927],[120.349661,23.4673294],[120.3493787,23.4670387],[120.3491905,23.4667934],[120.3490469,23.4663301],[120.3491757,23.4663119],[120.3494183,23.4665663],[120.349859,23.4666072],[120.349864,23.4657259],[120.3499284,23.4646585],[120.3505523,23.4641497],[120.3508346,23.4640089],[120.351003,23.4634229],[120.3512357,23.4631821],[120.3511515,23.4630822],[120.3512258,23.4628732],[120.3512357,23.4624735],[120.3513199,23.462419]]]}},{"type":"Feature","properties":{"name":"","name_en":"","water":"","natural":"water","landuse":""},"geometry":{"type":"Polygon","coordinates":[[[120.3017747,23.4671534],[120.3020556,23.4672543],[120.3020968,23.4670633],[120.3022579,23.4668723],[120.3022677,23.4666254],[120.3021715,23.4664651],[120.3022618,23.4663515],[120.3023168,23.4658326],[120.3021558,23.4655263],[120.3021518,23.4652091],[120.3023031,23.4648073],[120.3025074,23.4645785],[120.302805,23.4645433],[120.3027244,23.4642424],[120.3026085,23.4642127],[120.3023571,23.464292],[120.3020676,23.4644363],[120.3020676,23.4646185],[120.3020023,23.4649333],[120.3019689,23.4652097],[120.3020009,23.4656659],[120.3020287,23.4660583],[120.3020189,23.466466],[120.3020078,23.4668088],[120.3019203,23.4670228],[120.3017759,23.4671311],[120.3017747,23.4671534]]]}},{"type":"Feature","properties":{"name":"","name_en":"","water":"","natural":"water","landuse":""},"geometry":{"type":"Polygon","coordinates":[[[120.3199695,23.5918119],[120.3199549,23.5916785],[120.3214298,23.5916548],[120.3217905,23.5917882],[120.3217678,23.5918386],[120.3213878,23.5918326],[120.3212487,23.5917274],[120.3211484,23.5917363],[120.3210983,23.5918193],[120.3206342,23.5918237],[120.3205986,23.5917852],[120.3205064,23.5917645],[120.3203172,23.5917793],[120.3201344,23.5918074],[120.3199695,23.5918119]]]}},{"type":"Feature","properties":{"name":"","name_en":"","water":"","natural":"water","landuse":""},"geometry":{"type":"Polygon","coordinates":[[[120.3464085,23.5213796],[120.3462416,23.5213561],[120.3461486,23.5212546],[120.3460443,23.5210972],[120.3460587,23.5210354],[120.3460924,23.5210266],[120.3461101,23.5209192],[120.3460684,23.5209045],[120.3462192,23.5205735],[120.3462432,23.5204617],[120.3470598,23.5204456],[120.3471336,23.5205161],[120.3471015,23.5212164],[120.3469654,23.5213541],[120.3467822,23.5213649],[120.3465384,23.5213546],[120.3464085,23.5213796]]]}},{"type":"Feature","properties":{"name":"","name_en":"","water":"","natural":"water","landuse":""},"geometry":{"type":"Polygon","coordinates":[[[120.3471913,23.5205662],[120.347355,23.5205],[120.3476229,23.5205206],[120.3479004,23.5205912],[120.3482806,23.5206383],[120.3484635,23.5206633],[120.3488357,23.5207221],[120.3492672,23.5207192],[120.3494999,23.5207412],[120.3495271,23.5208251],[120.3494966,23.5210869],[120.3494678,23.5212943],[120.3493458,23.5213899],[120.3491822,23.5213546],[120.349033,23.5213473],[120.348786,23.5213929],[120.3486352,23.5213517],[120.3484539,23.5213384],[120.3482517,23.5212664],[120.3479261,23.5212399],[120.347756,23.5212649],[120.3474625,23.521309],[120.3471913,23.5213134],[120.3471817,23.5212487],[120.3471929,23.5209677],[120.3471945,23.5207309],[120.3471913,23.5205662]]]}},{"type":"Feature","properties":{"name":"","name_en":"","water":"","natural":"water","landuse":""},"geometry":{"type":"Polygon","coordinates":[[[120.3497479,23.5229824],[120.3498201,23.5229104],[120.349958,23.5230001],[120.3499917,23.5230604],[120.3500398,23.5230177],[120.3500896,23.5230207],[120.3501938,23.5228353],[120.3502323,23.5227265],[120.3502468,23.5226456],[120.3502757,23.5225176],[120.3503061,23.5224823],[120.3503799,23.5224882],[120.3503607,23.5224691],[120.3503462,23.5224367],[120.3504088,23.5223308],[120.350396,23.5222631],[120.3503623,23.5221396],[120.3503495,23.5220866],[120.3504152,23.5219925],[120.3504216,23.521916],[120.3505195,23.5219131],[120.3505933,23.5218233],[120.3506671,23.5216571],[120.3507249,23.5215821],[120.3507345,23.5214188],[120.3506928,23.5214306],[120.3506944,23.5213085],[120.3506527,23.5212291],[120.3505676,23.521129],[120.3503976,23.5210893],[120.3501874,23.5209731],[120.3501297,23.5209672],[120.3498971,23.5208716],[120.3498521,23.5208304],[120.3498072,23.5208275],[120.3496757,23.5208584],[120.3496372,23.5208819],[120.3496532,23.5209408],[120.3496628,23.5209937],[120.3496404,23.521057],[120.3496436,23.5211084],[120.3496275,23.5211879],[120.3495679,23.5212367],[120.3496067,23.5212997],[120.3495618,23.5213467],[120.3494398,23.5214718],[120.3494254,23.5215733],[120.3494559,23.5216115],[120.3495441,23.5217262],[120.3496532,23.5217498],[120.349727,23.5217968],[120.3498265,23.521813],[120.3498409,23.521891],[120.3499291,23.5219307],[120.3500013,23.5219542],[120.3500607,23.5219792],[120.3501435,23.5220738],[120.3501523,23.5221578],[120.3500889,23.5222105],[120.3500764,23.5222886],[120.3500776,23.5223749],[120.3501093,23.5223915],[120.3500515,23.5225007],[120.3499233,23.5225871],[120.3497599,23.5226859],[120.3497146,23.5227244],[120.3496261,23.5227576],[120.3496023,23.5227784],[120.3496011,23.5228294],[120.3495943,23.5228856],[120.3496261,23.5228596],[120.3496476,23.5228658],[120.3497225,23.5229293],[120.3497479,23.5229824]]]}},{"type":"Feature","properties":{"name":"","name_en":"","water":"","natural":"water","landuse":""},"geometry":{"type":"Polygon","coordinates":[[[120.3459685,23.5699732],[120.3461633,23.5698283],[120.3462074,23.569707],[120.3461008,23.5694038],[120.3459979,23.5693482],[120.3457424,23.5692673],[120.3455145,23.5693279],[120.345474,23.5693852],[120.3454483,23.5694442],[120.3456486,23.569734],[120.3458196,23.5698536],[120.3459685,23.5699732]]]}},{"type":"Feature","properties":{"name":"","name_en":"","water":"","natural":"water","landuse":""},"geometry":{"type":"Polygon","coordinates":[[[120.3473035,23.5691677],[120.3474616,23.5687869],[120.3476454,23.5682141],[120.3478623,23.5678367],[120.3481049,23.5676008],[120.3485571,23.5674391],[120.3486858,23.5675401],[120.3491747,23.5676951],[120.3489835,23.568113],[120.3487189,23.568487],[120.3483365,23.5689082],[120.3480976,23.5691778],[120.3478586,23.5692721],[120.3475425,23.5693328],[120.3475425,23.5692384],[120.3475278,23.5691811],[120.3474469,23.5691542],[120.3473035,23.5691677]]]}},{"type":"Feature","properties":{"name":"","name_en":"","water":"","natural":"water","landuse":""},"geometry":{"type":"Polygon","coordinates":[[[120.3364492,23.5714564],[120.3366998,23.5713462],[120.3369043,23.5712047],[120.336794,23.571179],[120.3366056,23.5711275],[120.3364793,23.5709824],[120.3362809,23.5707564],[120.3362809,23.5708758],[120.336333,23.571032],[120.336359,23.5711661],[120.3364492,23.5714564]]]}},{"type":"Feature","properties":{"name":"","name_en":"","water":"","natural":"water","landuse":""},"geometry":{"type":"Polygon","coordinates":[[[120.3355592,23.5701758],[120.335481,23.5699443],[120.335441,23.5698855],[120.3353828,23.5695934],[120.3355612,23.5695291],[120.3357116,23.5699829],[120.3358599,23.5701519],[120.3360443,23.5703816],[120.3362809,23.5706314],[120.3362207,23.5707141],[120.3358699,23.5702824],[120.3355592,23.5701758]]]}},{"type":"Feature","properties":{"name":"","name_en":"","water":"","natural":"water","landuse":""},"geometry":{"type":"Polygon","coordinates":[[[120.3430338,23.5341793],[120.3432951,23.5341035],[120.3433508,23.5341423],[120.3435756,23.5346602],[120.3432183,23.5348046],[120.3431875,23.5347887],[120.343126,23.5344576],[120.3430319,23.5342022],[120.3430338,23.5341793]]]}},{"type":"Feature","properties":{"name":"","name_en":"","water":"","natural":"water","landuse":""},"geometry":{"type":"Polygon","coordinates":[[[120.3429743,23.5340436],[120.3429992,23.5340436],[120.343053,23.5341159],[120.3432394,23.5340665],[120.3432894,23.5339961],[120.3430597,23.5335142],[120.3430002,23.5334807],[120.3428215,23.5335353],[120.3429743,23.5340436]]]}},{"type":"Feature","properties":{"name":"","name_en":"","water":"","natural":"water","landuse":""},"geometry":{"type":"Polygon","coordinates":[[[120.4594346,23.6108294],[120.4594563,23.6108197],[120.4592907,23.610518],[120.4595897,23.6103693],[120.4594423,23.6100664],[120.4591287,23.6095911],[120.4595479,23.6093183],[120.4596795,23.6092138],[120.4597643,23.6092073],[120.4598192,23.6093003],[120.4599267,23.6093417],[120.4600797,23.60934],[120.4601953,23.6092571],[120.4603255,23.6092056],[120.4610012,23.6086525],[120.4609602,23.6085698],[120.4603765,23.6088771],[120.4600793,23.6090157],[120.4597375,23.6089245],[120.4589156,23.609342],[120.4588468,23.6093422],[120.4587682,23.6093203],[120.4586453,23.6091967],[120.4585044,23.608892],[120.4584282,23.6088491],[120.4583673,23.6088147],[120.4583399,23.6086728],[120.4584262,23.6086349],[120.4585238,23.608556],[120.4585617,23.6084914],[120.4585523,23.6084108],[120.4584753,23.6082287],[120.4584206,23.6080734],[120.4584044,23.6079279],[120.4584515,23.6078553],[120.4587072,23.6078066],[120.4588673,23.6078029],[120.4593992,23.6077327],[120.4592199,23.6075306],[120.458758,23.6076005],[120.4584665,23.607623],[120.4581771,23.607831],[120.4579027,23.6080709],[120.4578172,23.6080664],[120.4576779,23.6079308],[120.4576296,23.6077947],[120.4575201,23.6076874],[120.4572918,23.6075284],[120.4569342,23.607379],[120.4567741,23.6073178],[120.4564561,23.6072876],[120.4561231,23.6072744],[120.4558799,23.6073802],[120.4557152,23.6074843],[120.4554312,23.6075113],[120.4552643,23.6075443],[120.4550497,23.6075135],[120.4547141,23.6075425],[120.4546304,23.6075274],[120.4543937,23.6074126],[120.4542807,23.6073036],[120.4542062,23.6072857],[120.454198,23.6073073],[120.4542348,23.6074367],[120.4543127,23.6075326],[120.4544127,23.6076101],[120.4545186,23.6076672],[120.4548736,23.6077972],[120.4549245,23.6079935],[120.45497,23.6080234],[120.4550821,23.6080161],[120.4552258,23.6076491],[120.4553292,23.6076781],[120.4554381,23.6076974],[120.4557002,23.607745],[120.4559116,23.6078061],[120.4564551,23.607894],[120.4568729,23.6079389],[120.457052,23.6079643],[120.4572566,23.6080502],[120.4574889,23.6081869],[120.4578044,23.6084545],[120.4578507,23.6085511],[120.4578552,23.6086022],[120.4578567,23.6086575],[120.4578713,23.6087239],[120.4579321,23.6088508],[120.4580223,23.6090389],[120.4580858,23.609069],[120.4585093,23.6097775],[120.4586115,23.6098332],[120.4587043,23.609911],[120.4588332,23.6099187],[120.4589872,23.6100135],[120.4590866,23.6101836],[120.4591623,23.6103826],[120.4591929,23.6105338],[120.45931,23.6106914],[120.4594346,23.6108294]]]}},{"type":"Feature","properties":{"name":"","name_en":"","water":"","natural":"water","landuse":""},"geometry":{"type":"Polygon","coordinates":[[[120.3843008,23.5896105],[120.3843455,23.5896269],[120.3845317,23.5895761],[120.3849415,23.5894006],[120.3851849,23.5892694],[120.3852493,23.5892562],[120.3852547,23.5891808],[120.3853048,23.5891332],[120.3852583,23.5890972],[120.3851956,23.589089],[120.3851223,23.5889856],[120.3848932,23.5888561],[120.3844279,23.5888233],[120.384333,23.5892366],[120.3843867,23.5893268],[120.3843777,23.5894235],[120.3843294,23.5894793],[120.3842883,23.5895105],[120.3843008,23.5896105]]]}},{"type":"Feature","properties":{"name":"","name_en":"","water":"pond","natural":"water","landuse":""},"geometry":{"type":"Polygon","coordinates":[[[120.375551,23.55385],[120.3757688,23.5530585],[120.3758223,23.5527573],[120.3757783,23.552633],[120.375444,23.5524894],[120.3753848,23.552204],[120.3753294,23.5517784],[120.3752798,23.5516996],[120.3749244,23.5516891],[120.3749798,23.5520253],[120.3749932,23.5523563],[120.3749225,23.5534858],[120.374913,23.5539674],[120.3749684,23.5540129],[120.3751327,23.5539726],[120.3755319,23.5538868],[120.375551,23.55385]]]}},{"type":"Feature","properties":{"name":"","name_en":"","water":"pond","natural":"water","landuse":""},"geometry":{"type":"Polygon","coordinates":[[[120.3735039,23.5535668],[120.3742184,23.5537297],[120.3747781,23.5539311],[120.3747972,23.5538943],[120.374843,23.5528384],[120.3746176,23.5527981],[120.3744553,23.5526195],[120.3742566,23.552595],[120.3741687,23.5521327],[120.3741095,23.5520381],[120.3738841,23.5519628],[120.3734294,23.5519698],[120.3734122,23.5521186],[120.3734524,23.5524514],[120.3734352,23.552721],[120.3734867,23.5532499],[120.3735039,23.5535668]]]}},{"type":"Feature","properties":{"name":"","name_en":"","water":"","natural":"water","landuse":""},"geometry":{"type":"Polygon","coordinates":[[[120.3788958,23.5615521],[120.3790106,23.5615211],[120.3791011,23.5615162],[120.3792524,23.561401],[120.3792254,23.5612673],[120.3792483,23.5611026],[120.379374,23.561011],[120.3794861,23.560985],[120.3795225,23.5609615],[120.3795212,23.5608996],[120.3796076,23.5607919],[120.3795901,23.560668],[120.379586,23.560569],[120.379224,23.5607349],[120.3790822,23.5607584],[120.3790133,23.5608959],[120.3790403,23.56099],[120.3789187,23.5612512],[120.3788823,23.5613713],[120.3788836,23.5614456],[120.3788985,23.5614976],[120.3788958,23.5615521]]]}},{"type":"Feature","properties":{"name":"","name_en":"","water":"pond","natural":"water","landuse":""},"geometry":{"type":"Polygon","coordinates":[[[120.372017,23.5519353],[120.371994,23.5517987],[120.37201,23.551768],[120.3720212,23.5517245],[120.372005,23.551632],[120.3720525,23.5515404],[120.3721153,23.5515229],[120.3723507,23.5515264],[120.3726925,23.551405],[120.372686,23.5512327],[120.3727317,23.5512156],[120.3728511,23.551179],[120.3729102,23.5511452],[120.3729528,23.5511387],[120.3729856,23.551171],[120.3730329,23.5513567],[120.373249,23.5518137],[120.3733314,23.5525393],[120.3733612,23.5531237],[120.3733274,23.5532513],[120.3733868,23.55338],[120.3733247,23.5535101],[120.3731815,23.5535026],[120.3729384,23.5535002],[120.372679,23.5533132],[120.3727168,23.5532847],[120.372602,23.5531918],[120.372571,23.5532191],[120.3724642,23.553151],[120.3723926,23.5530873],[120.3723515,23.5529027],[120.3722673,23.5526415],[120.3721343,23.5522343],[120.3720419,23.5520349],[120.372017,23.5519353]]]}},{"type":"Feature","properties":{"name":"","name_en":"","water":"pond","natural":"water","landuse":""},"geometry":{"type":"Polygon","coordinates":[[[120.3130275,23.4147778],[120.3130876,23.4146792],[120.3130275,23.414624],[120.3130876,23.4144584],[120.3131994,23.4144702],[120.3138654,23.4147542],[120.3141319,23.4148803],[120.3142393,23.4149908],[120.3143424,23.4152234],[120.3143596,23.4153536],[120.3144756,23.4154837],[120.3144456,23.4155941],[120.3142694,23.41546],[120.314278,23.4153733],[120.3142393,23.4152353],[120.3141233,23.4151682],[120.3139041,23.4151091],[120.3133755,23.414833],[120.3130275,23.4147778]]]}},{"type":"Feature","properties":{"name":"","name_en":"","water":"pond","natural":"water","landuse":""},"geometry":{"type":"Polygon","coordinates":[[[120.4422731,23.4198394],[120.4423994,23.4198705],[120.4425226,23.4197942],[120.4425473,23.4196387],[120.4424395,23.4195228],[120.4425627,23.4192881],[120.4427075,23.4192909],[120.4428924,23.4193192],[120.442994,23.4193899],[120.4431389,23.419387],[120.4435979,23.4190449],[120.4436596,23.4189036],[120.4435271,23.4187481],[120.4433915,23.4188103],[120.4433237,23.4189036],[120.4432066,23.4188781],[120.4431604,23.4188018],[120.4431727,23.4187226],[120.4433083,23.4185898],[120.4431204,23.4183325],[120.4430002,23.4183014],[120.4427322,23.4186407],[120.4422977,23.418881],[120.4422361,23.4189799],[120.4422977,23.4192429],[120.4422269,23.4195991],[120.4421961,23.4197122],[120.4422731,23.4198394]]]}},{"type":"Feature","properties":{"name":"","name_en":"","water":"pond","natural":"water","landuse":""},"geometry":{"type":"Polygon","coordinates":[[[120.4437643,23.4189234],[120.4439153,23.4189686],[120.4440878,23.4189714],[120.4441556,23.4188923],[120.4441402,23.4187764],[120.4439276,23.4183947],[120.4439276,23.4183099],[120.443715,23.4181261],[120.4436041,23.4179762],[120.4435332,23.417702],[120.4432775,23.4177755],[120.4431789,23.417849],[120.4431481,23.4181713],[120.4433237,23.4184088],[120.4434408,23.4184427],[120.4434562,23.4185445],[120.4437643,23.4189234]]]}},{"type":"Feature","properties":{"name":"","name_en":"","water":"pond","natural":"water","landuse":""},"geometry":{"type":"Polygon","coordinates":[[[120.4442265,23.4187792],[120.4441094,23.4185332],[120.4441772,23.4184654],[120.4443343,23.4184371],[120.4443774,23.4182307],[120.444476,23.4180695],[120.4451261,23.4181685],[120.4453172,23.4183466],[120.445351,23.4185445],[120.445237,23.4187057],[120.4448673,23.4188555],[120.4444267,23.4187368],[120.4442265,23.4187792]]]}},{"type":"Feature","properties":{"name":"","name_en":"","water":"pond","natural":"water","landuse":""},"geometry":{"type":"Polygon","coordinates":[[[120.4451631,23.4192259],[120.4450368,23.4190223],[120.4454404,23.4189121],[120.4454743,23.4189686],[120.4454219,23.4191128],[120.4452093,23.4192287],[120.4451631,23.4192259]]]}},{"type":"Feature","properties":{"name":"","name_en":"","water":"pond","natural":"water","landuse":""},"geometry":{"type":"Polygon","coordinates":[[[120.4540823,23.4857389],[120.4541016,23.4857472],[120.4541153,23.4857253],[120.4541472,23.4857169],[120.4541597,23.4857389],[120.454146,23.4857587],[120.4541198,23.4857712],[120.4541369,23.4857879],[120.4541551,23.4857764],[120.4541813,23.4857493],[120.454228,23.4857409],[120.4542496,23.4857608],[120.454261,23.4857806],[120.4543065,23.4857827],[120.4543008,23.4857577],[120.4543225,23.4857326],[120.454302,23.4857023],[120.4542724,23.4857002],[120.4542428,23.4857138],[120.454228,23.4857169],[120.4541995,23.4857086],[120.4541802,23.4856898],[120.4541529,23.4856835],[120.4541312,23.485695],[120.4541085,23.4856961],[120.4540709,23.4857128],[120.454055,23.4857242],[120.4540641,23.4857378],[120.4540823,23.4857389]]]}},{"type":"Feature","properties":{"name":"","name_en":"","water":"pond","natural":"water","landuse":""},"geometry":{"type":"Polygon","coordinates":[[[120.307156,23.4135027],[120.3072034,23.4135644],[120.3077254,23.4136878],[120.3079033,23.413608],[120.307848,23.4135571],[120.3077412,23.4136007],[120.307417,23.4135281],[120.307156,23.4135027]]]}},{"type":"Feature","properties":{"name":"","name_en":"","water":"pond","natural":"water","landuse":""},"geometry":{"type":"Polygon","coordinates":[[[120.3114148,23.4155783],[120.3116243,23.4155348],[120.3114938,23.415288],[120.311395,23.4152155],[120.3111264,23.4152096],[120.3110866,23.4153425],[120.3111973,23.4154223],[120.311304,23.4154658],[120.3114148,23.4155783]]]}},{"type":"Feature","properties":{"name":"","name_en":"","water":"lake","natural":"water","landuse":""},"geometry":{"type":"Polygon","coordinates":[[[120.4519984,23.4885569],[120.4519277,23.4885245],[120.4519029,23.4884466],[120.4519506,23.4883829],[120.4520303,23.4883816],[120.4522285,23.4884433],[120.4523033,23.4884766],[120.4525541,23.4884303],[120.4526815,23.4884466],[120.4527771,23.4885342],[120.4527806,23.4886186],[120.4527487,23.4886673],[120.4526461,23.4887062],[120.4525895,23.4887062],[120.4524762,23.4886446],[120.4523205,23.4885569],[120.4521612,23.4885212],[120.4521223,23.4885245],[120.4519984,23.4885569]]]}},{"type":"Feature","properties":{"name":"","name_en":"","water":"pond","natural":"water","landuse":""},"geometry":{"type":"Polygon","coordinates":[[[120.4532831,23.4658185],[120.4532425,23.4657901],[120.4532282,23.4657507],[120.4532473,23.4657025],[120.4530922,23.4656807],[120.4530302,23.4657135],[120.4529563,23.4657157],[120.4529133,23.4657726],[120.4528704,23.4657594],[120.4529157,23.4658732],[120.4529396,23.4659104],[120.4529849,23.4659301],[120.4530994,23.4659148],[120.4531543,23.4658929],[120.4532187,23.4658448],[120.4532831,23.4658185]]]}},{"type":"Feature","properties":{"name":"","name_en":"","water":"pond","natural":"water","landuse":""},"geometry":{"type":"Polygon","coordinates":[[[120.3928315,23.3910881],[120.3929218,23.3910212],[120.3930064,23.3908045],[120.3930384,23.3907162],[120.3931463,23.3906654],[120.3930005,23.3905263],[120.3926566,23.3902588],[120.3924292,23.3901785],[120.3924088,23.3903952],[120.3924671,23.390636],[120.392607,23.3909169],[120.3928315,23.3910881]]]}},{"type":"Feature","properties":{"name":"","name_en":"","water":"","natural":"water","landuse":""},"geometry":{"type":"Polygon","coordinates":[[[120.5764451,23.4389022],[120.5764406,23.4389276],[120.5764859,23.4389702],[120.5765558,23.438992],[120.5766328,23.4389856],[120.5766945,23.4389058],[120.5767444,23.4388151],[120.5767099,23.4386882],[120.5766174,23.4386247],[120.5765748,23.4386174],[120.5765276,23.4386737],[120.5765367,23.4387208],[120.5765213,23.4388106],[120.5764986,23.4388487],[120.5764451,23.4389022]]]}},{"type":"Feature","properties":{"name":"","name_en":"","water":"","natural":"water","landuse":""},"geometry":{"type":"Polygon","coordinates":[[[120.5776386,23.4393936],[120.5777746,23.4396296],[120.5779862,23.4395821],[120.5780503,23.4395821],[120.5781811,23.4396642],[120.5782234,23.4396706],[120.5783248,23.4396001],[120.5783235,23.4395783],[120.5782735,23.4394975],[120.5783158,23.4394539],[120.5783068,23.4393718],[120.578049,23.4392833],[120.5777989,23.4393167],[120.577781,23.4393667],[120.577713,23.4393795],[120.5776861,23.4393782],[120.5776386,23.4393936]]]}},{"type":"Feature","properties":{"name":"","name_en":"","water":"","natural":"water","landuse":""},"geometry":{"type":"Polygon","coordinates":[[[120.5764769,23.4382429],[120.5765086,23.4382429],[120.576553,23.4382112],[120.576602,23.4381921],[120.5766093,23.4381613],[120.5766029,23.438106],[120.5765168,23.4380543],[120.5763934,23.4380252],[120.5763599,23.4380633],[120.5764769,23.4382429]]]}},{"type":"Feature","properties":{"name":"","name_en":"","water":"","natural":"water","landuse":""},"geometry":{"type":"Polygon","coordinates":[[[120.3227744,23.5720077],[120.3233795,23.5719397],[120.3233991,23.5721186],[120.323321,23.572226],[120.3227666,23.5722367],[120.3226924,23.57209],[120.3227275,23.5719969],[120.3227744,23.5720077]]]}},{"type":"Feature","properties":{"name":"","name_en":"","water":"","natural":"water","landuse":""},"geometry":{"type":"Polygon","coordinates":[[[120.3102785,23.5838814],[120.311761,23.5831123],[120.3119846,23.583178],[120.3120343,23.5833754],[120.3119377,23.5834184],[120.3109273,23.5839396],[120.3106098,23.5840636],[120.3104165,23.5840079],[120.3102785,23.5838814]]]}},{"type":"Feature","properties":{"name":"","name_en":"","water":"","natural":"water","landuse":""},"geometry":{"type":"Polygon","coordinates":[[[120.3164721,23.605997],[120.3166474,23.6059175],[120.3165263,23.6057503],[120.31638,23.6058182],[120.3164721,23.605997]]]}},{"type":"Feature","properties":{"name":"","name_en":"","water":"","natural":"water","landuse":""},"geometry":{"type":"Polygon","coordinates":[[[120.3100779,23.6180909],[120.3107177,23.618072],[120.3113318,23.6181453],[120.3113988,23.6180625],[120.3114401,23.6176536],[120.310777,23.6176748],[120.310003,23.6177292],[120.3100185,23.6179632],[120.3100779,23.6180909]]]}},{"type":"Feature","properties":{"name":"","name_en":"","water":"","natural":"water","landuse":""},"geometry":{"type":"Polygon","coordinates":[[[120.4237396,23.4172394],[120.4238099,23.417009],[120.4239141,23.4167878],[120.4240882,23.41639],[120.4241258,23.4163836],[120.4242121,23.4164539],[120.4243538,23.4165405],[120.4246462,23.4166729],[120.4246022,23.4167701],[120.4244133,23.4167686],[120.4243303,23.4169105],[120.4243629,23.4171705],[120.4238795,23.4173544],[120.4237252,23.4173243],[120.4237396,23.4172394]]]}},{"type":"Feature","properties":{"name":"","name_en":"","water":"reservoir","natural":"water","landuse":""},"geometry":{"type":"Polygon","coordinates":[[[120.4247178,23.4168254],[120.4248497,23.4168552],[120.4249872,23.4168363],[120.4253015,23.4170391],[120.4256526,23.4173208],[120.4257877,23.4173749],[120.4263107,23.417296],[120.4264605,23.4173411],[120.4266986,23.4176272],[120.4268914,23.417644],[120.42701,23.417652],[120.4271484,23.4176685],[120.427194,23.4177238],[120.4272038,23.4178149],[120.4272005,23.4179464],[120.4271848,23.4180824],[120.427251,23.4181227],[120.4273226,23.4181332],[120.4273813,23.4181183],[120.4274643,23.4180719],[120.4275441,23.4180241],[120.4276304,23.4179897],[120.4277037,23.418042],[120.4277509,23.4181541],[120.4277362,23.4182991],[120.4277201,23.4185263],[120.4277623,23.418571],[120.4278159,23.4185736],[120.4280811,23.4183843],[120.4281564,23.418305],[120.4282117,23.4182393],[120.4282606,23.4182572],[120.4283905,23.418195],[120.428456,23.4181362],[120.4283925,23.4180973],[120.4282736,23.418066],[120.4282361,23.4180928],[120.428171,23.418066],[120.4281287,23.4180914],[120.4280831,23.4180585],[120.4280733,23.4180301],[120.4280098,23.4179808],[120.4279463,23.4179016],[120.4278209,23.4178074],[120.4277851,23.4177432],[120.4277835,23.4176819],[120.4277997,23.4176117],[120.4278453,23.4175893],[120.4278601,23.4174943],[120.4278519,23.4173891],[120.4278307,23.4173442],[120.4277835,23.4173069],[120.4277932,23.4172217],[120.4278388,23.4171455],[120.4278567,23.4171022],[120.4278795,23.4170469],[120.4279202,23.41702],[120.4279268,23.4169886],[120.4280065,23.4169438],[120.4280863,23.4169258],[120.4281336,23.4169453],[120.4282036,23.4169468],[120.4282687,23.4169303],[120.4282948,23.4169602],[120.4283733,23.4169558],[120.4284234,23.4169318],[120.4284885,23.4169378],[120.4285341,23.4169692],[120.4285846,23.4169811],[120.4286497,23.4170484],[120.428754,23.4171754],[120.4288126,23.4172038],[120.4288435,23.4172277],[120.4288435,23.4172725],[120.4289282,23.4173398],[120.4290145,23.41741],[120.4290715,23.4174115],[120.4291236,23.4173502],[120.4290047,23.4172232],[120.4288826,23.4170319],[120.4287768,23.4169094],[120.428663,23.4168071],[120.428644,23.4168095],[120.4286213,23.4167968],[120.4285877,23.4167669],[120.4285689,23.4167696],[120.428562,23.4167977],[120.4285511,23.416824],[120.4285283,23.4168268],[120.4285224,23.4168104],[120.4285313,23.4167596],[120.4285353,23.4167097],[120.4285313,23.4166698],[120.4284888,23.4166526],[120.4284463,23.4166635],[120.4283949,23.4166934],[120.4283771,23.4167406],[120.4283385,23.4167905],[120.4282832,23.4168168],[120.428212,23.4168159],[120.4280963,23.4167877],[120.4280222,23.4167868],[120.4279263,23.4167959],[120.4278423,23.4168122],[120.427693,23.4168685],[120.4276455,23.4169066],[120.4276258,23.4169528],[120.4275665,23.417029],[120.4275139,23.4171495],[120.4274963,23.4172404],[120.427517,23.4173112],[120.4275586,23.4173874],[120.4275299,23.4174327],[120.4274785,23.4174427],[120.427436,23.4174064],[120.427344,23.417342],[120.4271404,23.4173075],[120.426846,23.4172126],[120.4269,23.4171405],[120.4269565,23.4171089],[120.4269638,23.4170549],[120.4269575,23.4170018],[120.4268577,23.4169601],[120.4266827,23.4169392],[120.426485,23.4169129],[120.4263851,23.4168567],[120.4263307,23.4167841],[120.4262675,23.4167215],[120.4261518,23.4166825],[120.4261202,23.4166834],[120.4260876,23.4166762],[120.4260826,23.4166526],[120.4260984,23.4166399],[120.4260984,23.4165909],[120.4260935,23.4165646],[120.4261024,23.4165283],[120.4261142,23.4164884],[120.4260836,23.4164448],[120.426048,23.416414],[120.4260401,23.4163532],[120.42605,23.4163006],[120.4260688,23.4162525],[120.4261301,23.4161872],[120.4261162,23.4161636],[120.4261488,23.4160929],[120.4261707,23.4159981],[120.4261805,23.4158877],[120.4261511,23.415881],[120.4261222,23.415857],[120.4260846,23.4158516],[120.4260174,23.4159105],[120.4259551,23.4159758],[120.4259452,23.4160094],[120.425966,23.4160194],[120.4259808,23.4160348],[120.4259146,23.4161074],[120.4258621,23.4161762],[120.4257553,23.4163178],[120.4256579,23.4163047],[120.4255629,23.4162612],[120.4253753,23.416211],[120.425316,23.4162045],[120.4251854,23.4162873],[120.425031,23.4164442],[120.4248315,23.4165292],[120.4247162,23.4166924],[120.4247178,23.4168254]]]}},{"type":"Feature","properties":{"name":"","name_en":"","water":"pond","natural":"water","landuse":""},"geometry":{"type":"Polygon","coordinates":[[[120.4176408,23.413491],[120.4176888,23.4137422],[120.4177762,23.4137113],[120.4178286,23.4136615],[120.4178665,23.4136188],[120.4178978,23.4135571],[120.4179255,23.41349],[120.4179463,23.4133612],[120.4176408,23.413491]]]}},{"type":"Feature","properties":{"name":"","name_en":"","water":"pond","natural":"water","landuse":""},"geometry":{"type":"Polygon","coordinates":[[[120.4298269,23.4126672],[120.4299157,23.4126451],[120.4299548,23.4125361],[120.4299027,23.41243],[120.4296527,23.4123683],[120.4295702,23.4125131],[120.4296633,23.4126055],[120.4298269,23.4126672]]]}},{"type":"Feature","properties":{"name":"","name_en":"","water":"pond","natural":"water","landuse":""},"geometry":{"type":"Polygon","coordinates":[[[120.4347593,23.4165879],[120.4348236,23.4165436],[120.4348236,23.4164402],[120.4348075,23.4163196],[120.434821,23.4162409],[120.4348156,23.4161646],[120.4348129,23.4161055],[120.4347834,23.4160316],[120.4347754,23.4159578],[120.43466,23.4159504],[120.4345822,23.416007],[120.4345259,23.4160883],[120.4345206,23.4161818],[120.4345179,23.4162852],[120.4345554,23.4163615],[120.4345715,23.4164107],[120.4346037,23.4164771],[120.4347003,23.4165288],[120.4347083,23.4165559],[120.4347593,23.4165879]]]}},{"type":"Feature","properties":{"name":"","name_en":"","water":"pond","natural":"water","landuse":""},"geometry":{"type":"Polygon","coordinates":[[[120.435604,23.414659],[120.4355288,23.4146955],[120.4355288,23.414736],[120.4355642,23.414813],[120.4356923,23.4148414],[120.4358469,23.4148698],[120.4360899,23.4149509],[120.4361827,23.4149063],[120.4364169,23.4149549],[120.4365052,23.415036],[120.4368631,23.4151171],[120.4368985,23.4150928],[120.4368587,23.4150279],[120.4368852,23.4149792],[120.4368322,23.414963],[120.4368057,23.4149265],[120.4366731,23.4148982],[120.4366201,23.4149306],[120.4363506,23.4148779],[120.4363197,23.4148211],[120.4361916,23.414813],[120.4359,23.4147563],[120.435604,23.414659]]]}},{"type":"Feature","properties":{"name":"","name_en":"","water":"pond","natural":"water","landuse":""},"geometry":{"type":"Polygon","coordinates":[[[120.4185409,23.421148],[120.4182714,23.4204831],[120.4187839,23.4207629],[120.4188546,23.4208277],[120.4188458,23.4209331],[120.4188237,23.4210548],[120.4187707,23.4211804],[120.4185409,23.421148]]]}},{"type":"Feature","properties":{"name":"","name_en":"","water":"pond","natural":"water","landuse":""},"geometry":{"type":"Polygon","coordinates":[[[120.4182626,23.4206331],[120.4178782,23.4203696],[120.4179047,23.420621],[120.4182626,23.4206331]]]}},{"type":"Feature","properties":{"name":"","name_en":"","water":"pond","natural":"water","landuse":""},"geometry":{"type":"Polygon","coordinates":[[[120.4170388,23.4205521],[120.417049,23.4204045],[120.4170565,23.4202966],[120.4178075,23.4203331],[120.4177854,23.420621],[120.4176794,23.4206048],[120.4176573,23.4204183],[120.4175734,23.4204102],[120.4174762,23.4204345],[120.4174364,23.4204953],[120.4173746,23.4205561],[120.4170388,23.4205521]]]}},{"type":"Feature","properties":{"name":"","name_en":"","water":"pond","natural":"water","landuse":""},"geometry":{"type":"Polygon","coordinates":[[[120.4188237,23.4211723],[120.418943,23.4211115],[120.4190004,23.4210102],[120.4190092,23.4209129],[120.4189916,23.4208399],[120.4189695,23.4207994],[120.4189076,23.4207588],[120.4188679,23.4210223],[120.4188237,23.4211723]]]}},{"type":"Feature","properties":{"name":"","name_en":"","water":"pond","natural":"water","landuse":""},"geometry":{"type":"Polygon","coordinates":[[[120.4266532,23.4084677],[120.4267122,23.4082265],[120.4271199,23.4082856],[120.4270556,23.4085367],[120.4266532,23.4084677]]]}},{"type":"Feature","properties":{"name":"","name_en":"","water":"pond","natural":"water","landuse":""},"geometry":{"type":"Polygon","coordinates":[[[120.4287305,23.4119788],[120.4288968,23.4119935],[120.4289344,23.4117868],[120.4287949,23.4114963],[120.4286769,23.4115037],[120.4287547,23.4117769],[120.4287305,23.4119788]]]}},{"type":"Feature","properties":{"name":"沁心池","name_en":"","water":"basin","natural":"water","landuse":""},"geometry":{"type":"Polygon","coordinates":[[[120.482871,23.4673924],[120.4829153,23.4673236],[120.4829754,23.4673152],[120.4830231,23.467359],[120.4831286,23.4672981],[120.4831088,23.4672691],[120.4831426,23.4672496],[120.4831125,23.4672056],[120.4831552,23.467181],[120.4831303,23.4671447],[120.4831606,23.4671272],[120.4829953,23.4668863],[120.4829477,23.4669138],[120.4829136,23.4668872],[120.4828876,23.4669152],[120.4828537,23.4671541],[120.4829091,23.4672304],[120.4829138,23.4672657],[120.4828423,23.4673769],[120.482871,23.4673924]]]}},{"type":"Feature","properties":{"name":"","name_en":"","water":"pond","natural":"water","landuse":""},"geometry":{"type":"Polygon","coordinates":[[[120.500211,23.5047776],[120.500636,23.5045206],[120.50058,23.5044136],[120.5001503,23.5046277],[120.500211,23.5047776]]]}},{"type":"Feature","properties":{"name":"","name_en":"","water":"pond","natural":"water","landuse":""},"geometry":{"type":"Polygon","coordinates":[[[120.5006967,23.5044949],[120.501047,23.5042936],[120.5008882,23.5039981],[120.5005379,23.5041609],[120.5006967,23.5044949]]]}},{"type":"Feature","properties":{"name":"","name_en":"","water":"pond","natural":"water","landuse":""},"geometry":{"type":"Polygon","coordinates":[[[120.5007948,23.5050945],[120.5012571,23.5048803],[120.501075,23.5044906],[120.5005893,23.5047562],[120.5007948,23.5050945]]]}},{"type":"Feature","properties":{"name":"","name_en":"","water":"pond","natural":"water","landuse":""},"geometry":{"type":"Polygon","coordinates":[[[120.5013832,23.5048332],[120.502037,23.5044649],[120.5019669,23.5042551],[120.5018222,23.5042765],[120.5017895,23.504375],[120.501556,23.5044221],[120.5014719,23.5043536],[120.501145,23.5044906],[120.5013832,23.5048332]]]}},{"type":"Feature","properties":{"name":"","name_en":"","water":"pond","natural":"water","landuse":""},"geometry":{"type":"Polygon","coordinates":[[[120.5012151,23.5041823],[120.5015373,23.5041052],[120.5014906,23.5038268],[120.5010937,23.5039639],[120.5012151,23.5041823]]]}},{"type":"Feature","properties":{"name":"","name_en":"","water":"pond","natural":"water","landuse":""},"geometry":{"type":"Polygon","coordinates":[[[120.501696,23.5040533],[120.5020041,23.5039516],[120.502078,23.5037086],[120.5019671,23.5036747],[120.501961,23.5035561],[120.5022999,23.5032453],[120.5020965,23.503104],[120.5020041,23.5030814],[120.5015543,23.5035391],[120.5015358,23.5037312],[120.5016467,23.503833],[120.501696,23.5040533]]]}},{"type":"Feature","properties":{"name":"","name_en":"","water":"","natural":"water","landuse":""},"geometry":{"type":"Polygon","coordinates":[[[120.4840467,23.4683363],[120.4840541,23.4683395],[120.4840601,23.4683447],[120.4840638,23.4683514],[120.4840649,23.4683589],[120.4840633,23.4683663],[120.4840592,23.4683728],[120.4840529,23.4683777],[120.4840452,23.4683804],[120.484037,23.4683807],[120.4840292,23.4683785],[120.4840227,23.4683742],[120.484018,23.4683682],[120.4840157,23.4683612],[120.4840159,23.4683539],[120.4840187,23.468347],[120.4840237,23.4683413],[120.4840305,23.4683374],[120.4840385,23.4683356],[120.4840467,23.4683363]]]}},{"type":"Feature","properties":{"name":"","name_en":"","water":"pond","natural":"water","landuse":""},"geometry":{"type":"Polygon","coordinates":[[[120.4831605,23.4638399],[120.4831285,23.4638404],[120.4830984,23.4638501],[120.4830732,23.4638682],[120.4830556,23.4638927],[120.4830474,23.4639211],[120.4830495,23.4639503],[120.4830616,23.4639775],[120.4830825,23.4639997],[120.4831113,23.4640151],[120.4831441,23.4640208],[120.4831772,23.4640163],[120.4832067,23.4640019],[120.4832293,23.4639794],[120.4832425,23.4639513],[120.4832435,23.4639382],[120.4832448,23.4639207],[120.4832359,23.4638912],[120.4832168,23.463866],[120.4831909,23.4638487],[120.4831605,23.4638399]]]}},{"type":"Feature","properties":{"name":"","name_en":"","water":"pond","natural":"water","landuse":""},"geometry":{"type":"Polygon","coordinates":[[[120.4828086,23.4650488],[120.4828156,23.4649867],[120.4828413,23.4649481],[120.482846,23.4649117],[120.482846,23.4647082],[120.482846,23.4646847],[120.482874,23.4646547],[120.482945,23.4645847],[120.4830164,23.4645605],[120.4830678,23.4644705],[120.4830631,23.4643934],[120.4830234,23.464342],[120.482958,23.4642863],[120.482916,23.4642649],[120.4828483,23.4642563],[120.4828646,23.4641878],[120.482902,23.4641556],[120.482958,23.4641492],[120.4830398,23.4641835],[120.4831098,23.4642606],[120.4831285,23.4642949],[120.4831238,23.4644212],[120.4831098,23.4644919],[120.4830257,23.464629],[120.482958,23.4648303],[120.4829464,23.4649524],[120.4829394,23.4649953],[120.4829323,23.465021],[120.482902,23.465051],[120.48286,23.4650552],[120.4828086,23.4650488]]]}},{"type":"Feature","properties":{"name":"","name_en":"","water":"pond","natural":"water","landuse":""},"geometry":{"type":"Polygon","coordinates":[[[120.4858809,23.4636729],[120.4858554,23.4636868],[120.4858589,23.4637087],[120.4858688,23.4637202],[120.4860599,23.4638046],[120.4861731,23.4638663],[120.4862545,23.4639604],[120.4862829,23.4639864],[120.4863395,23.4639799],[120.4863961,23.4639766],[120.4864173,23.4639247],[120.4863678,23.4637786],[120.4863182,23.4635903],[120.4863098,23.46357],[120.4862892,23.4635494],[120.4862573,23.463546],[120.4861852,23.4636043],[120.4860977,23.4636571],[120.4860451,23.4636704],[120.4859469,23.4636767],[120.4858809,23.4636729]]]}},{"type":"Feature","properties":{"name":"","name_en":"","water":"","natural":"water","landuse":""},"geometry":{"type":"Polygon","coordinates":[[[120.4871761,23.4712984],[120.4871638,23.471301],[120.4871604,23.4712912],[120.4871636,23.4712794],[120.4872047,23.4712405],[120.4872374,23.4712095],[120.4872517,23.4711913],[120.4872581,23.4711701],[120.4872578,23.4711514],[120.4872637,23.4711273],[120.4872759,23.4711112],[120.4872873,23.471096],[120.4873568,23.4711048],[120.4873685,23.4711059],[120.4873851,23.4711027],[120.4874006,23.4710919],[120.4874122,23.4710796],[120.4874301,23.4710703],[120.4874455,23.4710727],[120.4874662,23.4710828],[120.4874864,23.4711144],[120.4874808,23.4711476],[120.4874732,23.4711594],[120.4874624,23.4711672],[120.4874514,23.4711741],[120.4874359,23.4711792],[120.487419,23.47118],[120.4874064,23.4711763],[120.4873901,23.4711717],[120.4873784,23.4711656],[120.487365,23.471164],[120.4873472,23.4711648],[120.4873051,23.4712012],[120.4872762,23.4712274],[120.48725,23.4712437],[120.4872266,23.4712555],[120.4872044,23.4712713],[120.4871761,23.4712984]]]}},{"type":"Feature","properties":{"name":"","name_en":"","water":"pond","natural":"water","landuse":""},"geometry":{"type":"Polygon","coordinates":[[[120.4804296,23.4629544],[120.4804738,23.4629918],[120.4805269,23.4630275],[120.4805942,23.4630437],[120.4806649,23.4630259],[120.4806809,23.4630031],[120.4806543,23.4629431],[120.4805711,23.4628781],[120.4804897,23.4628457],[120.4803747,23.4628213],[120.4803163,23.4628181],[120.4802898,23.4628522],[120.4802951,23.4628879],[120.4803128,23.4629074],[120.4803765,23.4629333],[120.4804296,23.4629544]]]}},{"type":"Feature","properties":{"name":"","name_en":"","water":"pond","natural":"water","landuse":""},"geometry":{"type":"Polygon","coordinates":[[[120.4892158,23.4731358],[120.4891727,23.4731301],[120.4891357,23.4731018],[120.4891141,23.4730594],[120.489108,23.4730058],[120.4891295,23.4729294],[120.4891542,23.4728644],[120.4892651,23.4728164],[120.4893051,23.4728277],[120.4893791,23.4728192],[120.4894253,23.4727797],[120.4894684,23.4727458],[120.4895239,23.4727684],[120.489564,23.4728079],[120.4895578,23.4728447],[120.4894715,23.4728899],[120.4894037,23.4729492],[120.4893144,23.4730255],[120.489262,23.4730792],[120.4892466,23.4731244],[120.4892158,23.4731358]]]}},{"type":"Feature","properties":{"name":"","name_en":"","water":"pond","natural":"water","landuse":""},"geometry":{"type":"Polygon","coordinates":[[[120.5008543,23.5819036],[120.5008114,23.5818298],[120.500927,23.5817777],[120.5011169,23.5817258],[120.5012624,23.582148],[120.5011614,23.5821961],[120.5011008,23.5822035],[120.5008543,23.5819036]]]}},{"type":"Feature","properties":{"name":"生態池","name_en":"","water":"basin","natural":"water","landuse":""},"geometry":{"type":"Polygon","coordinates":[[[120.5454237,23.6095466],[120.5454881,23.6095442],[120.545531,23.6095294],[120.5455551,23.6095147],[120.5455954,23.6095147],[120.5456329,23.609527],[120.5456919,23.6095171],[120.545767,23.6094999],[120.5457939,23.6094606],[120.5458073,23.6094286],[120.5458019,23.6093869],[120.5458207,23.6093549],[120.5457644,23.6093279],[120.5457349,23.6093279],[120.5457161,23.6093574],[120.5456598,23.6093623],[120.5456222,23.609377],[120.5455847,23.6094041],[120.5455525,23.6094114],[120.5454961,23.6094213],[120.5454559,23.6094237],[120.5454076,23.6094188],[120.5453835,23.6094409],[120.5453647,23.6094655],[120.545362,23.6094925],[120.5453808,23.609522],[120.5454237,23.6095466]]]}},{"type":"Feature","properties":{"name":"觀音水池","name_en":"","water":"basin","natural":"water","landuse":""},"geometry":{"type":"Polygon","coordinates":[[[120.6043405,23.5618131],[120.6043476,23.5618],[120.6043591,23.5617898],[120.6043737,23.5617839],[120.6043896,23.5617828],[120.604405,23.5617866],[120.604417,23.5617941],[120.6044259,23.5618046],[120.6044309,23.561817],[120.6044315,23.5618303],[120.6044275,23.5618431],[120.6044195,23.5618542],[120.6044082,23.5618624],[120.6043946,23.5618671],[120.6043787,23.5618676],[120.6043635,23.5618631],[120.6043508,23.5618542],[120.6043422,23.5618419],[120.6043386,23.5618276],[120.6043405,23.5618131]]]}},{"type":"Feature","properties":{"name":"","name_en":"","water":"","natural":"water","landuse":""},"geometry":{"type":"Polygon","coordinates":[[[120.3027451,23.558877],[120.3032132,23.5587578],[120.3033178,23.5591388],[120.3031864,23.5592372],[120.3030228,23.5592532],[120.3029007,23.5592519],[120.3028632,23.559204],[120.3028055,23.5591892],[120.3027451,23.558877]]]}},{"type":"Feature","properties":{"name":"","name_en":"","water":"pond","natural":"water","landuse":""},"geometry":{"type":"Polygon","coordinates":[[[120.3864001,23.4973481],[120.3865315,23.4972866],[120.3864215,23.4971045],[120.3864242,23.4970111],[120.386502,23.4968955],[120.3865717,23.4968364],[120.3867058,23.496829],[120.3868346,23.496834],[120.3868775,23.496893],[120.3869285,23.4970455],[120.3869446,23.4970922],[120.3870384,23.4970775],[120.3870411,23.4969791],[120.3869955,23.4969324],[120.3868963,23.4966052],[120.3867327,23.4965929],[120.3862525,23.4966396],[120.3861426,23.4966519],[120.3859682,23.4967479],[120.3859039,23.4968192],[120.3857885,23.4968758],[120.3857081,23.4969816],[120.3857027,23.4970849],[120.3857724,23.4971611],[120.3858422,23.4972398],[120.3858341,23.4973431],[120.3859253,23.497353],[120.3860031,23.4972103],[120.3861131,23.4971045],[120.3862391,23.4970652],[120.3862955,23.4970898],[120.3864001,23.4973481]]]}},{"type":"Feature","properties":{"name":"景觀水池","name_en":"","water":"pond","natural":"water","landuse":""},"geometry":{"type":"Polygon","coordinates":[[[120.5960992,23.4615007],[120.5960809,23.461566],[120.5960788,23.4615902],[120.5960788,23.4616182],[120.5960239,23.4616126],[120.5960117,23.461579],[120.5960138,23.4615492],[120.5960504,23.4615044],[120.5960727,23.4614802],[120.5960992,23.4615007]]]}},{"type":"Feature","properties":{"name":"","name_en":"","water":"reservoir","natural":"water","landuse":""},"geometry":{"type":"Polygon","coordinates":[[[120.3216319,23.5690571],[120.3216061,23.5691384],[120.3217486,23.5691837],[120.3217703,23.5691021],[120.3216319,23.5690571]]]}},{"type":"Feature","properties":{"name":"","name_en":"","water":"","natural":"water","landuse":""},"geometry":{"type":"Polygon","coordinates":[[[120.3057843,23.5652137],[120.3058699,23.5651996],[120.3058405,23.5650487],[120.3057549,23.5650627],[120.3057843,23.5652137]]]}},{"type":"Feature","properties":{"name":"","name_en":"","water":"","natural":"water","landuse":""},"geometry":{"type":"Polygon","coordinates":[[[120.3059311,23.5651922],[120.3060205,23.5651788],[120.3059928,23.5650233],[120.3059035,23.5650367],[120.3059311,23.5651922]]]}},{"type":"Feature","properties":{"name":"","name_en":"","water":"","natural":"water","landuse":""},"geometry":{"type":"Polygon","coordinates":[[[120.3060691,23.5651657],[120.3061577,23.5651516],[120.306132,23.5650155],[120.3060434,23.5650295],[120.3060691,23.5651657]]]}},{"type":"Feature","properties":{"name":"橄欖湖","name_en":"","water":"","natural":"water","landuse":""},"geometry":{"type":"Polygon","coordinates":[[[120.4889128,23.5678153],[120.4889496,23.5678153],[120.4891039,23.5679573],[120.4891434,23.5680249],[120.4891461,23.5680992],[120.4890938,23.5681558],[120.4887706,23.5681761],[120.4885949,23.5681871],[120.4882891,23.5682492],[120.4879297,23.5683771],[120.4878171,23.5683869],[120.4877312,23.5683574],[120.4877084,23.568275],[120.4877185,23.5682455],[120.4889128,23.5678153]]]}},{"type":"Feature","properties":{"name":"","name_en":"","water":"pond","natural":"water","landuse":""},"geometry":{"type":"Polygon","coordinates":[[[120.5772371,23.6166411],[120.5770225,23.6168426],[120.5768938,23.6168869],[120.5767597,23.6168733],[120.5766571,23.6168031],[120.5766309,23.6166755],[120.5766468,23.6165795],[120.5766846,23.6164986],[120.5769421,23.6163167],[120.5770225,23.6164003],[120.5769099,23.616474],[120.5768804,23.6165612],[120.5769421,23.6166362],[120.5770279,23.616646],[120.5771566,23.6165428],[120.5772371,23.6166411]]]}},{"type":"Feature","properties":{"name":"","name_en":"","water":"pond","natural":"water","landuse":""},"geometry":{"type":"Polygon","coordinates":[[[120.5775214,23.6158891],[120.5774463,23.6159579],[120.5774517,23.6160808],[120.5775268,23.6161643],[120.5775936,23.6162312],[120.5777294,23.616216],[120.5778611,23.6161798],[120.5778262,23.6159984],[120.5777896,23.6159432],[120.5776823,23.6158891],[120.5776019,23.6158645],[120.5775214,23.6158891]]]}},{"type":"Feature","properties":{"name":"","name_en":"","water":"pond","natural":"water","landuse":""},"geometry":{"type":"Polygon","coordinates":[[[120.4875724,23.6176661],[120.4877636,23.6166232],[120.4877807,23.6166086],[120.4877995,23.6166056],[120.487829,23.616616],[120.4878639,23.6166338],[120.4879014,23.6166713],[120.4879432,23.6167193],[120.4880724,23.6170101],[120.4880986,23.6170233],[120.4881723,23.6171892],[120.4882179,23.6172593],[120.4882582,23.6172974],[120.488289,23.6174718],[120.4883172,23.6176082],[120.4883669,23.6177306],[120.4875724,23.6176661]]]}},{"type":"Feature","properties":{"name":"","name_en":"","water":"pond","natural":"water","landuse":""},"geometry":{"type":"Polygon","coordinates":[[[120.4792691,23.5282559],[120.4784255,23.5280305],[120.4784593,23.5276624],[120.4794066,23.5276624],[120.4792691,23.5282559]]]}},{"type":"Feature","properties":{"name":"","name_en":"","water":"pond","natural":"water","landuse":""},"geometry":{"type":"Polygon","coordinates":[[[120.4763018,23.5304682],[120.47697,23.5303498],[120.4769046,23.5300339],[120.4762316,23.5301509],[120.4763018,23.5304682]]]}},{"type":"Feature","properties":{"name":"","name_en":"","water":"pond","natural":"water","landuse":""},"geometry":{"type":"Polygon","coordinates":[[[120.4710202,23.5347128],[120.4714201,23.534719],[120.4714246,23.5338076],[120.471027,23.5338034],[120.4710202,23.5347128]]]}},{"type":"Feature","properties":{"name":"","name_en":"","water":"pond","natural":"water","landuse":""},"geometry":{"type":"Polygon","coordinates":[[[120.4752462,23.5284315],[120.4765029,23.5284491],[120.4767868,23.5279665],[120.4767708,23.5279373],[120.4754567,23.527949],[120.4753546,23.5279841],[120.4752462,23.5284315]]]}},{"type":"Feature","properties":{"name":"","name_en":"","water":"pond","natural":"water","landuse":""},"geometry":{"type":"Polygon","coordinates":[[[120.4747351,23.5241273],[120.4750689,23.5244623],[120.4753666,23.5244623],[120.4754072,23.5242307],[120.4754027,23.524088],[120.4753846,23.5240156],[120.4752764,23.5238792],[120.4749516,23.5240611],[120.4747351,23.5241273]]]}},{"type":"Feature","properties":{"name":"","name_en":"","water":"pond","natural":"water","landuse":""},"geometry":{"type":"Polygon","coordinates":[[[120.4784213,23.5270338],[120.4784676,23.5270307],[120.4784901,23.5270049],[120.4785036,23.5269646],[120.478507,23.5269222],[120.4785115,23.5268632],[120.4784935,23.5268229],[120.4784348,23.5268033],[120.4783751,23.5268208],[120.4783491,23.5268756],[120.4783367,23.5269377],[120.4783491,23.5269904],[120.4783762,23.5270256],[120.4784213,23.5270338]]]}},{"type":"Feature","properties":{"name":"","name_en":"","water":"pond","natural":"water","landuse":""},"geometry":{"type":"Polygon","coordinates":[[[120.3113071,23.4580564],[120.3112087,23.4581307],[120.3108688,23.4583967],[120.3108639,23.4583633],[120.310957,23.4582208],[120.3109991,23.4581104],[120.3109868,23.4579634],[120.3109453,23.4578937],[120.3110161,23.4578082],[120.3110769,23.4577897],[120.3111416,23.4578319],[120.3112225,23.4578106],[120.3113071,23.4580564]]]}},{"type":"Feature","properties":{"name":"","name_en":"","water":"pond","natural":"water","landuse":""},"geometry":{"type":"Polygon","coordinates":[[[120.3586965,23.445109],[120.3585827,23.4451127],[120.3585054,23.4450195],[120.3582452,23.4448815],[120.3580054,23.4445906],[120.3577736,23.4444675],[120.3576598,23.4442735],[120.3573468,23.4440385],[120.3570622,23.4440572],[120.3566719,23.4437924],[120.3569118,23.4437364],[120.3572248,23.443729],[120.3576761,23.443867],[120.3579932,23.4438931],[120.3582897,23.4444836],[120.3586965,23.445109]]]}},{"type":"Feature","properties":{"name":"","name_en":"","water":"pond","natural":"water","landuse":""},"geometry":{"type":"Polygon","coordinates":[[[120.3576657,23.4427177],[120.3569183,23.4420539],[120.356885,23.4419293],[120.3569142,23.4418338],[120.3573554,23.4421204],[120.3576558,23.4421369],[120.3576657,23.4427177]]]}},{"type":"Feature","properties":{"name":"","name_en":"","water":"pond","natural":"water","landuse":""},"geometry":{"type":"Polygon","coordinates":[[[120.4521014,23.4893777],[120.4518507,23.4895366],[120.4517798,23.4895537],[120.4517182,23.4895526],[120.4516404,23.4894365],[120.4516622,23.4890935],[120.4517791,23.4890246],[120.4519571,23.488994],[120.4521167,23.4890331],[120.4521521,23.4891975],[120.4521014,23.4893777]]]}},{"type":"Feature","properties":{"name":"","name_en":"","water":"pond","natural":"water","landuse":""},"geometry":{"type":"Polygon","coordinates":[[[120.3820566,23.4386454],[120.3822569,23.4385295],[120.382414,23.4386256],[120.3823524,23.4388037],[120.3820967,23.4388715],[120.3819827,23.4387528],[120.3820566,23.4386454]]]}},{"type":"Feature","properties":{"name":"","name_en":"","water":"pond","natural":"water","landuse":""},"geometry":{"type":"Polygon","coordinates":[[[120.3086197,23.4981255],[120.3088331,23.4979652],[120.3089246,23.4979857],[120.3090669,23.4980603],[120.3091116,23.4980677],[120.3091482,23.498023],[120.3091502,23.4979671],[120.3091299,23.4978813],[120.3091401,23.4978235],[120.3091746,23.4977806],[120.3092336,23.4977508],[120.3092702,23.4977005],[120.3092519,23.4976632],[120.3090608,23.49757],[120.3089327,23.4975905],[120.3089348,23.4976502],[120.3089104,23.4976949],[120.3088392,23.4977657],[120.3087701,23.4978161],[120.308703,23.4978366],[120.3085302,23.4978552],[120.3085445,23.4979633],[120.3085607,23.4980267],[120.3085648,23.4980603],[120.3085607,23.4981162],[120.3085851,23.4981311],[120.3086197,23.4981255]]]}},{"type":"Feature","properties":{"name":"","name_en":"","water":"pond","natural":"water","landuse":""},"geometry":{"type":"Polygon","coordinates":[[[120.3928911,23.479616],[120.391894,23.4790774],[120.3919062,23.4788361],[120.3919491,23.4787295],[120.3920164,23.478679],[120.39231,23.4789259],[120.3926097,23.4789876],[120.3927198,23.4789371],[120.3928605,23.4790044],[120.3932703,23.4790886],[120.3932214,23.4792289],[120.3930073,23.4795094],[120.3928911,23.479616]]]}},{"type":"Feature","properties":{"name":"","name_en":"","water":"pond","natural":"water","landuse":""},"geometry":{"type":"Polygon","coordinates":[[[120.3931419,23.4795767],[120.3933988,23.4791671],[120.3938576,23.4791335],[120.3938576,23.4788754],[120.3934172,23.4787015],[120.3931235,23.4785668],[120.3931297,23.4784322],[120.3932703,23.4783256],[120.3934539,23.4782975],[120.3935578,23.4783817],[120.3938515,23.478449],[120.3941084,23.4785949],[120.3943714,23.4785949],[120.3944387,23.478578],[120.394402,23.4789652],[120.3943347,23.4790605],[120.3943653,23.4792008],[120.394457,23.4794421],[120.3943408,23.4795767],[120.3943286,23.479745],[120.3943164,23.4798404],[120.3943286,23.4799582],[120.3942124,23.4804071],[120.3940472,23.4804463],[120.3937536,23.4804183],[120.3931419,23.4795767]]]}},{"type":"Feature","properties":{"name":"","name_en":"","water":"pond","natural":"water","landuse":""},"geometry":{"type":"Polygon","coordinates":[[[120.3944142,23.4803397],[120.3944937,23.4800536],[120.3945916,23.4799694],[120.3948241,23.4799751],[120.3950871,23.4800424],[120.3950871,23.4802444],[120.3948363,23.4802949],[120.3945427,23.4803734],[120.3944142,23.4803397]]]}},{"type":"Feature","properties":{"name":"","name_en":"","water":"pond","natural":"water","landuse":""},"geometry":{"type":"Polygon","coordinates":[[[120.3952094,23.4802275],[120.3952033,23.480076],[120.3953501,23.4800592],[120.395552,23.4800312],[120.3957233,23.4799358],[120.3957477,23.4801995],[120.3954847,23.4802388],[120.3952094,23.4802275]]]}},{"type":"Feature","properties":{"name":"","name_en":"","water":"pond","natural":"water","landuse":""},"geometry":{"type":"Polygon","coordinates":[[[120.3959251,23.4801153],[120.3958578,23.4798628],[120.3960108,23.4796553],[120.3965062,23.4797058],[120.3965552,23.4800424],[120.3962616,23.4800873],[120.3959251,23.4801153]]]}},{"type":"Feature","properties":{"name":"","name_en":"","water":"pond","natural":"water","landuse":""},"geometry":{"type":"Polygon","coordinates":[[[120.3961328,23.4795266],[120.3966006,23.4795854],[120.3966715,23.4795775],[120.3968794,23.4792962],[120.3971063,23.4792235],[120.3973268,23.4791841],[120.3974033,23.4791901],[120.3975139,23.4793457],[120.397722,23.4793704],[120.3979205,23.4793612],[120.3979959,23.4793265],[120.3980111,23.4792596],[120.398002,23.4791812],[120.3977753,23.4788522],[120.397561,23.4788664],[120.3973477,23.4788581],[120.3971552,23.4788412],[120.3969106,23.4788608],[120.3967024,23.478914],[120.396402,23.4790351],[120.3962863,23.4791381],[120.396064,23.4794487],[120.3961328,23.4795266]]]}},{"type":"Feature","properties":{"name":"","name_en":"","water":"pond","natural":"water","landuse":""},"geometry":{"type":"Polygon","coordinates":[[[120.3980477,23.4790549],[120.3978826,23.4788417],[120.3980294,23.4786959],[120.3981884,23.4785444],[120.3983413,23.4783704],[120.3984331,23.478146],[120.3983964,23.477916],[120.3982985,23.4777028],[120.3982312,23.4775625],[120.3982618,23.4774615],[120.3983536,23.4775569],[120.3984515,23.4777757],[120.3985554,23.4779721],[120.3986717,23.4780787],[120.3988613,23.4780787],[120.3989653,23.4782919],[120.3986839,23.4783929],[120.3985249,23.4785051],[120.3984453,23.4787407],[120.3983719,23.4788754],[120.3982068,23.4789988],[120.3981334,23.4790493],[120.3980477,23.4790549]]]}},{"type":"Feature","properties":{"name":"","name_en":"","water":"pond","natural":"water","landuse":""},"geometry":{"type":"Polygon","coordinates":[[[120.3677431,23.4634932],[120.3676496,23.4633217],[120.3679098,23.4631874],[120.3681781,23.4629935],[120.3682797,23.4627884],[120.3684789,23.4628257],[120.3683814,23.4630121],[120.3682187,23.4632061],[120.3680236,23.4633813],[120.3678447,23.4634671],[120.3677431,23.4634932]]]}},{"type":"Feature","properties":{"name":"","name_en":"","water":"pond","natural":"water","landuse":""},"geometry":{"type":"Polygon","coordinates":[[[120.3683285,23.4627362],[120.368422,23.4627399],[120.3684627,23.4626728],[120.368544,23.4626579],[120.3685968,23.462587],[120.3688164,23.4624416],[120.3688489,23.4623782],[120.3688977,23.4623371],[120.3690237,23.4623744],[120.3691416,23.4624639],[120.3691619,23.4625572],[120.3692026,23.462587],[120.3693164,23.4625646],[120.369414,23.4625982],[120.3694181,23.4627585],[120.3694018,23.4628592],[120.3694506,23.4628742],[120.3695116,23.4627809],[120.36954,23.4627026],[120.3696254,23.4626728],[120.3696864,23.4627213],[120.3697474,23.4627585],[120.3697839,23.4627287],[120.369788,23.4626206],[120.3698043,23.4624677],[120.3697921,23.4623334],[120.3697921,23.4622588],[120.369723,23.4622066],[120.3696539,23.4622476],[120.3696254,23.4622924],[120.3695197,23.462311],[120.3694587,23.4622737],[120.3693571,23.4622327],[120.3692595,23.4621991],[120.3691823,23.4621507],[120.3691172,23.4620985],[120.3690115,23.4620649],[120.3689465,23.4620201],[120.3689139,23.4619455],[120.3689221,23.4618821],[120.368983,23.4618188],[120.3689668,23.4617516],[120.3689099,23.4617404],[120.3686456,23.4617777],[120.3685968,23.4618896],[120.3685928,23.4619903],[120.3686334,23.4620612],[120.3685602,23.4622514],[120.3684179,23.4622364],[120.3681415,23.4621917],[120.3680602,23.4622141],[120.368048,23.4622737],[120.3680968,23.4622924],[120.3681781,23.4622924],[120.368296,23.4623409],[120.3683082,23.4624341],[120.3682919,23.462546],[120.3683001,23.4626429],[120.3683285,23.4627362]]]}},{"type":"Feature","properties":{"name":"九芎埤","name_en":"","water":"pond","natural":"water","landuse":""},"geometry":{"type":"Polygon","coordinates":[[[120.3696254,23.4637505],[120.3696986,23.4637543],[120.3698409,23.4636387],[120.3699059,23.4634671],[120.3700075,23.4632881],[120.3701702,23.4631389],[120.3703165,23.4630606],[120.3705157,23.4629935],[120.3706336,23.462904],[120.3707271,23.4628704],[120.3709792,23.4628816],[120.3711865,23.4628518],[120.3712841,23.4628704],[120.3715402,23.4629562],[120.3717191,23.4630084],[120.371837,23.4629898],[120.371963,23.4628928],[120.372085,23.4629003],[120.3721338,23.4629413],[120.3722029,23.4630606],[120.3722436,23.4632434],[120.3722761,23.463303],[120.3723574,23.4633366],[120.3724997,23.4633888],[120.3725851,23.4634373],[120.3726379,23.4634746],[120.372707,23.4634783],[120.3728452,23.4634373],[120.3729225,23.4634373],[120.3729957,23.4634485],[120.3732111,23.4634708],[120.3733738,23.4634708],[120.373516,23.4634447],[120.3736181,23.4633925],[120.3737035,23.4633515],[120.3738295,23.4633776],[120.3739027,23.4634485],[120.3739514,23.4635305],[120.3740653,23.4635566],[120.3742726,23.4635827],[120.3744718,23.4635976],[120.3745531,23.463579],[120.3745938,23.4635156],[120.3745084,23.4634336],[120.3744108,23.4633813],[120.3743458,23.4633142],[120.3742198,23.4632695],[120.3740815,23.4632583],[120.3740124,23.4632098],[120.3740124,23.4630905],[120.373988,23.4629823],[120.3738986,23.4629338],[120.3737319,23.4629189],[120.3736059,23.4629376],[120.3735449,23.4629748],[120.3734595,23.4630681],[120.373362,23.4631613],[120.3732766,23.4632135],[120.3731343,23.4632434],[120.3730123,23.4632322],[120.3728294,23.46318],[120.3726668,23.4631277],[120.3726058,23.4630793],[120.3725204,23.4629674],[120.3724554,23.4629003],[120.3723862,23.4627847],[120.3723375,23.4627026],[120.3722683,23.4626056],[120.3721504,23.4625646],[120.3720122,23.4625199],[120.3717154,23.4624677],[120.3714268,23.4624938],[120.3712845,23.4624788],[120.3710812,23.462408],[120.3709511,23.462352],[120.370878,23.4622812],[120.3708536,23.4622364],[120.370882,23.4621768],[120.3709227,23.4621357],[120.3710162,23.4620873],[120.3711422,23.4620276],[120.3712804,23.4619679],[120.3713455,23.4618933],[120.3713211,23.461815],[120.3712113,23.4617777],[120.3710894,23.4618076],[120.3710121,23.4617852],[120.3709227,23.4617367],[120.3708251,23.4616621],[120.3707438,23.4616621],[120.37063,23.4616994],[120.370569,23.4616658],[120.3704633,23.461636],[120.3703616,23.4615801],[120.3702356,23.461539],[120.3700852,23.4614458],[120.3699348,23.4613899],[120.3698209,23.4613675],[120.3697234,23.4613824],[120.3696746,23.4614384],[120.3696339,23.4615465],[120.3696868,23.4616658],[120.3697396,23.4617516],[120.3697965,23.4618299],[120.3697762,23.4619269],[120.3698087,23.4619791],[120.3698697,23.4620239],[120.3699388,23.4620761],[120.370012,23.4622364],[120.3700283,23.4624602],[120.3700079,23.4626429],[120.3699307,23.4628145],[120.3698494,23.4629711],[120.3697356,23.4630942],[120.369638,23.463221],[120.3695689,23.4633217],[120.3695445,23.4633627],[120.3695607,23.4635454],[120.3695404,23.4636014],[120.3696254,23.4637505]]]}},{"type":"Feature","properties":{"name":"","name_en":"","water":"pond","natural":"water","landuse":""},"geometry":{"type":"Polygon","coordinates":[[[120.3798574,23.6047801],[120.3799526,23.6047335],[120.3800563,23.6047121],[120.3801771,23.6046725],[120.3802151,23.6045993],[120.3802222,23.6044948],[120.3802344,23.6043932],[120.380168,23.6042728],[120.3801584,23.6041819],[120.3801962,23.6040614],[120.3801704,23.6039891],[120.3801082,23.6039212],[120.380009,23.6038988],[120.3798283,23.6038779],[120.3797753,23.6041166],[120.3797445,23.6045273],[120.3797781,23.6046243],[120.3798574,23.6047801]]]}},{"type":"Feature","properties":{"name":"","name_en":"","water":"pond","natural":"water","landuse":""},"geometry":{"type":"Polygon","coordinates":[[[120.475352,23.5820151],[120.4755616,23.5820535],[120.475834,23.5822167],[120.4760225,23.5819478],[120.4761378,23.5818134],[120.4763683,23.5817846],[120.4763997,23.5820439],[120.4764835,23.5822359],[120.4766092,23.5822071],[120.4768607,23.5819767],[120.4770388,23.5815638],[120.4770388,23.5812565],[120.4771435,23.5809877],[120.4771907,23.5807188],[120.4769654,23.5805844],[120.4767454,23.5806324],[120.4764835,23.5808341],[120.4762426,23.5808341],[120.4760435,23.5809589],[120.4758654,23.5808917],[120.4756978,23.5810165],[120.4754044,23.5810837],[120.4752682,23.581391],[120.475153,23.5816022],[120.475373,23.581823],[120.475352,23.5820151]]]}},{"type":"Feature","properties":{"name":"古香湖","name_en":"Guxiang Lake","water":"lake","natural":"water","landuse":""},"geometry":{"type":"Polygon","coordinates":[[[120.4478924,23.492676],[120.4477516,23.4927273],[120.4475578,23.4927137],[120.4473547,23.4926712],[120.4471578,23.4925693],[120.4469355,23.4923988],[120.4468463,23.4923051],[120.446791,23.4921779],[120.4467453,23.4920013],[120.4467089,23.4919372],[120.4466347,23.4918762],[120.4464658,23.4918499],[120.446284,23.4918472],[120.4460662,23.4918684],[120.4459856,23.4919543],[120.4459659,23.4919153],[120.445976,23.4918116],[120.4460134,23.4917232],[120.446109,23.4916224],[120.4462104,23.4915688],[120.4463339,23.4915417],[120.4465155,23.4915798],[120.4466385,23.4916434],[120.4466761,23.4916854],[120.4468094,23.4917056],[120.4467931,23.491621],[120.4467231,23.491531],[120.44679,23.4913064],[120.4469082,23.4911541],[120.4470262,23.4910009],[120.4471395,23.4908691],[120.447294,23.4907644],[120.4473893,23.4907166],[120.4474597,23.4906804],[120.4475111,23.4906908],[120.4475347,23.4907704],[120.4475347,23.4908375],[120.4475162,23.4909263],[120.4474976,23.491021],[120.4474389,23.4911046],[120.4474035,23.4911566],[120.4473418,23.4912212],[120.4473,23.4913213],[120.4472382,23.4915212],[120.4472171,23.4916367],[120.4472264,23.4917204],[120.4472813,23.4918169],[120.4473134,23.4918948],[120.4472922,23.4919616],[120.4471803,23.4920483],[120.4471044,23.4921242],[120.4471168,23.4921938],[120.4471801,23.4922479],[120.4473076,23.492252],[120.4474127,23.4922382],[120.4474721,23.4922711],[120.4475214,23.4923328],[120.4475614,23.4924151],[120.4476182,23.4925128],[120.4477349,23.4926028],[120.4478924,23.492676]]]}},{"type":"Feature","properties":{"name":"鵝湖","name_en":"","water":"pond","natural":"water","landuse":""},"geometry":{"type":"Polygon","coordinates":[[[120.4201096,23.5461348],[120.4200408,23.5459649],[120.4200549,23.5458578],[120.420067,23.5457705],[120.4201698,23.5455601],[120.4204387,23.5454598],[120.420644,23.5454079],[120.4207431,23.5452781],[120.4208705,23.5451029],[120.4212173,23.5450445],[120.4214934,23.5450964],[120.4215217,23.5452521],[120.4214155,23.5454014],[120.4212587,23.5455106],[120.4211425,23.5455026],[120.4209508,23.5455057],[120.4208492,23.5454728],[120.4207431,23.5454987],[120.4206913,23.5455501],[120.4207378,23.5456843],[120.4207376,23.5458001],[120.4207611,23.5458891],[120.4206992,23.5459823],[120.4205354,23.5460264],[120.4203254,23.5461476],[120.420237,23.5461607],[120.4201096,23.5461348]]]}},{"type":"Feature","properties":{"name":"","name_en":"","water":"pond","natural":"water","landuse":""},"geometry":{"type":"Polygon","coordinates":[[[120.3401125,23.5688947],[120.3402111,23.5691149],[120.3402912,23.5694369],[120.3403898,23.5696346],[120.3404884,23.5697984],[120.3406733,23.5698605],[120.3409013,23.5698266],[120.3412956,23.5696289],[120.3417701,23.5693804],[120.3418009,23.5691319],[120.3418687,23.5689568],[120.3420228,23.5686687],[120.3418194,23.5684598],[120.3415113,23.5686236],[120.3412279,23.5687535],[120.3408273,23.5688721],[120.3404083,23.5689342],[120.3401125,23.5688947]]]}},{"type":"Feature","properties":{"name":"","name_en":"","water":"","natural":"water","landuse":""},"geometry":{"type":"Polygon","coordinates":[[[120.3038629,23.4645407],[120.3038426,23.4645519],[120.3038202,23.4645519],[120.3037999,23.4645426],[120.3037897,23.4645184],[120.3037999,23.4644923],[120.3037918,23.4644661],[120.3037694,23.4644494],[120.3037552,23.4644214],[120.3037633,23.4643972],[120.3037816,23.4643692],[120.3038101,23.4643599],[120.3038406,23.4643617],[120.303865,23.4643748],[120.3038914,23.4643655],[120.3039036,23.4643412],[120.3039239,23.4643282],[120.3039503,23.4643338],[120.3039686,23.4643505],[120.3039666,23.4643822],[120.3039524,23.4644139],[120.3039544,23.46444],[120.303995,23.4644568],[120.3040052,23.4644811],[120.3039971,23.4645034],[120.3039768,23.4645221],[120.3039422,23.4645258],[120.3039137,23.4645165],[120.3038853,23.4645109],[120.3038629,23.4645407]]]}},{"type":"Feature","properties":{"name":"","name_en":"","water":"pond","natural":"water","landuse":""},"geometry":{"type":"Polygon","coordinates":[[[120.3108688,23.4583967],[120.3107227,23.4585699],[120.3107552,23.458693],[120.3108324,23.4587899],[120.3109422,23.4588459],[120.311056,23.458885],[120.3109178,23.4589727],[120.3107999,23.4589876],[120.3106902,23.4589727],[120.3105641,23.4589093],[120.3104747,23.4588086],[120.3104584,23.458693],[120.3105519,23.4585699],[120.3106576,23.4584841],[120.3108639,23.4583633],[120.3108688,23.4583967]]]}},{"type":"Feature","properties":{"name":"","name_en":"","water":"","natural":"water","landuse":""},"geometry":{"type":"Polygon","coordinates":[[[120.3286148,23.4882592],[120.3284766,23.4882592],[120.3283221,23.4880803],[120.3284603,23.4878416],[120.328566,23.4878192],[120.3288994,23.4876701],[120.3292734,23.4874389],[120.3297777,23.4869131],[120.3299552,23.4867503],[120.3300789,23.4866711],[120.3302751,23.4864934],[120.3306183,23.4861828],[120.330658,23.4861743],[120.3306837,23.4862021],[120.3306207,23.4863948],[120.3303918,23.4865555],[120.3303311,23.4865576],[120.330212,23.4866861],[120.3302471,23.4867846],[120.3302237,23.486881],[120.3300649,23.4869538],[120.3298735,23.4869859],[120.3296586,23.4872172],[120.3294859,23.487457],[120.3293481,23.4876082],[120.3291403,23.4877881],[120.3290025,23.4878266],[120.3288951,23.4878523],[120.3288577,23.4879658],[120.3288222,23.4879937],[120.3286845,23.4880515],[120.3286148,23.4882592]]]}},{"type":"Feature","properties":{"name":"","name_en":"","water":"","natural":"water","landuse":""},"geometry":{"type":"Polygon","coordinates":[[[120.3306686,23.4861537],[120.3307317,23.4861558],[120.3308998,23.4862479],[120.3309605,23.486325],[120.3310376,23.4863828],[120.3310936,23.4864471],[120.3311356,23.4864599],[120.331187,23.4864406],[120.3311753,23.4862372],[120.3311286,23.4861794],[120.3309465,23.4861001],[120.3309232,23.4860402],[120.3307177,23.4859545],[120.3306546,23.4861066],[120.3306686,23.4861537]]]}},{"type":"Feature","properties":{"name":"","name_en":"","water":"","natural":"water","landuse":""},"geometry":{"type":"Polygon","coordinates":[[[120.3307177,23.4858603],[120.3307434,23.4859331],[120.3309232,23.4859866],[120.3310049,23.4859053],[120.3311894,23.4855283],[120.3314042,23.484995],[120.3312711,23.4849286],[120.3311987,23.4849586],[120.3311777,23.4850614],[120.3307177,23.4858603]]]}},{"type":"Feature","properties":{"name":"","name_en":"","water":"","natural":"water","landuse":""},"geometry":{"type":"Polygon","coordinates":[[[120.3278233,23.4903581],[120.3280392,23.4903094],[120.3281064,23.4901438],[120.3282338,23.4901179],[120.3284674,23.4893973],[120.3288779,23.4892609],[120.329285,23.4893713],[120.3294301,23.4895498],[120.3298548,23.4896667],[120.3300459,23.4893778],[120.3290266,23.4889753],[120.3287647,23.4888877],[120.3285984,23.4887318],[120.3284143,23.488826],[120.3283683,23.4890792],[120.328209,23.4892512],[120.3279931,23.4893648],[120.3278233,23.489368],[120.327795,23.4895985],[120.3278233,23.4903581]]]}},{"type":"Feature","properties":{"name":"","name_en":"","water":"pond","natural":"water","landuse":""},"geometry":{"type":"Polygon","coordinates":[[[120.3528931,23.5566231],[120.3529247,23.556357],[120.3529543,23.5563319],[120.3532263,23.5564029],[120.353239,23.5567562],[120.3532238,23.556773],[120.3528931,23.5566231]]]}},{"type":"Feature","properties":{"name":"","name_en":"","water":"pond","natural":"water","landuse":""},"geometry":{"type":"Polygon","coordinates":[[[120.3545676,23.5567892],[120.3545884,23.5568552],[120.354788,23.5568738],[120.3549563,23.5568572],[120.3550234,23.5568356],[120.35503,23.5567075],[120.3548266,23.556668],[120.3544785,23.5566253],[120.3544519,23.5567649],[120.3545676,23.5567892]]]}},{"type":"Feature","properties":{"name":"","name_en":"","water":"","natural":"water","landuse":""},"geometry":{"type":"Polygon","coordinates":[[[120.4497053,23.4908305],[120.4497152,23.4910298],[120.4495825,23.4912565],[120.4492348,23.4920837],[120.4491419,23.4922844],[120.4491449,23.4923916],[120.4491299,23.4925125],[120.4489981,23.4926417],[120.4488752,23.4926994],[120.4488033,23.4928643],[120.4487733,23.4929907],[120.4487673,23.4931254],[120.4486325,23.4934607],[120.4486445,23.4936421],[120.4486175,23.4937548],[120.4485426,23.4938372],[120.4484587,23.4938922],[120.4479552,23.4943429],[120.4479103,23.4944254],[120.4478803,23.4945545],[120.4478233,23.494626],[120.4474757,23.4947689],[120.4473259,23.4947717],[120.4471285,23.4950615],[120.4469046,23.4950319],[120.44737,23.494547],[120.4474387,23.4944603],[120.4474409,23.4943716],[120.4475483,23.4942396],[120.4476751,23.4942534],[120.447703,23.4942809],[120.4479845,23.4940465],[120.4482187,23.4938297],[120.4482939,23.4936937],[120.4484701,23.4932799],[120.4486549,23.492872],[120.4487086,23.4926356],[120.4487,23.4925646],[120.4486484,23.4925488],[120.4486656,23.4925016],[120.4487233,23.4925199],[120.4487537,23.4924227],[120.4488568,23.492336],[120.4490244,23.4920542],[120.4492543,23.4915261],[120.449351,23.4913133],[120.449451,23.4910634],[120.4495079,23.4909901],[120.4497053,23.4908305]]]}},{"type":"Feature","properties":{"name":"","name_en":"","water":"","natural":"water","landuse":""},"geometry":{"type":"Polygon","coordinates":[[[120.4551753,23.4920379],[120.4554111,23.4920901],[120.4561022,23.4920976],[120.4561299,23.491987],[120.4553588,23.4919956],[120.4551951,23.4919292],[120.4532248,23.4908987],[120.4532035,23.491009],[120.4551753,23.4920379]]]}},{"type":"Feature","properties":{"name":"","name_en":"","water":"","natural":"water","landuse":""},"geometry":{"type":"Polygon","coordinates":[[[120.4523301,23.4906783],[120.4523511,23.4905584],[120.4511015,23.4905349],[120.4501091,23.4906762],[120.4500998,23.4907661],[120.4502866,23.490764],[120.4506135,23.4907083],[120.4511436,23.4906269],[120.4523301,23.4906783]]]}},{"type":"Feature","properties":{"name":"","name_en":"","water":"pond","natural":"water","landuse":""},"geometry":{"type":"Polygon","coordinates":[[[120.5021806,23.5036393],[120.5023347,23.5036736],[120.5024982,23.5036265],[120.5026149,23.5035451],[120.502699,23.5034338],[120.5028484,23.5033995],[120.5028204,23.5032025],[120.5025215,23.5032796],[120.5023627,23.5033738],[120.5021806,23.5036393]]]}},{"type":"Feature","properties":{"name":"","name_en":"","water":"pond","natural":"water","landuse":""},"geometry":{"type":"Polygon","coordinates":[[[120.5024001,23.503194],[120.5020919,23.5029755],[120.5020872,23.5028899],[120.5024374,23.5024788],[120.5025775,23.5023888],[120.5026663,23.5023888],[120.5028531,23.5028042],[120.5028577,23.5030012],[120.5026569,23.5030698],[120.5024001,23.503194]]]}},{"type":"Feature","properties":{"name":"","name_en":"","water":"pond","natural":"water","landuse":""},"geometry":{"type":"Polygon","coordinates":[[[120.5030399,23.503361],[120.5029698,23.5033096],[120.5029698,23.5029413],[120.5031099,23.5026586],[120.503236,23.5026501],[120.5033808,23.5026544],[120.5035816,23.5026372],[120.5037777,23.5026115],[120.5039972,23.5026458],[120.5041186,23.50268],[120.5040159,23.5030055],[120.5039318,23.5030912],[120.5036657,23.5032111],[120.5033621,23.5033182],[120.5031566,23.5033738],[120.5030399,23.503361]]]}},{"type":"Feature","properties":{"name":"","name_en":"","water":"","natural":"water","landuse":""},"geometry":{"type":"Polygon","coordinates":[[[120.4683258,23.4730465],[120.4682981,23.4730211],[120.4682642,23.4729843],[120.468255,23.4729504],[120.4682211,23.472925],[120.4681595,23.4728996],[120.4680947,23.4728854],[120.4680578,23.4728685],[120.46803,23.4728459],[120.4680146,23.4728035],[120.4680054,23.4727526],[120.4680331,23.4727017],[120.4680732,23.4726565],[120.4681225,23.472648],[120.4681841,23.4726396],[120.4682426,23.472648],[120.4682796,23.4726565],[120.4683166,23.4727102],[120.4683566,23.4727413],[120.4683967,23.4727639],[120.4684367,23.4727724],[120.4684922,23.4727809],[120.4685507,23.4727752],[120.4686,23.4727865],[120.4686124,23.4728261],[120.4686185,23.4728798],[120.4686031,23.4729391],[120.4685754,23.4729872],[120.4685169,23.4730239],[120.4684645,23.4730437],[120.4684152,23.4730606],[120.468372,23.4730635],[120.4683258,23.4730465]]]}},{"type":"Feature","properties":{"name":"梅花池","name_en":"","water":"pond","natural":"water","landuse":""},"geometry":{"type":"Polygon","coordinates":[[[120.4650679,23.4775444],[120.4650715,23.4775537],[120.4650781,23.4775607],[120.4650883,23.4775658],[120.4650984,23.4775644],[120.4651076,23.4775626],[120.4651162,23.4775532],[120.4651198,23.4775416],[120.4651218,23.4775346],[120.465132,23.4775332],[120.4651411,23.4775323],[120.4651498,23.4775253],[120.4651574,23.4775187],[120.4651594,23.4775099],[120.4651569,23.4774987],[120.4651508,23.4774922],[120.465136,23.477487],[120.4651264,23.4774838],[120.4651299,23.4774782],[120.4651309,23.4774684],[120.4651294,23.4774557],[120.4651224,23.4774463],[120.4651104,23.4774414],[120.4650949,23.4774442],[120.4650872,23.477447],[120.4650786,23.4774581],[120.4650725,23.4774525],[120.4650583,23.4774498],[120.4650456,23.4774502],[120.4650334,23.4774586],[120.4650308,23.4774693],[120.4650324,23.4774842],[120.4650405,23.4774931],[120.4650466,23.4774996],[120.4650374,23.4775024],[120.4650278,23.4775085],[120.4650232,23.4775178],[120.4650232,23.4775271],[120.4650278,23.4775378],[120.4650349,23.4775434],[120.4650466,23.4775481],[120.4650588,23.4775467],[120.4650679,23.4775444]]]}},{"type":"Feature","properties":{"name":"","name_en":"","water":"pond","natural":"water","landuse":""},"geometry":{"type":"Polygon","coordinates":[[[120.3437513,23.449121],[120.3436026,23.4486566],[120.3424878,23.4472572],[120.3425196,23.4473611],[120.3426647,23.4476274],[120.342686,23.447754],[120.3427992,23.4479066],[120.3428842,23.4480495],[120.3429833,23.4481826],[120.3434009,23.448767],[120.3437513,23.449121]]]}},{"type":"Feature","properties":{"name":"","name_en":"","water":"pond","natural":"water","landuse":""},"geometry":{"type":"Polygon","coordinates":[[[120.3259972,23.4700454],[120.3261397,23.4700497],[120.3262121,23.4700518],[120.3262844,23.4700218],[120.3262774,23.469994],[120.3262331,23.4699169],[120.3262284,23.4698162],[120.3262518,23.469707],[120.3262938,23.469602],[120.3262798,23.4695206],[120.3262914,23.4694457],[120.3263078,23.46939],[120.3262518,23.46936],[120.326135,23.46945],[120.3260603,23.4694799],[120.3260766,23.4695442],[120.3260346,23.4696727],[120.3260159,23.4696984],[120.3260393,23.4697562],[120.3259996,23.4698783],[120.3259645,23.4700025],[120.3259972,23.4700454]]]}},{"type":"Feature","properties":{"name":"","name_en":"","water":"pond","natural":"water","landuse":""},"geometry":{"type":"Polygon","coordinates":[[[120.4607501,23.4864066],[120.4608011,23.4863979],[120.4608532,23.4864174],[120.4608804,23.4864348],[120.4608899,23.4864489],[120.4609563,23.4864359],[120.4610108,23.4864109],[120.4610416,23.4863848],[120.4610463,23.4863414],[120.4610451,23.4863001],[120.4610653,23.4862827],[120.4610582,23.4862588],[120.461044,23.4862218],[120.461012,23.4861957],[120.4609539,23.4861881],[120.4609041,23.4861849],[120.4608603,23.486187],[120.4608437,23.4861566],[120.4608153,23.4861294],[120.4607643,23.4861501],[120.4607394,23.4861849],[120.460743,23.4862207],[120.4607181,23.4862522],[120.4607063,23.4862892],[120.4607406,23.4863218],[120.4607406,23.4863892],[120.4607501,23.4864066]]]}},{"type":"Feature","properties":{"name":"","name_en":"","water":"pond","natural":"water","landuse":""},"geometry":{"type":"Polygon","coordinates":[[[120.3541128,23.6092604],[120.3555446,23.6099834],[120.3552329,23.60896],[120.3547139,23.6087598],[120.3543451,23.6086909],[120.3541128,23.6092604]]]}},{"type":"Feature","properties":{"name":"","name_en":"","water":"pond","natural":"water","landuse":""},"geometry":{"type":"Polygon","coordinates":[[[120.3535733,23.6092917],[120.3539079,23.6092416],[120.3543786,23.6080625],[120.3542209,23.6078061],[120.3539309,23.6078706],[120.354005,23.6084708],[120.3536484,23.608572],[120.3535733,23.6092917]]]}},{"type":"Feature","properties":{"name":"","name_en":"","water":"pond","natural":"water","landuse":""},"geometry":{"type":"Polygon","coordinates":[[[120.4086665,23.5494167],[120.4087416,23.5495168],[120.4090012,23.5494605],[120.4090831,23.5495982],[120.4091378,23.5494918],[120.4091446,23.5494041],[120.4091309,23.5493228],[120.4091036,23.5492288],[120.4090216,23.5491474],[120.4086665,23.5494167]]]}},{"type":"Feature","properties":{"name":"","name_en":"","water":"pond","natural":"water","landuse":""},"geometry":{"type":"Polygon","coordinates":[[[120.3934037,23.5461796],[120.3936564,23.546236],[120.3937179,23.5462673],[120.3937521,23.5463362],[120.3939638,23.5463675],[120.3940935,23.5457977],[120.3939501,23.5457476],[120.3934515,23.54571],[120.3934037,23.5461796]]]}},{"type":"Feature","properties":{"name":"","name_en":"","water":"pond","natural":"water","landuse":""},"geometry":{"type":"Polygon","coordinates":[[[120.393472,23.5455848],[120.3935745,23.5455848],[120.3938204,23.5456036],[120.3941004,23.5456286],[120.3943394,23.5450714],[120.3944146,23.5449524],[120.3940662,23.5446957],[120.3939706,23.544439],[120.3938682,23.5442825],[120.393595,23.5448021],[120.3935881,23.5451215],[120.3934993,23.5452655],[120.393472,23.5455848]]]}},{"type":"Feature","properties":{"name":"","name_en":"","water":"pond","natural":"water","landuse":""},"geometry":{"type":"Polygon","coordinates":[[[120.386633,23.5475622],[120.3866537,23.5467176],[120.3876579,23.5467081],[120.3877511,23.5468884],[120.3877614,23.5470403],[120.3877511,23.5471636],[120.3876682,23.5473155],[120.387513,23.5473819],[120.386633,23.5475622]]]}},{"type":"Feature","properties":{"name":"","name_en":"","water":"pond","natural":"water","landuse":""},"geometry":{"type":"Polygon","coordinates":[[[120.3866537,23.5465942],[120.3866434,23.545389],[120.3877407,23.5453605],[120.3877718,23.5455313],[120.3877407,23.5457401],[120.3877304,23.5459679],[120.3878028,23.5461956],[120.3877304,23.5464424],[120.3876475,23.5465753],[120.3866537,23.5465942]]]}},{"type":"Feature","properties":{"name":"","name_en":"","water":"pond","natural":"water","landuse":""},"geometry":{"type":"Polygon","coordinates":[[[120.3866537,23.5452181],[120.3866227,23.5445158],[120.3866641,23.5443165],[120.387192,23.5442027],[120.3873577,23.5442881],[120.3875544,23.5443925],[120.3878856,23.5445443],[120.387896,23.5447246],[120.3879788,23.544886],[120.3878235,23.5451612],[120.3873991,23.5451802],[120.3872645,23.5452276],[120.3866537,23.5452181]]]}},{"type":"Feature","properties":{"name":"","name_en":"","water":"pond","natural":"water","landuse":""},"geometry":{"type":"Polygon","coordinates":[[[120.3835238,23.54452],[120.383564,23.544521],[120.3836995,23.5444756],[120.3836982,23.5444375],[120.3836548,23.5443584],[120.383557,23.5442303],[120.3834787,23.5442044],[120.3834438,23.5441377],[120.3835806,23.5438488],[120.3835865,23.5437888],[120.3835292,23.5437096],[120.3834524,23.5436926],[120.383192,23.543686],[120.3831009,23.5436593],[120.3830573,23.5436253],[120.3829269,23.5435133],[120.3828737,23.5435611],[120.3827985,23.5437183],[120.3827429,23.5438598],[120.3827635,23.5439077],[120.3828314,23.5438978],[120.3830032,23.5438674],[120.3830622,23.5438899],[120.3831406,23.5440403],[120.3832942,23.5442445],[120.3833214,23.5442965],[120.3835238,23.54452]]]}},{"type":"Feature","properties":{"name":"","name_en":"","water":"pond","natural":"water","landuse":""},"geometry":{"type":"Polygon","coordinates":[[[120.3774209,23.5428703],[120.3777347,23.5428775],[120.3779465,23.5428199],[120.3781113,23.5428775],[120.3785349,23.5428631],[120.3785506,23.542],[120.3774287,23.5419928],[120.3774209,23.5428703]]]}},{"type":"Feature","properties":{"name":"","name_en":"","water":"pond","natural":"water","landuse":""},"geometry":{"type":"Polygon","coordinates":[[[120.379092,23.5394538],[120.3791312,23.538641],[120.3792646,23.5385979],[120.3795156,23.5386338],[120.3798844,23.5386266],[120.3798844,23.539461],[120.379092,23.5394538]]]}},{"type":"Feature","properties":{"name":"","name_en":"","water":"pond","natural":"water","landuse":""},"geometry":{"type":"Polygon","coordinates":[[[120.3642027,23.5168787],[120.3646272,23.5169547],[120.3649895,23.517135],[120.3653059,23.5172336],[120.3656201,23.5172775],[120.3659821,23.517027],[120.3661528,23.516789],[120.3660982,23.5166387],[120.3660504,23.5164821],[120.3660709,23.5162379],[120.3661118,23.5161627],[120.3660435,23.5161126],[120.3653879,23.5161189],[120.3651966,23.516169],[120.3650395,23.5161627],[120.3644931,23.5164696],[120.3642814,23.5166888],[120.3642027,23.5168787]]]}},{"type":"Feature","properties":{"name":"","name_en":"","water":"pond","natural":"water","landuse":""},"geometry":{"type":"Polygon","coordinates":[[[120.3618213,23.4627512],[120.3617623,23.4625889],[120.3617194,23.4624609],[120.3619179,23.4621558],[120.3620091,23.4620968],[120.3623524,23.4616883],[120.3626582,23.4618163],[120.3624919,23.4620869],[120.3623417,23.4622641],[120.36217,23.4624904],[120.3620037,23.4626479],[120.3618642,23.4627562],[120.3618213,23.4627512]]]}},{"type":"Feature","properties":{"name":"","name_en":"","water":"pond","natural":"water","landuse":""},"geometry":{"type":"Polygon","coordinates":[[[120.3624061,23.461585],[120.3627172,23.4617228],[120.362836,23.4616472],[120.3628728,23.4615358],[120.3630069,23.4612651],[120.3630444,23.4610683],[120.3630551,23.4609207],[120.3631463,23.4607287],[120.3628513,23.4605467],[120.362744,23.4607189],[120.3625348,23.4610486],[120.362567,23.4612012],[120.3624329,23.461398],[120.3623846,23.4615407],[120.3624061,23.461585]]]}},{"type":"Feature","properties":{"name":"","name_en":"","water":"pond","natural":"water","landuse":""},"geometry":{"type":"Polygon","coordinates":[[[120.3628996,23.460463],[120.3630659,23.460591],[120.3632322,23.4606599],[120.3633126,23.4606254],[120.3633448,23.4604236],[120.3633502,23.4601235],[120.3631088,23.4600841],[120.3628996,23.460463]]]}},{"type":"Feature","properties":{"name":"","name_en":"","water":"pond","natural":"water","landuse":""},"geometry":{"type":"Polygon","coordinates":[[[120.3629586,23.4628989],[120.3627708,23.462515],[120.3627601,23.4624265],[120.3628352,23.4623723],[120.3629532,23.4623182],[120.3633287,23.462205],[120.3634092,23.4621657],[120.3634575,23.4620968],[120.3634575,23.4620131],[120.3634789,23.4619295],[120.3637793,23.4614767],[120.3638544,23.461457],[120.3642139,23.4616047],[120.3642192,23.4616883],[120.3641602,23.4617621],[120.3639778,23.4618999],[120.3639188,23.4619787],[120.3639135,23.4620525],[120.3638705,23.4621755],[120.3637901,23.4622838],[120.3637096,23.4623477],[120.3636506,23.4624363],[120.3635594,23.4625101],[120.3634146,23.4625839],[120.3632965,23.4625839],[120.3632054,23.4626085],[120.3631088,23.4626824],[120.3629586,23.4628989]]]}},{"type":"Feature","properties":{"name":"","name_en":"","water":"pond","natural":"water","landuse":""},"geometry":{"type":"Polygon","coordinates":[[[120.3642782,23.4616539],[120.3643051,23.4616834],[120.3645894,23.4617671],[120.364643,23.4617523],[120.3646698,23.4616932],[120.364702,23.4615259],[120.3646859,23.4614816],[120.3643909,23.4614374],[120.3643372,23.4614472],[120.3642997,23.4615013],[120.3642782,23.4616539]]]}},{"type":"Feature","properties":{"name":"","name_en":"","water":"pond","natural":"water","landuse":""},"geometry":{"type":"Polygon","coordinates":[[[120.3648415,23.4618606],[120.3647986,23.4618507],[120.3647718,23.4618114],[120.3647986,23.4617474],[120.3648361,23.461708],[120.3649702,23.4616785],[120.3651205,23.4616539],[120.3652331,23.4616047],[120.3653297,23.4615998],[120.365394,23.4615801],[120.365496,23.4616096],[120.3656623,23.4616982],[120.3656783,23.4618458],[120.365555,23.4618458],[120.3654691,23.4618163],[120.3653618,23.4617966],[120.3652331,23.4618064],[120.365099,23.461831],[120.3650024,23.4618556],[120.3649005,23.4618704],[120.3648415,23.4618606]]]}},{"type":"Feature","properties":{"name":"","name_en":"","water":"pond","natural":"water","landuse":""},"geometry":{"type":"Polygon","coordinates":[[[120.3785027,23.4410264],[120.3789748,23.4407508],[120.3788085,23.4403719],[120.3784615,23.4403866],[120.3782774,23.4408788],[120.378315,23.4409871],[120.3784115,23.4410166],[120.3785027,23.4410264]]]}},{"type":"Feature","properties":{"name":"","name_en":"","water":"pond","natural":"water","landuse":""},"geometry":{"type":"Polygon","coordinates":[[[120.3348031,23.4749376],[120.3347076,23.4748889],[120.3346474,23.4748272],[120.3346191,23.474772],[120.3345731,23.4746649],[120.3345412,23.4745643],[120.3345235,23.4744247],[120.3344881,23.4743338],[120.3344917,23.4742104],[120.3345412,23.4741552],[120.3346368,23.4740935],[120.3347642,23.4740481],[120.3349376,23.4740319],[120.3351075,23.4740156],[120.3351429,23.4740838],[120.3351712,23.4745253],[120.335157,23.4746616],[120.3351464,23.4748597],[120.3351181,23.4749084],[120.3350721,23.4749311],[120.3349872,23.4749441],[120.3348031,23.4749376]]]}},{"type":"Feature","properties":{"name":"","name_en":"","water":"pond","natural":"water","landuse":""},"geometry":{"type":"Polygon","coordinates":[[[120.3324274,23.4626467],[120.3326177,23.4627699],[120.3326554,23.4627943],[120.3328083,23.4625754],[120.3329129,23.4623736],[120.332892,23.462365],[120.3326608,23.4622703],[120.3324274,23.4626467]]]}},{"type":"Feature","properties":{"name":"","name_en":"","water":"pond","natural":"water","landuse":""},"geometry":{"type":"Polygon","coordinates":[[[120.3299489,23.4463596],[120.3302108,23.4464116],[120.3304479,23.4464538],[120.3306921,23.446522],[120.3309399,23.4466259],[120.3311416,23.4467298],[120.3312336,23.4468142],[120.3313398,23.4468954],[120.3314389,23.4470058],[120.331446,23.447074],[120.3313044,23.4472493],[120.3310637,23.4472298],[120.331,23.4472201],[120.3309965,23.447074],[120.330862,23.4470804],[120.3306886,23.4470675],[120.3305753,23.4470253],[120.3305081,23.4469733],[120.3304373,23.4468856],[120.3304019,23.4468402],[120.3302957,23.4468239],[120.3302285,23.446772],[120.3301577,23.4466941],[120.3300975,23.4466616],[120.3300091,23.4466324],[120.3299312,23.4466421],[120.3299064,23.4465869],[120.32991,23.4465057],[120.3299347,23.4464148],[120.3299489,23.4463596]]]}},{"type":"Feature","properties":{"name":"","name_en":"","water":"","natural":"water","landuse":""},"geometry":{"type":"Polygon","coordinates":[[[120.4637163,23.4835947],[120.4637055,23.4836084],[120.4636999,23.4836244],[120.4637003,23.4836413],[120.4637064,23.4836572],[120.4637178,23.4836704],[120.4637331,23.4836797],[120.4637516,23.4836841],[120.4637707,23.4836826],[120.4637882,23.4836754],[120.463802,23.4836633],[120.4638108,23.4836477],[120.4638134,23.4836303],[120.4638096,23.4836131],[120.4637998,23.483598],[120.4637851,23.4835867],[120.4637672,23.4835806],[120.4637488,23.4835801],[120.4637312,23.483585],[120.4637163,23.4835947]]]}},{"type":"Feature","properties":{"name":"","name_en":"","water":"pond","natural":"water","landuse":""},"geometry":{"type":"Polygon","coordinates":[[[120.3427998,23.4029853],[120.3427672,23.4029982],[120.3427111,23.4029982],[120.3426504,23.4029939],[120.3426037,23.4029767],[120.3425687,23.4029532],[120.3425593,23.4029124],[120.342557,23.4028653],[120.3425897,23.4028267],[120.3426387,23.4028074],[120.3426971,23.4028074],[120.3427438,23.4028267],[120.3427788,23.4028546],[120.3428045,23.4028803],[120.3428185,23.4029082],[120.3428255,23.4029317],[120.3428465,23.4029424],[120.3428956,23.4029253],[120.3429236,23.4029339],[120.342954,23.4029532],[120.342975,23.4029853],[120.3429656,23.4030282],[120.3429399,23.4030624],[120.3428979,23.4030667],[120.3428629,23.4030517],[120.3428395,23.4030239],[120.3428302,23.4029917],[120.3427998,23.4029853]]]}},{"type":"Feature","properties":{"name":"","name_en":"","water":"pond","natural":"water","landuse":""},"geometry":{"type":"Polygon","coordinates":[[[120.3148568,23.3964405],[120.3149431,23.3964461],[120.314977,23.3962086],[120.3150817,23.3959541],[120.315168,23.3958693],[120.3151927,23.395807],[120.3149585,23.3958127],[120.3147736,23.3957646],[120.3147151,23.3957194],[120.3146381,23.3956628],[120.3145241,23.3956402],[120.3145302,23.395578],[120.3147459,23.3955808],[120.3149092,23.3955554],[120.3150694,23.3955752],[120.3151465,23.3956204],[120.3152327,23.3956939],[120.3153097,23.3957024],[120.3153406,23.3956176],[120.3154268,23.3955893],[120.3155285,23.3955639],[120.3155254,23.3955045],[120.3154546,23.3954988],[120.3154145,23.3954649],[120.3154053,23.3954168],[120.3154237,23.3953716],[120.3154484,23.3953376],[120.3154145,23.3952754],[120.315245,23.3953207],[120.3151064,23.3952811],[120.3145426,23.3953065],[120.3145333,23.3952811],[120.3143978,23.3953009],[120.3144193,23.3954536],[120.3144101,23.3957957],[120.3144471,23.3958297],[120.314558,23.3958381],[120.3146073,23.3957957],[120.3146997,23.3957901],[120.3147921,23.3958579],[120.3148507,23.3958777],[120.3148846,23.3959145],[120.3149154,23.3959626],[120.3149246,23.3960474],[120.3148568,23.3964405]]]}},{"type":"Feature","properties":{"name":"","name_en":"","water":"pond","natural":"water","landuse":""},"geometry":{"type":"Polygon","coordinates":[[[120.3102346,23.3907742],[120.3102468,23.3908302],[120.3106005,23.3908115],[120.3107672,23.3906362],[120.3107835,23.3904235],[120.3109054,23.3902294],[120.3108932,23.3901921],[120.3108363,23.3901735],[120.3105721,23.3902742],[120.3103566,23.3904459],[120.3102346,23.3907742]]]}},{"type":"Feature","properties":{"name":"","name_en":"","water":"pond","natural":"water","landuse":""},"geometry":{"type":"Polygon","coordinates":[[[120.3018459,23.4108933],[120.3020229,23.4109193],[120.3021857,23.4108803],[120.3020795,23.4103281],[120.3023981,23.4096071],[120.3026458,23.4095552],[120.3029643,23.4094967],[120.3035094,23.4095357],[120.3038067,23.4097955],[120.3039341,23.4096331],[120.3036438,23.4093473],[120.3026316,23.4092434],[120.3024122,23.4094122],[120.3021503,23.4096786],[120.3019875,23.4099904],[120.3018955,23.410523],[120.3018459,23.4108933]]]}},{"type":"Feature","properties":{"name":"","name_en":"","water":"pond","natural":"water","landuse":""},"geometry":{"type":"Polygon","coordinates":[[[120.3616569,23.4674557],[120.3614934,23.4672844],[120.3617036,23.4671216],[120.3618484,23.4672287],[120.361797,23.4673915],[120.3617269,23.4674386],[120.3616569,23.4674557]]]}},{"type":"Feature","properties":{"name":"","name_en":"","water":"pond","natural":"water","landuse":""},"geometry":{"type":"Polygon","coordinates":[[[120.3621706,23.4669802],[120.3620959,23.4669631],[120.3620585,23.4668903],[120.3620819,23.4668217],[120.3621846,23.4668089],[120.3623761,23.4668346],[120.3624041,23.466886],[120.3623574,23.4669117],[120.3622453,23.4669288],[120.3621706,23.4669802]]]}},{"type":"Feature","properties":{"name":"","name_en":"","water":"pond","natural":"water","landuse":""},"geometry":{"type":"Polygon","coordinates":[[[120.3624014,23.45209],[120.3623151,23.4520843],[120.3620933,23.4516377],[120.3618838,23.4511572],[120.3619516,23.4510894],[120.3622165,23.4510894],[120.3623706,23.4510441],[120.3625801,23.4510215],[120.3628081,23.4510668],[120.3628266,23.4511572],[120.3626725,23.4513268],[120.3625924,23.4515247],[120.3625924,23.4516434],[120.3625863,23.4518469],[120.3625185,23.4519939],[120.3624692,23.4520617],[120.3624014,23.45209]]]}},{"type":"Feature","properties":{"name":"","name_en":"","water":"pond","natural":"water","landuse":""},"geometry":{"type":"Polygon","coordinates":[[[120.4556183,23.6091537],[120.4557548,23.609119],[120.4558154,23.6080699],[120.4554666,23.6079935],[120.4554439,23.6083686],[120.4555501,23.6085215],[120.4555046,23.6087508],[120.4556183,23.6091537]]]}},{"type":"Feature","properties":{"name":"","name_en":"","water":"pond","natural":"water","landuse":""},"geometry":{"type":"Polygon","coordinates":[[[120.4556534,23.6096371],[120.4557632,23.6096669],[120.4558485,23.6096371],[120.4557875,23.6092201],[120.4556453,23.6092387],[120.455686,23.6093504],[120.4556575,23.6094398],[120.45569,23.6094919],[120.4556534,23.6096371]]]}},{"type":"Feature","properties":{"name":"","name_en":"","water":"pond","natural":"water","landuse":""},"geometry":{"type":"Polygon","coordinates":[[[120.455877,23.6084211],[120.4560802,23.6084606],[120.4561048,23.6082913],[120.4561541,23.608139],[120.4559755,23.6080938],[120.4559078,23.6081559],[120.455877,23.6084211]]]}},{"type":"Feature","properties":{"name":"","name_en":"","water":"pond","natural":"water","landuse":""},"geometry":{"type":"Polygon","coordinates":[[[120.457158,23.6087597],[120.4573736,23.6087146],[120.4574598,23.6084889],[120.4574044,23.608455],[120.4573674,23.6083986],[120.4572812,23.608376],[120.457158,23.6087597]]]}},{"type":"Feature","properties":{"name":"","name_en":"","water":"pond","natural":"water","landuse":""},"geometry":{"type":"Polygon","coordinates":[[[120.4346103,23.4216405],[120.4346062,23.4217076],[120.4345981,23.4217934],[120.4345981,23.4218456],[120.4346753,23.4218979],[120.4347485,23.4219426],[120.4348217,23.4219426],[120.4349233,23.4219203],[120.4349233,23.4218382],[120.4349883,23.4218046],[120.4349843,23.4216629],[120.4349355,23.4216218],[120.4348583,23.4216442],[120.4347363,23.4216554],[120.4346103,23.4216405]]]}},{"type":"Feature","properties":{"name":"","name_en":"","water":"pond","natural":"water","landuse":""},"geometry":{"type":"Polygon","coordinates":[[[120.3686557,23.4755189],[120.3687469,23.475514],[120.3688596,23.4755287],[120.3689025,23.4755435],[120.3690044,23.47545],[120.369042,23.475386],[120.3690312,23.4752975],[120.3688703,23.4747956],[120.3687898,23.4747759],[120.3686879,23.474771],[120.3685699,23.4747808],[120.3682856,23.4748891],[120.3681676,23.4749087],[120.3680603,23.4749629],[120.3680871,23.4750268],[120.368248,23.4751695],[120.3682534,23.4752532],[120.368307,23.4752975],[120.3684841,23.4753417],[120.3686557,23.4755189]]]}},{"type":"Feature","properties":{"name":"","name_en":"","water":"pond","natural":"water","landuse":""},"geometry":{"type":"Polygon","coordinates":[[[120.3689776,23.4756566],[120.3690473,23.4757058],[120.369278,23.4757747],[120.3694067,23.4759125],[120.3695194,23.4759322],[120.3696052,23.4759814],[120.3696428,23.4760404],[120.3699486,23.4759666],[120.3701041,23.4755779],[120.3700827,23.4754992],[120.3699915,23.4754943],[120.3696267,23.4755681],[120.3692726,23.4754992],[120.3691761,23.4755238],[120.3690581,23.475509],[120.3689776,23.4756566]]]}},{"type":"Feature","properties":{"name":"","name_en":"","water":"pond","natural":"water","landuse":""},"geometry":{"type":"Polygon","coordinates":[[[120.3700505,23.4759962],[120.3701309,23.4760503],[120.3702919,23.4760847],[120.3703723,23.4760847],[120.3705333,23.4758092],[120.3706084,23.4757255],[120.3707103,23.4756616],[120.370882,23.4756025],[120.3708981,23.4754598],[120.3708659,23.4753811],[120.3708069,23.4753614],[120.370249,23.4754155],[120.3701739,23.4754697],[120.3700505,23.4759962]]]}},{"type":"Feature","properties":{"name":"","name_en":"","water":"pond","natural":"water","landuse":""},"geometry":{"type":"Polygon","coordinates":[[[120.3187551,23.4426963],[120.3195168,23.4418497],[120.3194954,23.4417611],[120.3193774,23.4416529],[120.3190984,23.4414954],[120.3189911,23.4415594],[120.3188517,23.4415987],[120.3184761,23.4415938],[120.3181221,23.4416332],[120.3180363,23.4417661],[120.317988,23.4420811],[120.3180845,23.4422189],[120.3182401,23.4423321],[120.3187551,23.4426963]]]}},{"type":"Feature","properties":{"name":"","name_en":"","water":"pond","natural":"water","landuse":""},"geometry":{"type":"Polygon","coordinates":[[[120.3191333,23.4445115],[120.3196143,23.4446272],[120.319731,23.444443],[120.319675,23.4443444],[120.3195816,23.4442759],[120.3194322,23.444233],[120.319222,23.4442545],[120.3191473,23.4443873],[120.3191333,23.4445115]]]}},{"type":"Feature","properties":{"name":"","name_en":"","water":"pond","natural":"water","landuse":""},"geometry":{"type":"Polygon","coordinates":[[[120.3188064,23.444473],[120.3189091,23.4444772],[120.3190259,23.4444558],[120.3190959,23.4444001],[120.3191099,23.4442759],[120.3190679,23.4442202],[120.3189512,23.4441988],[120.3188624,23.4441773],[120.3187457,23.4440916],[120.3186523,23.4440702],[120.3185916,23.4441088],[120.3185776,23.4441559],[120.3186336,23.4443144],[120.3186756,23.4443958],[120.3188064,23.444473]]]}},{"type":"Feature","properties":{"name":"","name_en":"","water":"pond","natural":"water","landuse":""},"geometry":{"type":"Polygon","coordinates":[[[120.3174749,23.4418824],[120.3177651,23.4419734],[120.3178218,23.4417461],[120.317482,23.4410577],[120.3173475,23.4409408],[120.3172059,23.4408694],[120.3170219,23.4412525],[120.3173546,23.4413564],[120.317397,23.4414408],[120.3173475,23.4416097],[120.3174183,23.4417136],[120.3174749,23.4418824]]]}},{"type":"Feature","properties":{"name":"沈澱池","name_en":"","water":"沉砂池","natural":"water","landuse":""},"geometry":{"type":"Polygon","coordinates":[[[120.5259027,23.4552901],[120.5258996,23.4552392],[120.5259612,23.4552222],[120.5259889,23.4551883],[120.5260136,23.4551346],[120.5260506,23.4550781],[120.526106,23.455047],[120.5261646,23.4550329],[120.5268424,23.4550329],[120.5271474,23.4552279],[120.5271474,23.4553664],[120.5268239,23.4555388],[120.5267684,23.4555501],[120.5260937,23.4555275],[120.5260968,23.4554766],[120.5260884,23.4554379],[120.5260611,23.4554121],[120.526018,23.4553943],[120.5259867,23.4553846],[120.5259894,23.4553369],[120.5259726,23.4552961],[120.5259427,23.4552844],[120.5259027,23.4552901]]]}},{"type":"Feature","properties":{"name":"","name_en":"","water":"pond","natural":"water","landuse":""},"geometry":{"type":"Polygon","coordinates":[[[120.3471606,23.410771],[120.3471252,23.4107482],[120.3470863,23.4107028],[120.3470509,23.4105826],[120.3470367,23.4101149],[120.3469412,23.4100597],[120.3468031,23.4099947],[120.3464457,23.4100077],[120.3463855,23.4099233],[120.3463501,23.4098583],[120.3463395,23.4097641],[120.3463466,23.4096862],[120.3463501,23.4096082],[120.3463466,23.409527],[120.3464457,23.4095368],[120.3465164,23.4095855],[120.3466474,23.4096082],[120.3468031,23.4096082],[120.3468491,23.4096147],[120.3468916,23.4096505],[120.3469199,23.4097057],[120.3469553,23.4097447],[120.3469341,23.4098161],[120.3469588,23.4099395],[120.3469659,23.4099915],[120.3470119,23.4100532],[120.3470792,23.4100759],[120.3471535,23.4100792],[120.3471995,23.4100759],[120.347242,23.4100759],[120.3473198,23.4100759],[120.3472845,23.4101734],[120.3472915,23.4102416],[120.347334,23.410313],[120.3473517,23.4104137],[120.3473021,23.410706],[120.3472668,23.410758],[120.3472137,23.4107742],[120.3471606,23.410771]]]}},{"type":"Feature","properties":{"name":"","name_en":"","water":"pond","natural":"water","landuse":""},"geometry":{"type":"Polygon","coordinates":[[[120.3472561,23.4092217],[120.3470933,23.4091146],[120.3469412,23.4090074],[120.3467465,23.408858],[120.3466899,23.4088287],[120.3466899,23.40878],[120.3471854,23.4086728],[120.3472668,23.408767],[120.3472986,23.4088385],[120.3473411,23.4089327],[120.3473517,23.4090074],[120.3473375,23.4090886],[120.3473021,23.4091373],[120.3472561,23.4092217]]]}},{"type":"Feature","properties":{"name":"","name_en":"","water":"pond","natural":"water","landuse":""},"geometry":{"type":"Polygon","coordinates":[[[120.4063855,23.4570296],[120.4065273,23.4570352],[120.4066567,23.4570805],[120.4067306,23.457007],[120.4067491,23.4569222],[120.4066567,23.4568544],[120.4065766,23.4568374],[120.4064348,23.4568204],[120.4063547,23.4568204],[120.4063855,23.4570296]]]}},{"type":"Feature","properties":{"name":"","name_en":"","water":"pond","natural":"water","landuse":""},"geometry":{"type":"Polygon","coordinates":[[[120.4060097,23.4570409],[120.4061329,23.4570805],[120.4062561,23.4570805],[120.4062808,23.4569957],[120.40625,23.4568204],[120.4061576,23.4567978],[120.4059788,23.4568261],[120.4059665,23.4569165],[120.4060097,23.4570409]]]}},{"type":"Feature","properties":{"name":"","name_en":"","water":"pond","natural":"water","landuse":""},"geometry":{"type":"Polygon","coordinates":[[[120.4293998,23.5044272],[120.4293157,23.5044058],[120.4291009,23.5042259],[120.4290869,23.5041189],[120.4291476,23.5040803],[120.4291102,23.5040032],[120.4291242,23.503969],[120.4291803,23.503969],[120.4292223,23.5039219],[120.429241,23.5038105],[120.4294792,23.5038491],[120.4295726,23.5039347],[120.4296099,23.5039347],[120.429708,23.5041531],[120.4295399,23.5041917],[120.4295259,23.5043116],[120.4294745,23.5043287],[120.4293998,23.5044272]]]}},{"type":"Feature","properties":{"name":"","name_en":"","water":"pond","natural":"water","landuse":""},"geometry":{"type":"Polygon","coordinates":[[[120.4297407,23.5041317],[120.4296566,23.5039219],[120.429708,23.5037805],[120.4299041,23.5035107],[120.4301096,23.5034765],[120.430189,23.5035107],[120.4302591,23.5035964],[120.4302264,23.5036521],[120.4301516,23.5036863],[120.4301516,23.5038533],[120.430245,23.503879],[120.4302824,23.503909],[120.4302917,23.5039604],[120.4302591,23.5040118],[120.430217,23.5040247],[120.4300582,23.5039775],[120.4300022,23.5040289],[120.4297407,23.5041317]]]}},{"type":"Feature","properties":{"name":"","name_en":"","water":"pond","natural":"water","landuse":""},"geometry":{"type":"Polygon","coordinates":[[[120.3532533,23.5216588],[120.3531598,23.5215991],[120.3530744,23.5215506],[120.3538225,23.5205815],[120.3539322,23.5204025],[120.3543388,23.5199403],[120.3544892,23.5198956],[120.3546518,23.5199216],[120.3547697,23.5199925],[120.3548022,23.5201043],[120.3547819,23.520231],[120.3546599,23.52041],[120.3544933,23.5206225],[120.3544201,23.5208685],[120.3544038,23.5210661],[120.3543876,23.5211853],[120.3532533,23.5216588]]]}},{"type":"Feature","properties":{"name":"","name_en":"","water":"pond","natural":"water","landuse":""},"geometry":{"type":"Polygon","coordinates":[[[120.3468178,23.5246698],[120.3468957,23.5246114],[120.3469523,23.5246633],[120.3470373,23.5246049],[120.3465701,23.5240727],[120.3465135,23.5240727],[120.3460604,23.524527],[120.3462091,23.5245984],[120.3463507,23.5246244],[120.3466479,23.5245465],[120.3467046,23.5245335],[120.3468178,23.5246698]]]}},{"type":"Feature","properties":{"name":"","name_en":"","water":"pond","natural":"water","landuse":""},"geometry":{"type":"Polygon","coordinates":[[[120.3559848,23.4340335],[120.3564892,23.4338878],[120.356251,23.4328251],[120.3559568,23.4327737],[120.3554431,23.4327609],[120.3556673,23.4331722],[120.3558401,23.4335021],[120.3559848,23.4340335]]]}},{"type":"Feature","properties":{"name":"","name_en":"","water":"pond","natural":"water","landuse":""},"geometry":{"type":"Polygon","coordinates":[[[120.35662,23.4339349],[120.3570683,23.4338192],[120.3571757,23.4338621],[120.3573998,23.4338535],[120.3581144,23.4336178],[120.3581937,23.433515],[120.3581237,23.4334079],[120.3566993,23.4327694],[120.3565546,23.4328337],[120.3563304,23.4328037],[120.3565546,23.4338321],[120.35662,23.4339349]]]}},{"type":"Feature","properties":{"name":"","name_en":"","water":"pond","natural":"water","landuse":""},"geometry":{"type":"Polygon","coordinates":[[[120.3601899,23.4438708],[120.3602607,23.4439747],[120.3604943,23.4441176],[120.3607703,23.4441858],[120.3608871,23.4442637],[120.3609933,23.4442767],[120.361011,23.4441955],[120.3610287,23.4440624],[120.3604129,23.4437734],[120.3603173,23.4437734],[120.3601899,23.4438708]]]}},{"type":"Feature","properties":{"name":"","name_en":"","water":"pond","natural":"water","landuse":""},"geometry":{"type":"Polygon","coordinates":[[[120.3801815,23.4872606],[120.3802995,23.4872999],[120.3803424,23.4872064],[120.3802995,23.4869555],[120.3803478,23.4867882],[120.3803907,23.486744],[120.3803531,23.486616],[120.3802941,23.4865619],[120.3800956,23.4865373],[120.3799293,23.4866259],[120.3798864,23.4867095],[120.3798864,23.4868571],[120.3800527,23.4869358],[120.3801117,23.4869752],[120.3801815,23.4872606]]]}},{"type":"Feature","properties":{"name":"","name_en":"","water":"","natural":"water","landuse":""},"geometry":{"type":"Polygon","coordinates":[[[120.4636728,23.483433],[120.4637539,23.4834217],[120.4637327,23.4832933],[120.4636515,23.4833046],[120.4636728,23.483433]]]}},{"type":"Feature","properties":{"name":"","name_en":"","water":"pond","natural":"water","landuse":""},"geometry":{"type":"Polygon","coordinates":[[[120.3366295,23.4026859],[120.3369141,23.4026486],[120.3369344,23.4026038],[120.3369019,23.4023315],[120.3365848,23.4023501],[120.3366295,23.4026859]]]}},{"type":"Feature","properties":{"name":"","name_en":"","water":"pond","natural":"water","landuse":""},"geometry":{"type":"Polygon","coordinates":[[[120.336597,23.4022792],[120.337032,23.4022382],[120.3370564,23.40188],[120.3366864,23.4018987],[120.336597,23.4022792]]]}},{"type":"Feature","properties":{"name":"","name_en":"","water":"pond","natural":"water","landuse":""},"geometry":{"type":"Polygon","coordinates":[[[120.3529447,23.4166301],[120.3540842,23.4167329],[120.3541122,23.4164587],[120.3546259,23.4164415],[120.3546166,23.4162358],[120.3528513,23.416073],[120.3529447,23.4166301]]]}},{"type":"Feature","properties":{"name":"","name_en":"","water":"pond","natural":"water","landuse":""},"geometry":{"type":"Polygon","coordinates":[[[120.368452,23.4437954],[120.3684096,23.443711],[120.3683105,23.4434123],[120.3683459,23.4432824],[120.3688201,23.4431395],[120.36899,23.4437175],[120.3687281,23.4437759],[120.368452,23.4437954]]]}},{"type":"Feature","properties":{"name":"","name_en":"","water":"pond","natural":"water","landuse":""},"geometry":{"type":"Polygon","coordinates":[[[120.3677159,23.4437435],[120.367638,23.4435097],[120.3681264,23.4433473],[120.3682822,23.4438279],[120.3680203,23.4438149],[120.3677159,23.4437435]]]}},{"type":"Feature","properties":{"name":"","name_en":"","water":"pond","natural":"water","landuse":""},"geometry":{"type":"Polygon","coordinates":[[[120.3738033,23.4408925],[120.3744545,23.4411133],[120.3746244,23.4408925],[120.3741218,23.4406198],[120.3738033,23.4408925]]]}},{"type":"Feature","properties":{"name":"","name_en":"","water":"pond","natural":"water","landuse":""},"geometry":{"type":"Polygon","coordinates":[[[120.3825755,23.4416243],[120.382767,23.4416671],[120.3828557,23.4412644],[120.3826736,23.4412258],[120.3825755,23.4416243]]]}},{"type":"Feature","properties":{"name":"","name_en":"","water":"pond","natural":"water","landuse":""},"geometry":{"type":"Polygon","coordinates":[[[120.3823841,23.4416628],[120.3824541,23.4415943],[120.3825382,23.4415771],[120.3825802,23.4413972],[120.3825335,23.4413415],[120.3824074,23.4413586],[120.3823467,23.4414015],[120.3822907,23.4414443],[120.3822813,23.44153],[120.3823841,23.4416628]]]}},{"type":"Feature","properties":{"name":"","name_en":"","water":"pond","natural":"water","landuse":""},"geometry":{"type":"Polygon","coordinates":[[[120.3321125,23.4715574],[120.3322542,23.4715631],[120.3324391,23.4715405],[120.3325624,23.4714727],[120.3325439,23.4713427],[120.3325192,23.4712183],[120.3324822,23.4710148],[120.3324083,23.470947],[120.3323713,23.4708792],[120.3322912,23.4708509],[120.332131,23.4708453],[120.3320879,23.4708792],[120.3321125,23.4715574]]]}},{"type":"Feature","properties":{"name":"","name_en":"","water":"pond","natural":"water","landuse":""},"geometry":{"type":"Polygon","coordinates":[[[120.3210047,23.4447611],[120.3211649,23.4447668],[120.3213621,23.4447385],[120.3215224,23.4446537],[120.3215285,23.4445407],[120.3214915,23.4444502],[120.3213313,23.4444163],[120.3211896,23.4443597],[120.3210602,23.4443711],[120.3209061,23.4443993],[120.3210047,23.4447611]]]}},{"type":"Feature","properties":{"name":"","name_en":"","water":"","natural":"water","landuse":""},"geometry":{"type":"Polygon","coordinates":[[[120.4682541,23.5987786],[120.4685059,23.5990121],[120.4684416,23.5991153],[120.4682702,23.599312],[120.468238,23.5993365],[120.4681978,23.5993365],[120.4681441,23.5993046],[120.4678998,23.5991202],[120.467889,23.5990907],[120.467889,23.5990563],[120.4679159,23.5990219],[120.4682541,23.5987786]]]}},{"type":"Feature","properties":{"name":"","name_en":"","water":"pond","natural":"water","landuse":""},"geometry":{"type":"Polygon","coordinates":[[[120.4861692,23.4725685],[120.4862031,23.4725572],[120.4862246,23.4725317],[120.4862277,23.472495],[120.4862616,23.4724695],[120.4862616,23.4724441],[120.486237,23.4724328],[120.4862123,23.4724413],[120.4861938,23.4724639],[120.486163,23.4724611],[120.4861353,23.4724752],[120.4861106,23.4725063],[120.486123,23.472543],[120.4861415,23.4725656],[120.4861692,23.4725685]]]}},{"type":"Feature","properties":{"name":"天人池","name_en":"","water":"basin","natural":"water","landuse":""},"geometry":{"type":"Polygon","coordinates":[[[120.4842908,23.4669006],[120.484307,23.4669232],[120.4843534,23.4668971],[120.4843695,23.4669163],[120.484398,23.4668989],[120.4845004,23.4670267],[120.4844748,23.4670433],[120.484489,23.4670633],[120.4844663,23.4670789],[120.4844852,23.467105],[120.4843316,23.4672007],[120.4843003,23.4671616],[120.4842804,23.4671737],[120.4842662,23.4671563],[120.4842387,23.4671737],[120.484178,23.4670928],[120.4842292,23.4670589],[120.4841685,23.466978],[120.4842908,23.4669006]]]}},{"type":"Feature","properties":{"name":"","name_en":"","water":"","natural":"water","landuse":""},"geometry":{"type":"Polygon","coordinates":[[[120.4532028,23.3802958],[120.4531743,23.3802753],[120.453158,23.3801913],[120.4531438,23.3800924],[120.4531113,23.380029],[120.4531154,23.3799935],[120.4531743,23.3800495],[120.4532373,23.3801279],[120.4532902,23.3801988],[120.4532942,23.3802436],[120.4532637,23.3802827],[120.4532028,23.3802958]]]}},{"type":"Feature","properties":{"name":"","name_en":"","water":"","natural":"water","landuse":""},"geometry":{"type":"Polygon","coordinates":[[[120.4868229,23.4708298],[120.4868106,23.470839],[120.4867957,23.4708438],[120.4867799,23.4708437],[120.486765,23.4708387],[120.4867529,23.4708293],[120.486745,23.4708168],[120.4867423,23.4708039],[120.486744,23.4707909],[120.48675,23.470779],[120.4867597,23.4707693],[120.4867721,23.4707629],[120.4867862,23.4707603],[120.4868004,23.4707618],[120.4868134,23.4707672],[120.4868239,23.470776],[120.4868315,23.4707888],[120.486834,23.4708031],[120.486831,23.4708174],[120.4868229,23.4708298]]]}},{"type":"Feature","properties":{"name":"","name_en":"","water":"pond","natural":"water","landuse":""},"geometry":{"type":"Polygon","coordinates":[[[120.3911335,23.4825595],[120.3909467,23.4822639],[120.3908767,23.482234],[120.3906292,23.4823239],[120.390433,23.4824653],[120.3906899,23.4827608],[120.3907413,23.4827565],[120.3911335,23.4825595]]]}},{"type":"Feature","properties":{"name":"","name_en":"","water":"pond","natural":"water","landuse":""},"geometry":{"type":"Polygon","coordinates":[[[120.3911616,23.4825167],[120.3910075,23.4822725],[120.3911802,23.4821826],[120.3913063,23.4820883],[120.3914418,23.4819556],[120.3915118,23.4819084],[120.3915632,23.481947],[120.3917126,23.4821183],[120.3915165,23.4823625],[120.3913857,23.4824524],[120.391353,23.482431],[120.3912316,23.4825038],[120.3911616,23.4825167]]]}},{"type":"Feature","properties":{"name":"水雉埤","name_en":"","water":"","natural":"water","landuse":""},"geometry":{"type":"Polygon","coordinates":[[[120.4756558,23.6023153],[120.4756397,23.6020695],[120.4757845,23.6017205],[120.4763049,23.6015288],[120.4765892,23.6016123],[120.4765838,23.6014304],[120.4769379,23.6014304],[120.476793,23.6012141],[120.4768145,23.600929],[120.4770881,23.600521],[120.4771417,23.6002064],[120.4779947,23.5991839],[120.477823,23.5988988],[120.477528,23.5988644],[120.4774636,23.599125],[120.4773992,23.5992872],[120.4772525,23.5996487],[120.477113,23.5999279],[120.4770452,23.6000245],[120.4768348,23.6001823],[120.4767501,23.6002458],[120.4767448,23.6005505],[120.4766643,23.6008356],[120.4762727,23.6011945],[120.4759347,23.6014059],[120.4754949,23.6016074],[120.4751891,23.6017893],[120.4751033,23.601981],[120.4751247,23.6021137],[120.4753393,23.6021481],[120.4752953,23.6023539],[120.4753768,23.602448],[120.4757288,23.6025815],[120.4757718,23.6025331],[120.4757888,23.602514],[120.4756558,23.6023153]]]}},{"type":"Feature","properties":{"name":"","name_en":"","water":"","natural":"water","landuse":""},"geometry":{"type":"Polygon","coordinates":[[[120.4915646,23.5998957],[120.4917088,23.5997566],[120.4918161,23.5997468],[120.4918268,23.5998181],[120.4916874,23.5999631],[120.4915646,23.5998957]]]}},{"type":"Feature","properties":{"name":"","name_en":"","water":"","natural":"water","landuse":""},"geometry":{"type":"Polygon","coordinates":[[[120.4910356,23.6003661],[120.4914701,23.599968],[120.4916498,23.6000664],[120.4915867,23.600215],[120.4912703,23.6004866],[120.4911724,23.6005776],[120.4910356,23.6003661]]]}},{"type":"Feature","properties":{"name":"","name_en":"","water":"","natural":"water","landuse":""},"geometry":{"type":"Polygon","coordinates":[[[120.436973,23.6002359],[120.4370695,23.6007767],[120.4373324,23.6012633],[120.4368925,23.6017057],[120.4367691,23.6017696],[120.4363346,23.6015288],[120.4362434,23.6011109],[120.4356855,23.6010175],[120.4356104,23.6009094],[120.4356533,23.6008504],[120.4355782,23.6007177],[120.4357821,23.6006636],[120.4360986,23.6008946],[120.4364902,23.6008995],[120.4366296,23.6006538],[120.436753,23.6003834],[120.4367959,23.6001474],[120.436973,23.6002359]]]}},{"type":"Feature","properties":{"name":"","name_en":"","water":"reservoir","natural":"water","landuse":""},"geometry":{"type":"Polygon","coordinates":[[[120.301219,23.4810476],[120.301278,23.4813677],[120.3013217,23.4813826],[120.301332,23.481381],[120.3013418,23.4814341],[120.3013958,23.4814257],[120.301386,23.4813726],[120.3015161,23.4813525],[120.3017541,23.4810328],[120.3017715,23.4809842],[120.3017514,23.4809393],[120.301687,23.4809135],[120.3012612,23.4809879],[120.3012244,23.4810199],[120.3012092,23.4810158],[120.3012039,23.4810322],[120.301219,23.4810363],[120.301219,23.4810476]]]}},{"type":"Feature","properties":{"name":"","name_en":"","water":"pond","natural":"water","landuse":""},"geometry":{"type":"Polygon","coordinates":[[[120.4491609,23.5296859],[120.449177,23.5295924],[120.4492655,23.5296072],[120.4496679,23.5298359],[120.4496813,23.5298777],[120.4495043,23.5299047],[120.4493996,23.5298605],[120.4491609,23.5296859]]]}},{"type":"Feature","properties":{"name":"","name_en":"","water":"pond","natural":"water","landuse":""},"geometry":{"type":"Polygon","coordinates":[[[120.4276805,23.4957766],[120.4279339,23.4958996],[120.428009,23.4957188],[120.427887,23.4956266],[120.4276805,23.4957766]]]}},{"type":"Feature","properties":{"name":"","name_en":"","water":"pond","natural":"water","landuse":""},"geometry":{"type":"Polygon","coordinates":[[[120.4274377,23.495982],[120.4278226,23.4961296],[120.4279138,23.4959451],[120.4276322,23.4958111],[120.4274391,23.4959427],[120.4274377,23.495982]]]}},{"type":"Feature","properties":{"name":"","name_en":"","water":"pond","natural":"water","landuse":""},"geometry":{"type":"Polygon","coordinates":[[[120.4289666,23.4929158],[120.4290417,23.492965],[120.4291946,23.4930191],[120.4292321,23.4929527],[120.4292187,23.4929232],[120.4290765,23.4928027],[120.4289666,23.4929158]]]}},{"type":"Feature","properties":{"name":"","name_en":"","water":"pond","natural":"water","landuse":""},"geometry":{"type":"Polygon","coordinates":[[[120.478574,23.4816049],[120.4786047,23.481466],[120.4787513,23.4814028],[120.4787741,23.4813463],[120.4787109,23.4812667],[120.478604,23.4813166],[120.4785941,23.4813531],[120.4785412,23.4814251],[120.4784711,23.4815045],[120.4784777,23.481559],[120.4784856,23.4816245],[120.478523,23.4816036],[120.478574,23.4816049]]]}},{"type":"Feature","properties":{"name":"生態池","name_en":"","water":"basin","natural":"water","landuse":""},"geometry":{"type":"Polygon","coordinates":[[[120.4717491,23.4747447],[120.4719795,23.4749413],[120.4722099,23.4747619],[120.4719366,23.4745309],[120.4717491,23.4747447]]]}},{"type":"Feature","properties":{"name":"","name_en":"","water":"pond","natural":"water","landuse":""},"geometry":{"type":"Polygon","coordinates":[[[120.3004814,23.5664347],[120.3004619,23.5663158],[120.3006003,23.5662967],[120.3006198,23.5664157],[120.3004814,23.5664347]]]}},{"type":"Feature","properties":{"name":"池塘","name_en":"","water":"pond","natural":"water","landuse":""},"geometry":{"type":"Polygon","coordinates":[[[120.4350172,23.5578651],[120.4350077,23.5578315],[120.4350342,23.5578059],[120.4350881,23.5578016],[120.4351515,23.5578155],[120.4351568,23.5578395],[120.4351509,23.5578706],[120.4350859,23.5578798],[120.4350172,23.5578651]]]}},{"type":"Feature","properties":{"name":"","name_en":"","water":"pond","natural":"water","landuse":""},"geometry":{"type":"Polygon","coordinates":[[[120.4368857,23.4180472],[120.4369462,23.4180573],[120.4369664,23.4179833],[120.4369536,23.4179758],[120.4369752,23.4178822],[120.4369248,23.417866],[120.4369387,23.4177963],[120.4370851,23.4178132],[120.4370346,23.4179696],[120.436997,23.4179618],[120.4369682,23.4180903],[120.4369033,23.4180818],[120.4368682,23.4182221],[120.4368166,23.4182238],[120.4367861,23.4181962],[120.436793,23.4181177],[120.4368599,23.4181281],[120.4368857,23.4180472]]]}},{"type":"Feature","properties":{"name":"游泳池","name_en":"","water":"","natural":"water","landuse":""},"geometry":{"type":"Polygon","coordinates":[[[120.3957765,23.428283],[120.3959401,23.4282867],[120.3959495,23.4279016],[120.3957841,23.427898],[120.3957765,23.428283]]]}},{"type":"Feature","properties":{"name":"","name_en":"","water":"pond","natural":"water","landuse":""},"geometry":{"type":"Polygon","coordinates":[[[120.4431394,23.3969481],[120.4432118,23.3968817],[120.4432869,23.3969013],[120.4433244,23.3970146],[120.44337,23.3972238],[120.4432306,23.3973395],[120.4432091,23.39731],[120.4431394,23.3969481]]]}},{"type":"Feature","properties":{"name":"","name_en":"","water":"pond","natural":"water","landuse":""},"geometry":{"type":"Polygon","coordinates":[[[120.4423159,23.4042271],[120.4423374,23.4041286],[120.4424956,23.4039095],[120.4425707,23.403912],[120.4429436,23.4041163],[120.4429919,23.4041778],[120.4427612,23.404488],[120.4423159,23.4042271]]]}},{"type":"Feature","properties":{"name":"生態溪流","name_en":"","water":"","natural":"water","landuse":""},"geometry":{"type":"Polygon","coordinates":[[[120.4234888,23.4800883],[120.4235435,23.4801451],[120.4245213,23.4795518],[120.4244785,23.4795003],[120.4234888,23.4800883]]]}},{"type":"Feature","properties":{"name":"過濾區","name_en":"","water":"","natural":"water","landuse":""},"geometry":{"type":"Polygon","coordinates":[[[120.4233091,23.4801793],[120.4233401,23.4800471],[120.4234378,23.4801153],[120.4233091,23.4801793]]]}},{"type":"Feature","properties":{"name":"","name_en":"","water":"basin","natural":"water","landuse":""},"geometry":{"type":"Polygon","coordinates":[[[120.5253142,23.5977117],[120.5252954,23.5975961],[120.5263951,23.5971119],[120.5264488,23.5971463],[120.5265239,23.5971218],[120.5265373,23.5971445],[120.5264588,23.5971777],[120.5264126,23.597295],[120.5263281,23.5973835],[120.5260277,23.5977338],[120.5255824,23.5977092],[120.5253142,23.5977117]]]}},{"type":"Feature","properties":{"name":"滯洪池","name_en":"","water":"reservoir","natural":"water","landuse":""},"geometry":{"type":"Polygon","coordinates":[[[120.4435149,23.5345845],[120.4435658,23.5347517],[120.4434451,23.5348255],[120.4433781,23.5350468],[120.4434317,23.5351624],[120.4433191,23.5352165],[120.4431072,23.5351919],[120.4429811,23.5349657],[120.4430777,23.5349558],[120.4432252,23.5348894],[120.4433861,23.5347124],[120.4435149,23.5345845]]]}},{"type":"Feature","properties":{"name":"中林湖","name_en":"","water":"pond","natural":"water","landuse":""},"geometry":{"type":"Polygon","coordinates":[[[120.474093,23.5912385],[120.4742222,23.5910483],[120.4743144,23.5909518],[120.4744703,23.5909645],[120.4744877,23.5908429],[120.4745706,23.5908502],[120.4747035,23.5910626],[120.4748234,23.5913198],[120.4747692,23.5913629],[120.4746912,23.5913354],[120.4745589,23.5913136],[120.4744625,23.591374],[120.4744165,23.5914605],[120.4744252,23.59151],[120.4745919,23.5915447],[120.4747819,23.5915478],[120.4748325,23.5916414],[120.4748416,23.5917898],[120.4748146,23.591867],[120.4747484,23.5918993],[120.474599,23.5919391],[120.4744568,23.5919784],[120.4743563,23.5919674],[120.4740907,23.5918899],[120.4740491,23.5918567],[120.4740827,23.5916466],[120.4740556,23.5915096],[120.4740143,23.5914463],[120.4740196,23.591316],[120.474093,23.5912385]]]}},{"type":"Feature","properties":{"name":"","name_en":"","water":"pond","natural":"water","landuse":""},"geometry":{"type":"Polygon","coordinates":[[[120.4328687,23.5688753],[120.4328839,23.568166],[120.4328687,23.5681348],[120.4327473,23.5681278],[120.4327094,23.5681452],[120.4326828,23.5687745],[120.4327625,23.5688684],[120.432827,23.5688823],[120.4328687,23.5688753]]]}},{"type":"Feature","properties":{"name":"","name_en":"","water":"pond","natural":"water","landuse":""},"geometry":{"type":"Polygon","coordinates":[[[120.4331418,23.5688371],[120.4333049,23.5688301],[120.4332632,23.5682286],[120.4332291,23.5682147],[120.4329977,23.5682251],[120.4329673,23.5682391],[120.4329711,23.5688475],[120.4331418,23.5688371]]]}},{"type":"Feature","properties":{"name":"","name_en":"","water":"pond","natural":"water","landuse":""},"geometry":{"type":"Polygon","coordinates":[[[120.433377,23.568844],[120.4336349,23.5688127],[120.4336615,23.5687849],[120.4335629,23.5681834],[120.4335249,23.5681765],[120.4333201,23.5681973],[120.4333011,23.5682321],[120.4333542,23.5687919],[120.433377,23.568844]]]}},{"type":"Feature","properties":{"name":"","name_en":"","water":"pond","natural":"water","landuse":""},"geometry":{"type":"Polygon","coordinates":[[[120.5468897,23.6180249],[120.547067,23.617795],[120.5469395,23.617653],[120.5467238,23.6178697],[120.5468897,23.6180249]]]}},{"type":"Feature","properties":{"name":"","name_en":"","water":"pond","natural":"water","landuse":""},"geometry":{"type":"Polygon","coordinates":[[[120.5543144,23.6168718],[120.554323,23.6168197],[120.5542704,23.6164914],[120.5541373,23.6164816],[120.55397,23.6164639],[120.5538251,23.616518],[120.5538316,23.6165907],[120.5538509,23.6166546],[120.5538305,23.6166762],[120.5538412,23.6168168],[120.5538681,23.6168581],[120.5538734,23.6169122],[120.5539196,23.6170861],[120.5540333,23.6170842],[120.5541631,23.6169878],[120.5543144,23.6168718]]]}},{"type":"Feature","properties":{"name":"","name_en":"","water":"basin","natural":"water","landuse":""},"geometry":{"type":"Polygon","coordinates":[[[120.3060648,23.5812605],[120.3060017,23.5812316],[120.3060305,23.5810365],[120.3060154,23.5810189],[120.3060264,23.5809786],[120.3060648,23.5809169],[120.3061884,23.5809144],[120.3062763,23.5809937],[120.3062777,23.5810277],[120.3062612,23.5811586],[120.3062708,23.5811951],[120.3061568,23.5812479],[120.3060648,23.5812605]]]}},{"type":"Feature","properties":{"name":"","name_en":"","water":"pond","natural":"water","landuse":""},"geometry":{"type":"Polygon","coordinates":[[[120.3246134,23.4687313],[120.3245159,23.4686916],[120.324469,23.4686105],[120.3244618,23.4685062],[120.3245791,23.4684251],[120.3247307,23.4684516],[120.3246134,23.4687313]]]}},{"type":"Feature","properties":{"name":"","name_en":"","water":"pond","natural":"water","landuse":""},"geometry":{"type":"Polygon","coordinates":[[[120.3267586,23.4686688],[120.326896,23.468533],[120.3268659,23.4684956],[120.3266449,23.4684129],[120.3265741,23.4684759],[120.3266449,23.4685783],[120.3267586,23.4686688]]]}},{"type":"Feature","properties":{"name":"","name_en":"","water":"","natural":"water","landuse":""},"geometry":{"type":"Polygon","coordinates":[[[120.43347,23.5158792],[120.4334405,23.5157169],[120.4332688,23.5154021],[120.4330087,23.5152299],[120.4326063,23.5147651],[120.4324749,23.5144675],[120.432499,23.5143076],[120.4325178,23.5141994],[120.4325956,23.5141281],[120.4329148,23.5144478],[120.4332662,23.5144331],[120.4337436,23.5147282],[120.4343122,23.5148733],[120.4347736,23.5148782],[120.4359242,23.5147381],[120.4362676,23.5146225],[120.4362488,23.5147995],[120.4357418,23.5152275],[120.4343712,23.5156677],[120.43347,23.5158792]]]}},{"type":"Feature","properties":{"name":"","name_en":"","water":"","natural":"water","landuse":""},"geometry":{"type":"Polygon","coordinates":[[[120.4478359,23.5915839],[120.4482597,23.5913307],[120.4483455,23.5915962],[120.4486889,23.5918076],[120.448941,23.5919403],[120.4492146,23.5922599],[120.4493889,23.5927171],[120.4495391,23.5927785],[120.449625,23.5927761],[120.4502687,23.5926089],[120.4503921,23.5925942],[120.4504645,23.5928695],[120.4498637,23.5929801],[120.448992,23.5935602],[120.4486272,23.5939584],[120.4483294,23.5941108],[120.4474604,23.5944622],[120.4473742,23.5937458],[120.4472192,23.5933365],[120.4474229,23.5932357],[120.4483187,23.5927933],[120.4483509,23.5922083],[120.4479378,23.591697],[120.4478359,23.5915839]]]}},{"type":"Feature","properties":{"name":"","name_en":"","water":"pond","natural":"water","landuse":""},"geometry":{"type":"Polygon","coordinates":[[[120.4635241,23.613021],[120.4637635,23.6129598],[120.4636307,23.6125365],[120.46361,23.6125001],[120.4635643,23.6124784],[120.463488,23.6124915],[120.4633882,23.6125207],[120.4632643,23.612553],[120.4634247,23.6129434],[120.4634608,23.6130005],[120.4635241,23.613021]]]}},{"type":"Feature","properties":{"name":"烏龜池","name_en":"","water":"pond","natural":"water","landuse":""},"geometry":{"type":"Polygon","coordinates":[[[120.4512147,23.4725725],[120.451245,23.4725753],[120.4512576,23.472532],[120.4512106,23.4725292],[120.4512147,23.4725725]]]}},{"type":"Feature","properties":{"name":"","name_en":"","water":"","natural":"water","landuse":""},"geometry":{"type":"Polygon","coordinates":[[[120.4502508,23.4733358],[120.4504071,23.4733471],[120.4504278,23.4731048],[120.4502716,23.4730936],[120.4502508,23.4733358]]]}},{"type":"Feature","properties":{"name":"","name_en":"","water":"basin","natural":"water","landuse":""},"geometry":{"type":"Polygon","coordinates":[[[120.3429091,23.4987354],[120.3433341,23.4989129],[120.3437024,23.499792],[120.3425125,23.5002597],[120.3424605,23.5001991],[120.3425738,23.4999479],[120.3425597,23.4995798],[120.342928,23.4992853],[120.3429091,23.4987354]]]}},{"type":"Feature","properties":{"name":"新埤滯洪池 (下池)","name_en":"Xinpi Detention Basin (Lower Basin)","water":"basin","natural":"water","landuse":""},"geometry":{"type":"Polygon","coordinates":[[[120.3041621,23.4819886],[120.304038,23.4802702],[120.3040219,23.4800469],[120.3039756,23.4798864],[120.3038321,23.479724],[120.3036404,23.4796207],[120.3034405,23.479598],[120.3032595,23.4796429],[120.3030476,23.4797597],[120.3028612,23.4799541],[120.3027539,23.4801447],[120.3026681,23.4804941],[120.3025246,23.4808065],[120.3024454,23.480932],[120.3016837,23.4820095],[120.3020968,23.4822764],[120.3020115,23.4823875],[120.3020386,23.482405],[120.3020999,23.4824446],[120.3022483,23.48252],[120.3024039,23.4825513],[120.3025675,23.4825421],[120.3039367,23.4822475],[120.3040642,23.482186],[120.3041352,23.4820888],[120.3041621,23.4819886]]]}},{"type":"Feature","properties":{"name":"新埤滯洪池 (上池)","name_en":"Xinpi Detention Basin (Upper Basin)","water":"basin","natural":"water","landuse":""},"geometry":{"type":"Polygon","coordinates":[[[120.3041983,23.4824966],[120.3042472,23.4832518],[120.3042108,23.4833564],[120.3041285,23.4834179],[120.3040333,23.4834425],[120.30393,23.4834166],[120.3037088,23.4832838],[120.3034566,23.4831866],[120.3028625,23.4830679],[120.3026644,23.4829935],[120.3024914,23.482876],[120.3024582,23.4828182],[120.3024508,23.4827407],[120.3025024,23.4826387],[120.3025648,23.4825999],[120.3039734,23.4822968],[120.3040735,23.4823133],[120.3041359,23.4823576],[120.3041822,23.4824185],[120.3041983,23.4824966]]]}},{"type":"Feature","properties":{"name":"","name_en":"","water":"basin","natural":"water","landuse":""},"geometry":{"type":"Polygon","coordinates":[[[120.3304702,23.5958559],[120.3321259,23.5961209],[120.332761,23.5963547],[120.3328858,23.5978928],[120.3318708,23.5972173],[120.3314398,23.5968016],[120.3301243,23.5961573],[120.3297955,23.5957416],[120.3299882,23.5953778],[120.3302207,23.5952947],[120.3303058,23.5953519],[120.3302547,23.5956948],[120.3303455,23.5958143],[120.3304702,23.5958559]]]}},{"type":"Feature","properties":{"name":"","name_en":"","water":"basin","natural":"water","landuse":""},"geometry":{"type":"Polygon","coordinates":[[[120.3346675,23.5970434],[120.3354512,23.5977972],[120.3356067,23.5994296],[120.33538,23.5996136],[120.3350367,23.599661],[120.3344731,23.5991268],[120.3344667,23.5987885],[120.3345638,23.5985392],[120.334376,23.5981534],[120.3343436,23.5972571],[120.3344148,23.5971324],[120.3346675,23.5970434]]]}},{"type":"Feature","properties":{"name":"","name_en":"","water":"pond","natural":"water","landuse":""},"geometry":{"type":"Polygon","coordinates":[[[120.5364857,23.5849273],[120.5364736,23.5849787],[120.5364675,23.5850524],[120.536466,23.58514],[120.5364706,23.5852221],[120.536504,23.5852735],[120.5365495,23.5852846],[120.5365965,23.5852693],[120.5366633,23.5852095],[120.5367346,23.5851331],[120.5368013,23.5850594],[120.5368226,23.5850288],[120.5368029,23.5849968],[120.5367467,23.5849773],[120.5365692,23.5849217],[120.5364857,23.5849273]]]}},{"type":"Feature","properties":{"name":"","name_en":"","water":"","natural":"water","landuse":""},"geometry":{"type":"Polygon","coordinates":[[[120.3653232,23.5577908],[120.3657718,23.5578195],[120.3658125,23.5572843],[120.365364,23.5572556],[120.3653232,23.5577908]]]}},{"type":"Feature","properties":{"name":"","name_en":"","water":"basin","natural":"water","landuse":""},"geometry":{"type":"Polygon","coordinates":[[[120.5106658,23.5945608],[120.5104156,23.5942071],[120.5104049,23.5941318],[120.5104835,23.5938731],[120.5105729,23.593801],[120.5108087,23.5937584],[120.5110196,23.5936373],[120.5113305,23.5934571],[120.5115771,23.5933589],[120.5116593,23.593372],[120.5119452,23.5939517],[120.5120453,23.5939124],[120.5121167,23.5939353],[120.512131,23.5939615],[120.5119916,23.5940204],[120.5120024,23.5940958],[120.5119631,23.5941776],[120.5115842,23.5943414],[120.5115735,23.5944003],[120.5109696,23.5947016],[120.5107802,23.5946951],[120.5107266,23.5946361],[120.5106551,23.5946754],[120.510605,23.5946132],[120.5106658,23.5945608]]]}},{"type":"Feature","properties":{"name":"","name_en":"","water":"pond","natural":"water","landuse":""},"geometry":{"type":"Polygon","coordinates":[[[120.5286968,23.5927926],[120.5286693,23.5927281],[120.5286715,23.592712],[120.5288016,23.5926545],[120.5288414,23.5926643],[120.5288827,23.5926881],[120.5288842,23.5927295],[120.5287274,23.5927919],[120.5286968,23.5927926]]]}},{"type":"Feature","properties":{"name":"","name_en":"","water":"basin","natural":"water","landuse":""},"geometry":{"type":"Polygon","coordinates":[[[120.5057876,23.5935683],[120.5057465,23.5934216],[120.507169,23.5927509],[120.5072055,23.5928096],[120.5071918,23.5929437],[120.5073153,23.5932078],[120.5067665,23.5935599],[120.5065698,23.593782],[120.5063914,23.5937862],[120.506117,23.5936521],[120.5057876,23.5935683]]]}},{"type":"Feature","properties":{"name":"","name_en":"","water":"basin","natural":"water","landuse":""},"geometry":{"type":"Polygon","coordinates":[[[120.5205005,23.5902757],[120.5203936,23.5901486],[120.5203733,23.5900744],[120.5206277,23.5897009],[120.5206971,23.589685],[120.5209052,23.5900214],[120.5209081,23.5900559],[120.5205612,23.5902572],[120.5205005,23.5902757]]]}},{"type":"Feature","properties":{"name":"","name_en":"","water":"basin","natural":"water","landuse":""},"geometry":{"type":"Polygon","coordinates":[[[120.3734632,23.6118842],[120.3730072,23.6120869],[120.3728542,23.6118667],[120.3726958,23.6119543],[120.3725784,23.6118517],[120.3725866,23.6116715],[120.3726849,23.6112562],[120.3728105,23.6111185],[120.3735315,23.611126],[120.3736681,23.6113487],[120.3735779,23.6114063],[120.37372,23.6115965],[120.3736872,23.6117541],[120.3734632,23.6118842]]]}},{"type":"Feature","properties":{"name":"陳井寮滯洪池","name_en":"","water":"basin","natural":"water","landuse":""},"geometry":{"type":"Polygon","coordinates":[[[120.4084199,23.6111705],[120.4090129,23.6108118],[120.4091626,23.610643],[120.4096693,23.609725],[120.4096577,23.6096776],[120.4083393,23.6091025],[120.4082529,23.6091025],[120.4073202,23.6094929],[120.4072742,23.6095457],[120.4076196,23.6105427],[120.4078557,23.6108434],[120.4083335,23.6111758],[120.4084199,23.6111705]]]}},{"type":"Feature","properties":{"name":"","name_en":"","water":"basin","natural":"water","landuse":""},"geometry":{"type":"Polygon","coordinates":[[[120.3365202,23.5802369],[120.3365597,23.5803078],[120.3366074,23.5803745],[120.3366626,23.580436],[120.3367247,23.5804918],[120.3367956,23.5805426],[120.3368723,23.5805859],[120.3369538,23.5806211],[120.3376348,23.580608],[120.337716,23.580571],[120.3378004,23.5805405],[120.3378763,23.5805192],[120.3379538,23.580503],[120.3382851,23.5804955],[120.3383312,23.5804946],[120.3383766,23.580487],[120.3384201,23.580473],[120.3384475,23.5804602],[120.3384732,23.5804449],[120.3391583,23.5799445],[120.3392606,23.5799051],[120.3397943,23.579817],[120.3399681,23.5796052],[120.3397636,23.5784394],[120.3390438,23.578237],[120.3377438,23.5783978],[120.3376007,23.5783554],[120.3375433,23.57827],[120.3369149,23.5782782],[120.3368581,23.5782904],[120.3368027,23.5783074],[120.3367493,23.5783288],[120.3366845,23.5783625],[120.3366524,23.5783801],[120.3366245,23.5784029],[120.3366022,23.5784296],[120.3365856,23.5784596],[120.3365754,23.5784919],[120.3364665,23.5789137],[120.3365202,23.5802369]]]}},{"type":"Feature","properties":{"name":"","name_en":"","water":"pond","natural":"water","landuse":""},"geometry":{"type":"Polygon","coordinates":[[[120.3845028,23.3930771],[120.3844808,23.3929558],[120.3846481,23.3926487],[120.3847758,23.3925194],[120.3849959,23.3923941],[120.3850664,23.3923941],[120.3851808,23.3924588],[120.3850444,23.3925032],[120.3849651,23.3925598],[120.3849167,23.3926406],[120.3848859,23.3927336],[120.3849695,23.3928023],[120.3850444,23.3928184],[120.3849728,23.3929437],[120.384822,23.3930205],[120.3846756,23.3930649],[120.3845028,23.3930771]]]}},{"type":"Feature","properties":{"name":"生態蓄水池","name_en":"","water":"pond","natural":"water","landuse":""},"geometry":{"type":"Polygon","coordinates":[[[120.3067029,23.4796811],[120.3054656,23.4794424],[120.30542,23.4794018],[120.3053986,23.4793317],[120.3054576,23.4792603],[120.3060999,23.4787867],[120.3061751,23.4787892],[120.3062072,23.47882],[120.3068295,23.4795026],[120.3068402,23.4795469],[120.3068309,23.4795986],[120.3067029,23.4796811]]]}},{"type":"Feature","properties":{"name":"公館滯洪池","name_en":"","water":"basin","natural":"water","landuse":""},"geometry":{"type":"Polygon","coordinates":[[[120.4470967,23.4342545],[120.4469751,23.4342397],[120.4469465,23.4341692],[120.4467695,23.4341069],[120.4466103,23.4341512],[120.446174,23.4344678],[120.4461347,23.4346844],[120.4455589,23.4350026],[120.4454463,23.4349223],[120.4452478,23.4349944],[120.4448919,23.4354407],[120.4447989,23.435508],[120.4447203,23.4355162],[120.4446398,23.4355244],[120.4445468,23.4354899],[120.4441981,23.4352274],[120.4437189,23.4351421],[120.4435759,23.4350863],[120.4435079,23.4350945],[120.4434382,23.4351602],[120.4427819,23.436028],[120.4427176,23.4361134],[120.4449302,23.4375484],[120.4450715,23.4375763],[120.4451984,23.4375303],[120.4471011,23.4351139],[120.4471834,23.4349778],[120.4472102,23.4347448],[120.4472799,23.4346906],[120.4472124,23.4346198],[120.4471731,23.4345503],[120.4471319,23.4344615],[120.4471051,23.4343692],[120.4470967,23.4342545]]]}},{"type":"Feature","properties":{"name":"","name_en":"","water":"basin","natural":"water","landuse":""},"geometry":{"type":"Polygon","coordinates":[[[120.3546159,23.607123],[120.3545866,23.6066503],[120.3546643,23.6066405],[120.3547038,23.6066542],[120.3547279,23.6066812],[120.3547426,23.6070814],[120.3547299,23.6071157],[120.3546994,23.6071303],[120.3546408,23.6071354],[120.3546159,23.607123]]]}},{"type":"Feature","properties":{"name":"","name_en":"","water":"basin","natural":"water","landuse":""},"geometry":{"type":"Polygon","coordinates":[[[120.353529,23.5983054],[120.3535201,23.5982914],[120.3535137,23.5982312],[120.3535211,23.5981899],[120.3535598,23.5981486],[120.3536071,23.5981156],[120.3536291,23.5981143],[120.3537266,23.5981644],[120.3537437,23.5982176],[120.3537101,23.5982856],[120.3536566,23.5983282],[120.3536032,23.598317],[120.3535786,23.5983382],[120.3535505,23.5983233],[120.353529,23.5983054]]]}},{"type":"Feature","properties":{"name":"","name_en":"","water":"pond","natural":"water","landuse":""},"geometry":{"type":"Polygon","coordinates":[[[120.3485735,23.6021736],[120.3485663,23.6020339],[120.3485563,23.6019907],[120.3485538,23.6019536],[120.3485823,23.6019127],[120.3486873,23.6018435],[120.3487408,23.6018393],[120.3487781,23.6018504],[120.3487905,23.6018862],[120.3487958,23.6019339],[120.348807,23.6019611],[120.3488251,23.6019826],[120.3488479,23.6020058],[120.3488523,23.6020335],[120.3488516,23.602066],[120.3488534,23.6021201],[120.3488712,23.6021606],[120.3488641,23.6021833],[120.3488223,23.6022044],[120.3487596,23.6022121],[120.3487116,23.602207],[120.3486792,23.6021936],[120.3486352,23.6021829],[120.3486003,23.6021863],[120.3485735,23.6021736]]]}},{"type":"Feature","properties":{"name":"","name_en":"","water":"pond","natural":"water","landuse":""},"geometry":{"type":"Polygon","coordinates":[[[120.3587566,23.532716],[120.3589991,23.5325999],[120.3587545,23.5323363],[120.358512,23.5324386],[120.3587566,23.532716]]]}},{"type":"Feature","properties":{"name":"","name_en":"","water":"pond","natural":"water","landuse":""},"geometry":{"type":"Polygon","coordinates":[[[120.4158802,23.534445],[120.4157254,23.5343865],[120.4156253,23.5342474],[120.4157133,23.534061],[120.4163566,23.5337077],[120.4164749,23.5339052],[120.4162383,23.5340332],[120.4161138,23.5341389],[120.4158802,23.534445]]]}},{"type":"Feature","properties":{"name":"","name_en":"","water":"pond","natural":"water","landuse":""},"geometry":{"type":"Polygon","coordinates":[[[120.421078,23.5369642],[120.421081,23.5367751],[120.4212843,23.5367389],[120.4226226,23.536572],[120.4234874,23.5364774],[120.4234874,23.5365747],[120.4227682,23.5367111],[120.4220672,23.5367862],[120.421078,23.5369642]]]}},{"type":"Feature","properties":{"name":"","name_en":"","water":"pond","natural":"water","landuse":""},"geometry":{"type":"Polygon","coordinates":[[[120.5738232,23.5293207],[120.573909,23.5292198],[120.5739814,23.52921],[120.5740378,23.529237],[120.5739949,23.5292862],[120.5739332,23.5293379],[120.5738715,23.5293625],[120.5738232,23.5293207]]]}},{"type":"Feature","properties":{"name":"","name_en":"","water":"pond","natural":"water","landuse":""},"geometry":{"type":"Polygon","coordinates":[[[120.5725679,23.5305724],[120.5725679,23.5305134],[120.5726564,23.5304642],[120.5727396,23.5304519],[120.5727557,23.5304986],[120.5727476,23.5305478],[120.5726752,23.5306019],[120.5725974,23.5305945],[120.5725679,23.5305724]]]}},{"type":"Feature","properties":{"name":"","name_en":"","water":"pond","natural":"water","landuse":""},"geometry":{"type":"Polygon","coordinates":[[[120.5806369,23.5123302],[120.5806745,23.5122466],[120.580873,23.5124187],[120.5809642,23.512522],[120.5809212,23.512586],[120.5808193,23.5125712],[120.5806369,23.5123302]]]}},{"type":"Feature","properties":{"name":"","name_en":"","water":"pond","natural":"water","landuse":""},"geometry":{"type":"Polygon","coordinates":[[[120.5812437,23.5319478],[120.581233,23.5318642],[120.5813617,23.5318544],[120.5814583,23.5318642],[120.581469,23.531938],[120.5812437,23.5319478]]]}},{"type":"Feature","properties":{"name":"","name_en":"","water":"pond","natural":"water","landuse":""},"geometry":{"type":"Polygon","coordinates":[[[120.354663,23.4948249],[120.3552837,23.4948183],[120.3553017,23.4940703],[120.3551538,23.4939147],[120.3549806,23.493885],[120.354681,23.4938949],[120.354663,23.4948249]]]}},{"type":"Feature","properties":{"name":"","name_en":"","water":"pond","natural":"water","landuse":""},"geometry":{"type":"Polygon","coordinates":[[[120.3334649,23.4891785],[120.3335569,23.4892148],[120.333622,23.4891564],[120.3336249,23.4891019],[120.3335626,23.4890941],[120.3334649,23.4891278],[120.3334649,23.4891785]]]}},{"type":"Feature","properties":{"name":"生態蓄水池","name_en":"","water":"pond","natural":"water","landuse":""},"geometry":{"type":"Polygon","coordinates":[[[120.3047138,23.4802115],[120.3048278,23.480179],[120.3048829,23.4800744],[120.3049733,23.4800094],[120.3051189,23.4799769],[120.30517,23.4798687],[120.3051268,23.4797785],[120.3049969,23.4797388],[120.3048475,23.4797893],[120.3046783,23.4798976],[120.3046194,23.4800491],[120.3046311,23.4801501],[120.3047138,23.4802115]]]}},{"type":"Feature","properties":{"name":"","name_en":"","water":"pond","natural":"water","landuse":""},"geometry":{"type":"Polygon","coordinates":[[[120.3533742,23.5568241],[120.3533581,23.5564461],[120.3533802,23.5564387],[120.3537806,23.556542],[120.3538108,23.5565788],[120.3536257,23.5568739],[120.3535854,23.556885],[120.3533923,23.5568573],[120.3533742,23.5568241]]]}},{"type":"Feature","properties":{"name":"","name_en":"","water":"pond","natural":"water","landuse":""},"geometry":{"type":"Polygon","coordinates":[[[120.3481762,23.5726591],[120.3481339,23.5725953],[120.3481215,23.5725338],[120.3482209,23.5722671],[120.3482607,23.5721076],[120.348303,23.5720597],[120.3485666,23.5718911],[120.3486934,23.5718683],[120.3488152,23.5718888],[120.3489246,23.5719458],[120.3490788,23.5719549],[120.3493026,23.5719389],[120.3494145,23.5719686],[120.3494667,23.5720369],[120.3494894,23.5721905],[120.3494524,23.5723076],[120.3492463,23.5723722],[120.3491298,23.5724415],[120.3488261,23.5725255],[120.3487163,23.5725183],[120.3485855,23.5725426],[120.3482551,23.5726574],[120.3481762,23.5726591]]]}},{"type":"Feature","properties":{"name":"","name_en":"","water":"wastewater","natural":"water","landuse":""},"geometry":{"type":"Polygon","coordinates":[[[120.4296444,23.5109154],[120.4295874,23.5108952],[120.4295401,23.5108594],[120.429506,23.5108083],[120.4294925,23.5107496],[120.4295013,23.5106902],[120.4295313,23.510637],[120.4295791,23.5105961],[120.4296391,23.5105722],[120.4297043,23.5105682],[120.4297672,23.5105845],[120.4298205,23.5106192],[120.4298562,23.5106648],[120.4298744,23.5107184],[120.4298733,23.5107746],[120.4298529,23.5108275],[120.4298154,23.5108719],[120.4297646,23.5109032],[120.4297056,23.5109182],[120.4296444,23.5109154]]]}},{"type":"Feature","properties":{"name":"","name_en":"","water":"pond","natural":"water","landuse":""},"geometry":{"type":"Polygon","coordinates":[[[120.5014573,23.4819443],[120.5017979,23.4819652],[120.5019093,23.4819099],[120.5019455,23.4818237],[120.5018556,23.4817573],[120.5017658,23.4813539],[120.5014975,23.4813736],[120.5011582,23.4813797],[120.5010818,23.481563],[120.5011234,23.4816405],[120.5014573,23.4819443]]]}},{"type":"Feature","properties":{"name":"","name_en":"","water":"basin","natural":"water","landuse":""},"geometry":{"type":"Polygon","coordinates":[[[120.4185738,23.5296432],[120.4185884,23.5294749],[120.4186253,23.5293895],[120.4186516,23.5293702],[120.418811,23.5293642],[120.4189644,23.5293753],[120.4191771,23.5293571],[120.4193186,23.529313],[120.419345,23.5293047],[120.4193822,23.5293113],[120.4194713,23.5294017],[120.4195534,23.5295161],[120.419597,23.5297178],[120.4195725,23.5297746],[120.4195222,23.5297999],[120.4194569,23.529808],[120.419392,23.5297728],[120.4193284,23.5297499],[120.4190601,23.5297393],[120.4189972,23.5297667],[120.4186471,23.5297383],[120.4185838,23.5297098],[120.4185738,23.5296432]]]}},{"type":"Feature","properties":{"name":"","name_en":"","water":"basin","natural":"water","landuse":""},"geometry":{"type":"Polygon","coordinates":[[[120.4182438,23.5305385],[120.4182829,23.5302754],[120.4183072,23.5301812],[120.4184619,23.5299892],[120.4185461,23.5298499],[120.4185683,23.5298301],[120.418607,23.5298213],[120.4188021,23.5298378],[120.4190776,23.5298634],[120.419511,23.5299326],[120.419568,23.5299698],[120.4196134,23.5300357],[120.4196438,23.5302114],[120.419627,23.530351],[120.4195325,23.5304898],[120.4194881,23.5305406],[120.4193917,23.5307779],[120.4193347,23.5308251],[120.4192664,23.5308438],[120.4189334,23.5307977],[120.4188337,23.5307795],[120.4188106,23.5307494],[120.4188096,23.5306842],[120.418747,23.5306375],[120.4184223,23.5305558],[120.4183137,23.5305411],[120.4182438,23.5305385]]]}},{"type":"Feature","properties":{"name":"","name_en":"","water":"basin","natural":"water","landuse":""},"geometry":{"type":"Polygon","coordinates":[[[120.4186285,23.52926],[120.4186313,23.5291652],[120.4186147,23.5290777],[120.4185923,23.528932],[120.4186048,23.5288969],[120.4186369,23.5288774],[120.4187302,23.5288402],[120.4190922,23.5287619],[120.4191585,23.5287587],[120.4192125,23.5287852],[120.4192283,23.5288502],[120.4192363,23.5289588],[120.4192531,23.5290091],[120.4192813,23.529124],[120.4193031,23.5291852],[120.4192938,23.529219],[120.4190931,23.529271],[120.4189641,23.5292964],[120.4188355,23.5292935],[120.4187242,23.5292983],[120.4186575,23.5292973],[120.4186285,23.52926]]]}},{"type":"Feature","properties":{"name":"","name_en":"","water":"basin","natural":"water","landuse":""},"geometry":{"type":"Polygon","coordinates":[[[120.4175168,23.5322251],[120.4178789,23.5317406],[120.4179233,23.531723],[120.4181571,23.5318061],[120.4182805,23.5318158],[120.4183969,23.5318067],[120.4184869,23.5318119],[120.4188169,23.5318822],[120.4188522,23.5319085],[120.4188588,23.5319494],[120.4186556,23.5325342],[120.4185847,23.532691],[120.4185445,23.5327249],[120.4184923,23.5327431],[120.418431,23.5327349],[120.4182475,23.5326599],[120.4181117,23.5326228],[120.4179491,23.5325825],[120.4177939,23.5325018],[120.4175416,23.5322741],[120.4175168,23.5322251]]]}},{"type":"Feature","properties":{"name":"","name_en":"","water":"basin","natural":"water","landuse":""},"geometry":{"type":"Polygon","coordinates":[[[120.4305104,23.5263706],[120.4305392,23.5263519],[120.4305716,23.5263508],[120.43061,23.5263607],[120.4306196,23.5263849],[120.4305968,23.526441],[120.4305656,23.5264983],[120.4305392,23.5265225],[120.4305236,23.5265269],[120.4304996,23.5265203],[120.4304864,23.5264994],[120.430484,23.5264565],[120.4305104,23.5263706]]]}},{"type":"Feature","properties":{"name":"","name_en":"","water":"basin","natural":"water","landuse":""},"geometry":{"type":"Polygon","coordinates":[[[120.4305668,23.5262573],[120.430574,23.5261758],[120.4305764,23.5261131],[120.4305824,23.5260856],[120.4306028,23.526047],[120.4306292,23.5260261],[120.430652,23.5260206],[120.4307192,23.5260228],[120.4307588,23.5260305],[120.4307948,23.5260526],[120.430796,23.5260779],[120.4307756,23.5262055],[120.4307696,23.5262484],[120.43076,23.5262694],[120.430736,23.5262826],[120.430664,23.5262804],[120.4305908,23.5262727],[120.4305668,23.5262573]]]}},{"type":"Feature","properties":{"name":"","name_en":"","water":"basin","natural":"water","landuse":""},"geometry":{"type":"Polygon","coordinates":[[[120.4306052,23.5259425],[120.4306628,23.5259458],[120.430694,23.5259447],[120.4307204,23.5259425],[120.4307468,23.5259304],[120.4307579,23.5258941],[120.4307444,23.5257631],[120.4307228,23.5257169],[120.430688,23.5256916],[120.4306508,23.5256839],[120.4306124,23.5256894],[120.4305848,23.5257191],[120.4305776,23.5257532],[120.4305872,23.525839],[120.4305896,23.5258886],[120.4305908,23.5259205],[120.4306052,23.5259425]]]}},{"type":"Feature","properties":{"name":"","name_en":"","water":"basin","natural":"water","landuse":""},"geometry":{"type":"Polygon","coordinates":[[[120.4308585,23.5256475],[120.4309005,23.5256156],[120.4309221,23.5256046],[120.4309809,23.5256024],[120.4311273,23.525609],[120.4312114,23.5256035],[120.4312822,23.5255683],[120.431317,23.5255441],[120.431359,23.5255386],[120.4313998,23.5255606],[120.4314094,23.5256123],[120.4314194,23.5257412],[120.4314214,23.5257664],[120.4314178,23.5258754],[120.4313878,23.5259491],[120.4313266,23.5260074],[120.4312654,23.5260459],[120.4311597,23.5260801],[120.4310637,23.5260834],[120.4310001,23.5260735],[120.4309341,23.526047],[120.4308873,23.5260096],[120.4308609,23.5259645],[120.4308429,23.525871],[120.4308429,23.5257587],[120.4308393,23.5256861],[120.4308585,23.5256475]]]}},{"type":"Feature","properties":{"name":"","name_en":"","water":"","natural":"water","landuse":""},"geometry":{"type":"Polygon","coordinates":[[[120.3238899,23.4051211],[120.3237125,23.4058976],[120.3234613,23.4058365],[120.3234992,23.4056711],[120.3232792,23.405636],[120.3233854,23.405189],[120.3238899,23.4051211]]]}},{"type":"Feature","properties":{"name":"","name_en":"","water":"pond","natural":"water","landuse":""},"geometry":{"type":"Polygon","coordinates":[[[120.3471601,23.5085916],[120.3471762,23.5083506],[120.3472406,23.5083555],[120.3472406,23.5085818],[120.3471601,23.5085916]]]}},{"type":"Feature","properties":{"name":"","name_en":"","water":"pond","natural":"water","landuse":""},"geometry":{"type":"Polygon","coordinates":[[[120.3488419,23.5244329],[120.3490028,23.5243493],[120.3490564,23.5244206],[120.3490913,23.5245337],[120.3490511,23.5245706],[120.3490001,23.5245608],[120.3489331,23.5245903],[120.3488687,23.5245411],[120.3488419,23.5244329]]]}},{"type":"Feature","properties":{"name":"","name_en":"","water":"pond","natural":"water","landuse":""},"geometry":{"type":"Polygon","coordinates":[[[120.3533936,23.5239398],[120.353466,23.5239398],[120.3535116,23.5240062],[120.3535545,23.52408],[120.3534848,23.5242718],[120.3533533,23.5246112],[120.3532487,23.5246899],[120.3531495,23.5246801],[120.3530583,23.5246014],[120.3529108,23.5244538],[120.3527579,23.5242767],[120.3527525,23.5242177],[120.3528169,23.5241193],[120.3528813,23.5242177],[120.352943,23.5243407],[120.3530207,23.5244169],[120.353069,23.5244686],[120.3531374,23.524487],[120.353187,23.5244809],[120.353289,23.5244095],[120.3533292,23.5242448],[120.3533426,23.5241218],[120.353348,23.5240062],[120.3533936,23.5239398]]]}},{"type":"Feature","properties":{"name":"","name_en":"","water":"pond","natural":"water","landuse":""},"geometry":{"type":"Polygon","coordinates":[[[120.4592425,23.6113082],[120.458693,23.6104682],[120.4585272,23.6105512],[120.4583884,23.6106337],[120.4587941,23.6112873],[120.4588839,23.6112762],[120.4589215,23.6112271],[120.459018,23.6112271],[120.4591227,23.6113131],[120.4592425,23.6113082]]]}},{"type":"Feature","properties":{"name":"","name_en":"","water":"pond","natural":"water","landuse":""},"geometry":{"type":"Polygon","coordinates":[[[120.3646228,23.5864149],[120.3646817,23.5863458],[120.3647439,23.5863268],[120.3648137,23.5863058],[120.3648661,23.5862938],[120.3649294,23.5863068],[120.3650003,23.5863588],[120.364973,23.5864759],[120.3649512,23.5865559],[120.3649098,23.5865929],[120.3648606,23.5866059],[120.364829,23.5865979],[120.3646522,23.5864459],[120.3646228,23.5864149]]]}},{"type":"Feature","properties":{"name":"","name_en":"","water":"pond","natural":"water","landuse":""},"geometry":{"type":"Polygon","coordinates":[[[120.3562218,23.6200175],[120.3563909,23.6200346],[120.3563833,23.6200095],[120.3563423,23.6199516],[120.3562606,23.6198752],[120.3562372,23.6198634],[120.3559969,23.6198893],[120.3562218,23.6200175]]]}},{"type":"Feature","properties":{"name":"","name_en":"","water":"pond","natural":"water","landuse":""},"geometry":{"type":"Polygon","coordinates":[[[120.5430324,23.4701389],[120.5429778,23.4701319],[120.5429319,23.4701189],[120.5428598,23.4700488],[120.5428107,23.4699977],[120.542803,23.4699496],[120.5428369,23.4699105],[120.5429559,23.4698764],[120.54298,23.4698864],[120.5430761,23.4699826],[120.5431154,23.4700387],[120.543122,23.4700718],[120.5431143,23.4701069],[120.5430816,23.4701249],[120.5430324,23.4701389]]]}},{"type":"Feature","properties":{"name":"","name_en":"","water":"pond","natural":"water","landuse":""},"geometry":{"type":"Polygon","coordinates":[[[120.543146,23.4699987],[120.5430433,23.4698905],[120.5430171,23.4698524],[120.543016,23.4698323],[120.54304,23.4698213],[120.5430968,23.4698133],[120.5431842,23.4698033],[120.5432924,23.4698033],[120.5433459,23.4698223],[120.5433874,23.4698654],[120.5433951,23.4699055],[120.5433656,23.4699776],[120.5432935,23.4700187],[120.5432356,23.4700267],[120.5432028,23.4700297],[120.5431897,23.4700267],[120.543146,23.4699987]]]}},{"type":"Feature","properties":{"name":"","name_en":"","water":"pond","natural":"water","landuse":""},"geometry":{"type":"Polygon","coordinates":[[[120.3754152,23.5634673],[120.3758216,23.5633992],[120.3759384,23.5633772],[120.3760269,23.5633722],[120.3760444,23.5633842],[120.376052,23.5634072],[120.375981,23.5636075],[120.3759559,23.5636275],[120.3759155,23.5636335],[120.3756872,23.5636155],[120.3754229,23.5635334],[120.3754152,23.5634673]]]}},{"type":"Feature","properties":{"name":"","name_en":"","water":"pond","natural":"water","landuse":""},"geometry":{"type":"Polygon","coordinates":[[[120.354408,23.5983462],[120.354321,23.5983238],[120.3542311,23.5982826],[120.3542008,23.5982243],[120.3542056,23.5981804],[120.3542408,23.598141],[120.3542839,23.5980926],[120.3543269,23.5980604],[120.3543777,23.5980631],[120.3544901,23.5980864],[120.3545116,23.5981052],[120.3545175,23.5981697],[120.3545146,23.5983292],[120.3545029,23.5983569],[120.3544608,23.5983605],[120.354408,23.5983462]]]}},{"type":"Feature","properties":{"name":"","name_en":"","water":"pond","natural":"water","landuse":""},"geometry":{"type":"Polygon","coordinates":[[[120.3557871,23.6035578],[120.3557326,23.6035547],[120.3556372,23.6034975],[120.3556179,23.6034548],[120.3556327,23.6033279],[120.355635,23.6032883],[120.3556236,23.6031562],[120.3556372,23.6031083],[120.3556395,23.6030303],[120.355652,23.6030188],[120.355711,23.602999],[120.3557451,23.6030022],[120.3558212,23.6030427],[120.3558814,23.6030563],[120.3559313,23.6030844],[120.355987,23.603152],[120.3559893,23.6031863],[120.3559643,23.6032332],[120.3559234,23.6033455],[120.3559109,23.603382],[120.3558348,23.6035183],[120.3557871,23.6035578]]]}},{"type":"Feature","properties":{"name":"","name_en":"","water":"pond","natural":"water","landuse":""},"geometry":{"type":"Polygon","coordinates":[[[120.4057842,23.4956561],[120.4057588,23.4956512],[120.4057534,23.4956143],[120.4058446,23.495511],[120.405968,23.4954556],[120.4060525,23.4954568],[120.4060981,23.4954925],[120.4060712,23.495522],[120.4059599,23.4955515],[120.4058459,23.4956155],[120.4057842,23.4956561]]]}},{"type":"Feature","properties":{"name":"","name_en":"","water":"pond","natural":"water","landuse":""},"geometry":{"type":"Polygon","coordinates":[[[120.4653285,23.4789218],[120.4653343,23.4789298],[120.4653415,23.4789368],[120.4653498,23.4789426],[120.465359,23.4789471],[120.465369,23.4789501],[120.4653793,23.4789515],[120.4653898,23.4789513],[120.4654001,23.4789495],[120.4654099,23.4789462],[120.4654189,23.4789414],[120.465427,23.4789353],[120.4654339,23.4789281],[120.4654393,23.4789199],[120.4654432,23.478911],[120.4654454,23.4789016],[120.4654459,23.478892],[120.4654446,23.4788825],[120.4654411,23.4788721],[120.4654355,23.4788624],[120.4654279,23.4788539],[120.4654188,23.4788469],[120.4654084,23.4788416],[120.465397,23.4788382],[120.4653852,23.4788369],[120.4653733,23.4788376],[120.4653617,23.4788404],[120.465351,23.4788451],[120.4653414,23.4788517],[120.4653334,23.4788597],[120.4653272,23.4788691],[120.465323,23.4788793],[120.465321,23.4788901],[120.4653213,23.478901],[120.4653238,23.4789117],[120.4653285,23.4789218]]]}},{"type":"Feature","properties":{"name":"","name_en":"","water":"pond","natural":"water","landuse":""},"geometry":{"type":"Polygon","coordinates":[[[120.4654334,23.478173],[120.4654441,23.4781525],[120.4655414,23.478163],[120.4655469,23.4781379],[120.4654462,23.4781293],[120.4654284,23.4781369],[120.4654189,23.4781543],[120.4653934,23.478151],[120.4653702,23.4781383],[120.465356,23.4781273],[120.4653381,23.4781132],[120.4653201,23.4781088],[120.4653028,23.4781076],[120.4653005,23.478126],[120.4653155,23.4781266],[120.4653302,23.4781313],[120.4653447,23.478142],[120.4653675,23.4781601],[120.4653836,23.4781691],[120.4654334,23.478173]]]}},{"type":"Feature","properties":{"name":"","name_en":"","water":"pond","natural":"water","landuse":""},"geometry":{"type":"Polygon","coordinates":[[[120.3161502,23.4185586],[120.3169173,23.4186675],[120.317158,23.4186779],[120.3173223,23.4185961],[120.3173391,23.4185666],[120.3171084,23.4185795],[120.316859,23.4183087],[120.3166015,23.4185087],[120.3159986,23.4184583],[120.3159893,23.4184841],[120.3161502,23.4185586]]]}},{"type":"Feature","properties":{"name":"","name_en":"","water":"basin","natural":"water","landuse":""},"geometry":{"type":"Polygon","coordinates":[[[120.5649874,23.4530015],[120.5649552,23.4529267],[120.5649745,23.4528558],[120.5648586,23.452848],[120.56479,23.4529267],[120.5648071,23.4529681],[120.5648844,23.4530094],[120.5649874,23.4530015]]]}},{"type":"Feature","properties":{"name":"","name_en":"","water":"basin","natural":"water","landuse":""},"geometry":{"type":"Polygon","coordinates":[[[120.5639016,23.4532318],[120.5640261,23.4532161],[120.5640089,23.453096],[120.5639381,23.4530862],[120.5638995,23.4531649],[120.5639016,23.4532318]]]}},{"type":"Feature","properties":{"name":"","name_en":"","water":"basin","natural":"water","landuse":""},"geometry":{"type":"Polygon","coordinates":[[[120.5599089,23.4535825],[120.5600016,23.4537078],[120.5601496,23.4536496],[120.5602634,23.4536616],[120.5603431,23.4536765],[120.5604472,23.4536243],[120.5605301,23.4535974],[120.5606277,23.4535706],[120.560683,23.4535542],[120.5607155,23.4535109],[120.5607269,23.4534572],[120.5605448,23.4535199],[120.5604228,23.4535378],[120.5599512,23.4535571],[120.5599089,23.4535825]]]}},{"type":"Feature","properties":{"name":"","name_en":"","water":"pond","natural":"water","landuse":""},"geometry":{"type":"Polygon","coordinates":[[[120.3663731,23.5865176],[120.3663711,23.5864296],[120.3663812,23.586418],[120.366397,23.5864114],[120.36643,23.5864114],[120.366459,23.5864203],[120.3664813,23.5864371],[120.3664951,23.5864585],[120.3665057,23.5864818],[120.3665022,23.5864995],[120.3664864,23.586513],[120.3664397,23.5865232],[120.3664036,23.5865251],[120.3663731,23.5865176]]]}},{"type":"Feature","properties":{"name":"","name_en":"","water":"basin","natural":"water","landuse":""},"geometry":{"type":"Polygon","coordinates":[[[120.3664904,23.5845159],[120.3664923,23.5845185],[120.3665004,23.5845165],[120.366509,23.5845075],[120.3665148,23.5844952],[120.366515,23.5844828],[120.3665088,23.5844717],[120.366502,23.5844645],[120.3664906,23.584462],[120.3664695,23.5844632],[120.3664524,23.5844583],[120.36644,23.584446],[120.3664269,23.5844279],[120.3664149,23.584364],[120.3664011,23.5843075],[120.3663855,23.5842588],[120.3663736,23.5842374],[120.3663574,23.5842197],[120.3663264,23.5842051],[120.3662815,23.58418],[120.3662459,23.5841602],[120.3662348,23.5841415],[120.3662342,23.5841222],[120.3662412,23.5841169],[120.3662739,23.584119],[120.3663311,23.5841233],[120.3663907,23.5841126],[120.3664438,23.5840826],[120.3664683,23.5840554],[120.3664689,23.5840377],[120.3664607,23.5840072],[120.3664327,23.5839698],[120.3664146,23.5838965],[120.3664263,23.5838221],[120.3664596,23.5837408],[120.3664782,23.5836643],[120.36648,23.5835632],[120.3664759,23.5835428],[120.3664648,23.5835332],[120.3664432,23.5835284],[120.3664199,23.5835295],[120.3663948,23.5835354],[120.3663685,23.5835509],[120.366285,23.5836295],[120.36628,23.5836511],[120.3662719,23.5836737],[120.3662548,23.5837206],[120.366234,23.5837809],[120.3662142,23.5838497],[120.3661957,23.5839224],[120.3661874,23.5839991],[120.3661855,23.5840376],[120.3661871,23.5840752],[120.3661927,23.5841211],[120.3661978,23.5841557],[120.3662056,23.5841818],[120.3662152,23.5842021],[120.366238,23.5842178],[120.3662947,23.5842381],[120.3663336,23.5842501],[120.3663517,23.5842636],[120.3663611,23.584275],[120.3663738,23.5843017],[120.366399,23.5843742],[120.3664049,23.5843936],[120.366408,23.5844092],[120.3664136,23.5844344],[120.3664235,23.5844479],[120.3664341,23.5844594],[120.3664452,23.5844664],[120.3664579,23.5844688],[120.3664762,23.5844704],[120.3664924,23.5844706],[120.3664995,23.5844729],[120.3665051,23.5844829],[120.3665053,23.5844919],[120.3665045,23.5844995],[120.3665003,23.584508],[120.3664945,23.5845126],[120.3664904,23.5845159]]]}},{"type":"Feature","properties":{"name":"","name_en":"","water":"pond","natural":"water","landuse":""},"geometry":{"type":"Polygon","coordinates":[[[120.5061939,23.4457854],[120.5060647,23.4457095],[120.5056293,23.4458558],[120.5056164,23.4460298],[120.5057414,23.4462895],[120.5063075,23.4461332],[120.5061939,23.4457854]]]}},{"type":"Feature","properties":{"name":"","name_en":"","water":"pond","natural":"water","landuse":""},"geometry":{"type":"Polygon","coordinates":[[[120.5057544,23.4463265],[120.5058107,23.4466611],[120.5059196,23.4467769],[120.5063487,23.446642],[120.5064237,23.4465594],[120.5063129,23.4461791],[120.5057544,23.4463265]]]}},{"type":"Feature","properties":{"name":"","name_en":"","water":"pond","natural":"water","landuse":""},"geometry":{"type":"Polygon","coordinates":[[[120.5065251,23.4465941],[120.5068406,23.4465083],[120.5065518,23.4457128],[120.5062578,23.4458149],[120.5064648,23.4465529],[120.5065251,23.4465941]]]}},{"type":"Feature","properties":{"name":"","name_en":"","water":"pond","natural":"water","landuse":""},"geometry":{"type":"Polygon","coordinates":[[[120.5347547,23.4678417],[120.5348909,23.4679768],[120.5349063,23.4680245],[120.5349246,23.4680783],[120.5350111,23.4681045],[120.5350602,23.4680333],[120.5351847,23.4680615],[120.5352331,23.4680131],[120.535258,23.4679338],[120.5351957,23.4678713],[120.5351752,23.4677994],[120.535184,23.4677248],[120.5351979,23.4676374],[120.5352419,23.4675763],[120.5353225,23.4674412],[120.5354705,23.4674029],[120.5355225,23.4673572],[120.5355965,23.4671529],[120.5356434,23.46712],[120.5358698,23.4670427],[120.5358654,23.4669869],[120.5358309,23.4669472],[120.5357811,23.4669284],[120.5357086,23.4669493],[120.5356441,23.4669338],[120.5355621,23.4670003],[120.5355503,23.4670575],[120.535458,23.4671287],[120.5354258,23.4671408],[120.5354075,23.4671173],[120.5353965,23.4669889],[120.535365,23.4669587],[120.5353225,23.4669325],[120.5352543,23.4669143],[120.5352082,23.4669217],[120.5351679,23.4669479],[120.5351591,23.4670023],[120.5351386,23.4670346],[120.5351598,23.4671226],[120.5351547,23.4671643],[120.5351203,23.46721],[120.5350836,23.4672974],[120.5350763,23.4674103],[120.5351034,23.4674735],[120.5350968,23.4675299],[120.535058,23.4675702],[120.5348931,23.4677409],[120.5348272,23.467755],[120.5347752,23.4677725],[120.5347503,23.4677974],[120.5347547,23.4678417]]]}},{"type":"Feature","properties":{"name":"","name_en":"","water":"pond","natural":"water","landuse":""},"geometry":{"type":"Polygon","coordinates":[[[120.5328101,23.4663992],[120.5328329,23.4664325],[120.5328288,23.4664819],[120.5328702,23.4664943],[120.5328816,23.4665522],[120.53295,23.466575],[120.5329738,23.4666435],[120.5330961,23.4668022],[120.5331396,23.466806],[120.5332277,23.466729],[120.5333013,23.4666511],[120.5332463,23.4665893],[120.5332526,23.466556],[120.5333354,23.4665047],[120.5333251,23.466442],[120.5333013,23.4663869],[120.5333924,23.4663536],[120.5334152,23.4663279],[120.5334028,23.4662272],[120.5333738,23.4661949],[120.5333738,23.4661245],[120.5333468,23.466097],[120.5333676,23.4660086],[120.5333779,23.4659687],[120.5333178,23.4659078],[120.5331945,23.465848],[120.5329262,23.4658499],[120.5328764,23.4658689],[120.5328609,23.4659649],[120.5331469,23.4659506],[120.5331562,23.4660685],[120.5332256,23.4661055],[120.5331842,23.4661626],[120.5332153,23.4662576],[120.5331365,23.4662728],[120.5331303,23.4663422],[120.5330961,23.466364],[120.5330464,23.4663251],[120.5329935,23.4663403],[120.53295,23.4662918],[120.5328961,23.4662757],[120.5328329,23.4663184],[120.5328163,23.4663545],[120.5328277,23.4663821],[120.5328101,23.4663992]]]}},{"type":"Feature","properties":{"name":"","name_en":"","water":"pond","natural":"water","landuse":""},"geometry":{"type":"Polygon","coordinates":[[[120.5350057,23.4645649],[120.5350482,23.4646428],[120.5351321,23.4646666],[120.5351777,23.4646418],[120.5352668,23.46437],[120.5353165,23.4643158],[120.5354181,23.4641172],[120.5354792,23.4640497],[120.5354906,23.4640202],[120.5354771,23.4639651],[120.5354554,23.4639404],[120.5353901,23.4639176],[120.5353238,23.4639147],[120.5352699,23.4639471],[120.5352254,23.4639927],[120.5352191,23.4640364],[120.5352202,23.4641714],[120.5351787,23.4641951],[120.5351052,23.4641999],[120.5350689,23.4642436],[120.5350772,23.4643367],[120.5350782,23.4645059],[120.5350409,23.4645401],[120.5350057,23.4645649]]]}},{"type":"Feature","properties":{"name":"","name_en":"","water":"pond","natural":"water","landuse":""},"geometry":{"type":"Polygon","coordinates":[[[120.5369422,23.4612297],[120.5368293,23.461147],[120.5368179,23.4610282],[120.5367568,23.460975],[120.5368137,23.4608628],[120.5369795,23.4607811],[120.5370541,23.4607649],[120.5373204,23.4608286],[120.5374002,23.4608761],[120.5374499,23.460916],[120.5374696,23.4609769],[120.5374572,23.461031],[120.5374199,23.461069],[120.5373266,23.4611289],[120.537252,23.4611489],[120.5371836,23.4611375],[120.5370065,23.4610757],[120.536993,23.4610805],[120.5369785,23.4611213],[120.5369795,23.4612059],[120.5369422,23.4612297]]]}},{"type":"Feature","properties":{"name":"","name_en":"","water":"pond","natural":"water","landuse":""},"geometry":{"type":"Polygon","coordinates":[[[120.5364749,23.4613295],[120.5364304,23.4612544],[120.5364532,23.461071],[120.5366511,23.4610358],[120.5366666,23.4610824],[120.5366469,23.4611384],[120.5366759,23.4611993],[120.5367536,23.4612477],[120.5368044,23.4612962],[120.5367847,23.4613494],[120.5364749,23.4613295]]]}},{"type":"Feature","properties":{"name":"","name_en":"","water":"pond","natural":"water","landuse":""},"geometry":{"type":"Polygon","coordinates":[[[120.5354833,23.4614207],[120.5355113,23.4614911],[120.5355849,23.4615614],[120.5356844,23.4615823],[120.5357849,23.4615338],[120.5358605,23.461474],[120.5359185,23.4614825],[120.5360252,23.461626],[120.536161,23.461608],[120.5361838,23.4616745],[120.5361061,23.4617534],[120.5360833,23.4618038],[120.5361475,23.4619121],[120.5360387,23.4619615],[120.535903,23.461972],[120.5356958,23.4619292],[120.5356263,23.4618408],[120.5355569,23.4616878],[120.5354916,23.4616526],[120.5354315,23.4615928],[120.5353528,23.4613589],[120.5353549,23.4612154],[120.5353849,23.4611147],[120.5354523,23.4610548],[120.5355227,23.4610434],[120.5357413,23.4611023],[120.5357807,23.4611926],[120.5357424,23.4612515],[120.5355507,23.4613057],[120.5354989,23.461358],[120.5354833,23.4614207]]]}},{"type":"Feature","properties":{"name":"","name_en":"","water":"pond","natural":"water","landuse":""},"geometry":{"type":"Polygon","coordinates":[[[120.5324071,23.4622153],[120.5323408,23.4621136],[120.5323231,23.4620499],[120.5323304,23.4619825],[120.5323584,23.4619416],[120.5323967,23.4619121],[120.532491,23.4619036],[120.5326195,23.4619273],[120.5327687,23.4619064],[120.5330578,23.4619501],[120.5331075,23.461971],[120.5331707,23.4620556],[120.5332194,23.462125],[120.5334971,23.4623569],[120.5335292,23.4624377],[120.533495,23.4625128],[120.5334619,23.4626335],[120.5335106,23.4627381],[120.5335644,23.4628445],[120.5335396,23.4628626],[120.5331873,23.4628331],[120.5331044,23.4627942],[120.5330764,23.4626734],[120.5329956,23.4625261],[120.533035,23.4624795],[120.5331106,23.4624738],[120.5330971,23.4624311],[120.5330464,23.4624007],[120.5328433,23.4624301],[120.5327397,23.4624263],[120.5326796,23.4624073],[120.5325138,23.462298],[120.5324071,23.4622153]]]}},{"type":"Feature","properties":{"name":"","name_en":"","water":"pond","natural":"water","landuse":""},"geometry":{"type":"Polygon","coordinates":[[[120.4963549,23.3963914],[120.4962927,23.3963439],[120.4963051,23.396322],[120.4963538,23.3963201],[120.4963911,23.3963553],[120.4963942,23.3963886],[120.4963549,23.3963914]]]}},{"type":"Feature","properties":{"name":"","name_en":"","water":"pond","natural":"water","landuse":""},"geometry":{"type":"Polygon","coordinates":[[[120.4965877,23.3967375],[120.496647,23.3968431],[120.4967071,23.3968834],[120.4967665,23.3968902],[120.4968434,23.3968686],[120.4968778,23.3968048],[120.4968727,23.3967214],[120.4968449,23.3966508],[120.4967533,23.396632],[120.496713,23.3966145],[120.496674,23.396381],[120.4965642,23.3963867],[120.4965877,23.3967375]]]}},{"type":"Feature","properties":{"name":"","name_en":"","water":"pond","natural":"water","landuse":""},"geometry":{"type":"Polygon","coordinates":[[[120.4961076,23.6089021],[120.4967031,23.6089095],[120.4967326,23.608864],[120.4967916,23.608107],[120.4966548,23.6081316],[120.4965086,23.6082066],[120.4960956,23.6086256],[120.4961197,23.6087657],[120.4961076,23.6089021]]]}},{"type":"Feature","properties":{"name":"","name_en":"","water":"pond","natural":"water","landuse":""},"geometry":{"type":"Polygon","coordinates":[[[120.4931,23.5274144],[120.4931662,23.5272247],[120.493402,23.5272153],[120.4935278,23.5273777],[120.4933456,23.5273849],[120.4931,23.5274144]]]}},{"type":"Feature","properties":{"name":"","name_en":"","water":"pond","natural":"water","landuse":""},"geometry":{"type":"Polygon","coordinates":[[[120.576403,23.3908343],[120.5763708,23.3907678],[120.5764352,23.3907358],[120.5765049,23.3907604],[120.5764727,23.3908244],[120.576403,23.3908343]]]}},{"type":"Feature","properties":{"name":"","name_en":"","water":"pond","natural":"water","landuse":""},"geometry":{"type":"Polygon","coordinates":[[[120.571725,23.3857952],[120.5717894,23.3856967],[120.5717733,23.385613],[120.5716017,23.3855687],[120.5716285,23.3856868],[120.571725,23.3857952]]]}},{"type":"Feature","properties":{"name":"","name_en":"","water":"pond","natural":"water","landuse":""},"geometry":{"type":"Polygon","coordinates":[[[120.5838218,23.4035251],[120.5837682,23.4033946],[120.5838057,23.4032223],[120.5838138,23.4032198],[120.5839023,23.4032395],[120.5839479,23.4033109],[120.5839479,23.4034463],[120.5839157,23.4035029],[120.5838218,23.4035251]]]}},{"type":"Feature","properties":{"name":"","name_en":"","water":"pond","natural":"water","landuse":""},"geometry":{"type":"Polygon","coordinates":[[[120.5789168,23.4252928],[120.5789088,23.4252362],[120.5789436,23.4251747],[120.5789812,23.4251476],[120.5790455,23.4251574],[120.5790992,23.4251919],[120.5790697,23.425246],[120.5790294,23.4252854],[120.5789758,23.425315],[120.5789168,23.4252928]]]}},{"type":"Feature","properties":{"name":"","name_en":"","water":"pond","natural":"water","landuse":""},"geometry":{"type":"Polygon","coordinates":[[[120.5874999,23.4228279],[120.5876018,23.4228969],[120.5876447,23.4230445],[120.5876125,23.423202],[120.5875321,23.4232464],[120.5874623,23.4232365],[120.5874999,23.4230839],[120.5874999,23.4229707],[120.5874999,23.4228279]]]}},{"type":"Feature","properties":{"name":"","name_en":"","water":"pond","natural":"water","landuse":""},"geometry":{"type":"Polygon","coordinates":[[[120.5787787,23.4215789],[120.5787787,23.4214706],[120.578886,23.4213377],[120.5790898,23.421382],[120.5791274,23.4215346],[120.5790737,23.4216035],[120.5787787,23.4215789]]]}},{"type":"Feature","properties":{"name":"","name_en":"","water":"pond","natural":"water","landuse":""},"geometry":{"type":"Polygon","coordinates":[[[120.5763379,23.4255561],[120.5764398,23.425566],[120.576472,23.425502],[120.5764076,23.4254528],[120.5763432,23.4254971],[120.5763379,23.4255561]]]}},{"type":"Feature","properties":{"name":"","name_en":"","water":"pond","natural":"water","landuse":""},"geometry":{"type":"Polygon","coordinates":[[[120.5413618,23.43097],[120.5414799,23.4309946],[120.5414691,23.4309355],[120.5413914,23.4309331],[120.5413618,23.43097]]]}},{"type":"Feature","properties":{"name":"龍池","name_en":"","water":"pond","natural":"water","landuse":""},"geometry":{"type":"Polygon","coordinates":[[[120.3479129,23.556882],[120.347956,23.556873],[120.347956,23.5568842],[120.3479474,23.5568926],[120.3479297,23.5568958],[120.3479196,23.5568913],[120.3479129,23.556882]]]}},{"type":"Feature","properties":{"name":"","name_en":"","water":"pond","natural":"water","landuse":""},"geometry":{"type":"Polygon","coordinates":[[[120.3868207,23.5485414],[120.3867438,23.5484668],[120.3866549,23.5482664],[120.3865629,23.5480398],[120.3865041,23.5479099],[120.3864906,23.5478588],[120.3864514,23.5477924],[120.3864514,23.5477178],[120.3864876,23.5476846],[120.3866398,23.5476225],[120.3866835,23.5476114],[120.3867107,23.5476266],[120.3867589,23.5477233],[120.3869383,23.5481794],[120.3869684,23.5482885],[120.3869865,23.548377],[120.386988,23.5484364],[120.3869654,23.5484723],[120.3869202,23.5485221],[120.3868674,23.5485456],[120.3868207,23.5485414]]]}},{"type":"Feature","properties":{"name":"","name_en":"","water":"pond","natural":"water","landuse":""},"geometry":{"type":"Polygon","coordinates":[[[120.3886792,23.4509815],[120.3886122,23.450899],[120.3886618,23.4508277],[120.3887302,23.4508461],[120.3887892,23.4508818],[120.3888724,23.4509077],[120.3889099,23.4509556],[120.3888911,23.4510098],[120.3888509,23.4510098],[120.3888201,23.4509839],[120.3886792,23.4509815]]]}},{"type":"Feature","properties":{"name":"","name_en":"","water":"pond","natural":"water","landuse":""},"geometry":{"type":"Polygon","coordinates":[[[120.3971999,23.4399763],[120.3971812,23.4395998],[120.3971986,23.4395149],[120.3972415,23.4394411],[120.3972791,23.439414],[120.3973649,23.4394152],[120.3974548,23.4394128],[120.3975339,23.4395026],[120.3976063,23.4395567],[120.397676,23.4396515],[120.3977324,23.4397229],[120.3977967,23.4397167],[120.397845,23.4396613],[120.3979148,23.4396257],[120.3979858,23.4396367],[120.3980556,23.4396183],[120.3981146,23.4396429],[120.3981803,23.4396429],[120.3982219,23.4396527],[120.3981789,23.4397302],[120.3981776,23.4397881],[120.3981454,23.439857],[120.3980784,23.4399],[120.3980006,23.439996],[120.3979201,23.4399948],[120.3977713,23.4399985],[120.3976747,23.4399812],[120.3975781,23.4399948],[120.397554,23.4399739],[120.3974896,23.4399653],[120.3974749,23.4399886],[120.3971999,23.4399763]]]}},{"type":"Feature","properties":{"name":"","name_en":"","water":"pond","natural":"water","landuse":""},"geometry":{"type":"Polygon","coordinates":[[[120.4251055,23.5097971],[120.4252658,23.5097818],[120.425424,23.5097006],[120.4253009,23.5095826],[120.4249921,23.5090846],[120.4249042,23.5089395],[120.4249067,23.5087323],[120.4249343,23.5086079],[120.4249368,23.5084606],[120.4249368,23.5084145],[120.4249117,23.5083869],[120.4248765,23.50838],[120.4246907,23.5083523],[120.4247158,23.5084191],[120.4247234,23.5084905],[120.4247108,23.5085642],[120.4247334,23.5092067],[120.4249268,23.5093609],[120.424977,23.5093471],[120.4250398,23.5094185],[120.4249909,23.5094709],[120.4251055,23.5097971]]]}},{"type":"Feature","properties":{"name":"","name_en":"","water":"pond","natural":"water","landuse":""},"geometry":{"type":"Polygon","coordinates":[[[120.4534892,23.4128643],[120.453583,23.4130908],[120.4535321,23.4133148],[120.4534999,23.4137086],[120.4534302,23.4140384],[120.4533336,23.4143264],[120.4530868,23.4142944],[120.4529769,23.4141098],[120.4529125,23.4139301],[120.4529125,23.4138316],[120.4528642,23.4137652],[120.4528508,23.4135412],[120.4528535,23.4134329],[120.4529018,23.4133517],[120.4531539,23.4132778],[120.4532451,23.4130982],[120.4533497,23.4129997],[120.4534892,23.4128643]]]}},{"type":"Feature","properties":{"name":"","name_en":"","water":"","natural":"water","landuse":""},"geometry":{"type":"Polygon","coordinates":[[[120.4694599,23.6190508],[120.4693834,23.619052],[120.469311,23.6190643],[120.4692292,23.6190606],[120.4691997,23.619041],[120.4692024,23.6189906],[120.4692292,23.6189095],[120.4692936,23.6188702],[120.4693606,23.6188702],[120.4694237,23.6188775],[120.4694545,23.6188898],[120.4695068,23.6189328],[120.4695202,23.618955],[120.4695149,23.6190004],[120.4694961,23.6190324],[120.4694599,23.6190508]]]}},{"type":"Feature","properties":{"name":"","name_en":"","water":"","natural":"water","landuse":""},"geometry":{"type":"Polygon","coordinates":[[[120.4680651,23.6190938],[120.468092,23.6189378],[120.4681671,23.6189365],[120.4682502,23.6189525],[120.4682851,23.6189906],[120.4682972,23.6190176],[120.4682851,23.6190459],[120.4682556,23.6190582],[120.4682355,23.6190631],[120.4681724,23.6190963],[120.4681362,23.6191135],[120.4680973,23.6191122],[120.4680651,23.6190938]]]}},{"type":"Feature","properties":{"name":"","name_en":"","water":"pond","natural":"water","landuse":""},"geometry":{"type":"Polygon","coordinates":[[[120.4192537,23.5091411],[120.4191683,23.5097052],[120.4189347,23.5096661],[120.4189523,23.5095487],[120.4189498,23.5094542],[120.4189573,23.5093138],[120.4189674,23.5092493],[120.4190276,23.5091687],[120.4191432,23.5091111],[120.4192537,23.5091411]]]}},{"type":"Feature","properties":{"name":"","name_en":"","water":"","natural":"water","landuse":""},"geometry":{"type":"Polygon","coordinates":[[[120.4571802,23.6089792],[120.4574396,23.608873],[120.4573898,23.6087709],[120.4571304,23.6088771],[120.4571802,23.6089792]]]}},{"type":"Feature","properties":{"name":"","name_en":"","water":"","natural":"water","landuse":""},"geometry":{"type":"Polygon","coordinates":[[[120.4563372,23.6086281],[120.4563855,23.6085285],[120.4565236,23.6085408],[120.4566336,23.6085261],[120.4567663,23.608531],[120.4567623,23.6084585],[120.4568052,23.6084191],[120.4568401,23.6083565],[120.4568709,23.6082029],[120.4569514,23.608193],[120.4571915,23.6083208],[120.457162,23.6083626],[120.4570439,23.6083786],[120.4570158,23.6084695],[120.4570252,23.6085642],[120.4570158,23.6086477],[120.4569608,23.6087055],[120.4568683,23.6086895],[120.4568294,23.6086858],[120.4567958,23.6087141],[120.4567596,23.6086993],[120.4567704,23.6086674],[120.4566711,23.6086747],[120.4565477,23.6086821],[120.4564539,23.6086698],[120.4563975,23.6086502],[120.4563372,23.6086281]]]}},{"type":"Feature","properties":{"name":"","name_en":"","water":"","natural":"water","landuse":""},"geometry":{"type":"Polygon","coordinates":[[[120.459419,23.6105819],[120.4594982,23.6105266],[120.4595773,23.6105217],[120.4596068,23.6105696],[120.4595625,23.61062],[120.4594968,23.6106839],[120.4594298,23.6106372],[120.459419,23.6105819]]]}},{"type":"Feature","properties":{"name":"","name_en":"","water":"","natural":"water","landuse":""},"geometry":{"type":"Polygon","coordinates":[[[120.4596846,23.6118194],[120.4601446,23.611608],[120.4600199,23.6115244],[120.4599555,23.6114642],[120.4595894,23.6116399],[120.4596846,23.6118194]]]}},{"type":"Feature","properties":{"name":"","name_en":"","water":"","natural":"water","landuse":""},"geometry":{"type":"Polygon","coordinates":[[[120.4455949,23.6083442],[120.4455332,23.6082815],[120.4454957,23.6081156],[120.4454997,23.6080296],[120.4455493,23.6079473],[120.4456003,23.6079374],[120.4456687,23.6080554],[120.445713,23.6081893],[120.4457049,23.6082938],[120.4456781,23.6083466],[120.4455949,23.6083442]]]}},{"type":"Feature","properties":{"name":"","name_en":"","water":"","natural":"water","landuse":""},"geometry":{"type":"Polygon","coordinates":[[[120.4438059,23.6101027],[120.4439574,23.6100695],[120.4439588,23.6100474],[120.4439279,23.6099503],[120.4437818,23.6099786],[120.4437804,23.6100019],[120.4438059,23.6101027]]]}},{"type":"Feature","properties":{"name":"","name_en":"","water":"","natural":"water","landuse":""},"geometry":{"type":"Polygon","coordinates":[[[120.4441975,23.6101641],[120.4441224,23.6100965],[120.4440969,23.6100314],[120.4440956,23.6099429],[120.4441452,23.6099048],[120.4442538,23.6098913],[120.4443115,23.6099343],[120.4443343,23.6099994],[120.4443477,23.6100781],[120.4443303,23.6101272],[120.4442739,23.6101555],[120.4441975,23.6101641]]]}},{"type":"Feature","properties":{"name":"","name_en":"","water":"","natural":"water","landuse":""},"geometry":{"type":"Polygon","coordinates":[[[120.4476026,23.6149835],[120.4478198,23.6148435],[120.4478507,23.6148361],[120.4478922,23.6149356],[120.4479781,23.615233],[120.4479687,23.6153522],[120.4478574,23.6153743],[120.4477286,23.6152563],[120.447683,23.6151949],[120.447628,23.6151101],[120.4476026,23.6149835]]]}},{"type":"Feature","properties":{"name":"","name_en":"","water":"","natural":"water","landuse":""},"geometry":{"type":"Polygon","coordinates":[[[120.4475959,23.6149104],[120.4478171,23.6147673],[120.4476294,23.6145338],[120.4475436,23.6145694],[120.4474282,23.6146149],[120.4475959,23.6149104]]]}},{"type":"Feature","properties":{"name":"","name_en":"","water":"","natural":"water","landuse":""},"geometry":{"type":"Polygon","coordinates":[[[120.4484756,23.614637],[120.4486111,23.6145805],[120.448595,23.6145326],[120.4484501,23.6143507],[120.4484005,23.6142315],[120.4483254,23.6142045],[120.4482101,23.6141848],[120.4481967,23.6142205],[120.448257,23.6142819],[120.448304,23.6143913],[120.4483576,23.6145301],[120.4484139,23.6146063],[120.4484756,23.614637]]]}},{"type":"Feature","properties":{"name":"","name_en":"","water":"","natural":"water","landuse":""},"geometry":{"type":"Polygon","coordinates":[[[120.4477487,23.6137695],[120.4477662,23.6136392],[120.4478654,23.6136405],[120.4480411,23.6136835],[120.4480639,23.6136134],[120.4479673,23.6135938],[120.448021,23.6133578],[120.4484743,23.6134267],[120.4486231,23.6134291],[120.4487197,23.6134611],[120.4487559,23.6135225],[120.4487224,23.6136147],[120.4485789,23.6136466],[120.4485883,23.6136933],[120.4484662,23.6137916],[120.4483201,23.6138567],[120.448316,23.6139022],[120.4482517,23.6138924],[120.4481927,23.6139489],[120.4481953,23.6139796],[120.4480894,23.6139698],[120.4479942,23.6139526],[120.4479539,23.6139047],[120.4478802,23.6138813],[120.4477917,23.6138457],[120.4477702,23.6137842],[120.4477487,23.6137695]]]}},{"type":"Feature","properties":{"name":"","name_en":"","water":"","natural":"water","landuse":""},"geometry":{"type":"Polygon","coordinates":[[[120.4442163,23.5982303],[120.4441774,23.5981737],[120.4441828,23.5981098],[120.4441747,23.5980644],[120.444168,23.5980017],[120.4441814,23.5978874],[120.4442002,23.5978309],[120.4442713,23.5977633],[120.4443142,23.5977276],[120.4444134,23.5976797],[120.4444429,23.5975789],[120.4444979,23.5975052],[120.444518,23.5974732],[120.4447071,23.5971992],[120.4447581,23.5971549],[120.4448064,23.5971562],[120.444852,23.5971795],[120.4448815,23.5972729],[120.444852,23.597354],[120.4448493,23.5974769],[120.4448131,23.5976232],[120.4448278,23.5976785],[120.4448265,23.5977338],[120.4447728,23.5977854],[120.4447621,23.5978272],[120.4448077,23.5978763],[120.4448386,23.5979169],[120.4448909,23.598041],[120.4448962,23.5981172],[120.4448453,23.5982008],[120.4448318,23.5982868],[120.4448587,23.5983802],[120.4449901,23.5986334],[120.4449311,23.5988472],[120.4447138,23.598975],[120.4445314,23.5990316],[120.4443946,23.5990193],[120.4442659,23.5989357],[120.4441747,23.5988054],[120.4441318,23.5986727],[120.4441425,23.5985154],[120.4441747,23.5984245],[120.4442176,23.5983679],[120.4442444,23.5983114],[120.4442498,23.5982647],[120.4442163,23.5982303]]]}},{"type":"Feature","properties":{"name":"","name_en":"","water":"","natural":"water","landuse":""},"geometry":{"type":"Polygon","coordinates":[[[120.4436222,23.5982057],[120.4435323,23.598218],[120.4434572,23.5982045],[120.4434063,23.5981676],[120.4433982,23.5981172],[120.4434451,23.598057],[120.4435256,23.5980558],[120.4436101,23.5980742],[120.4436678,23.5980865],[120.4437201,23.5980705],[120.4437965,23.5980263],[120.4438609,23.598014],[120.4439293,23.5980422],[120.4439735,23.5980816],[120.4439856,23.5981565],[120.4439507,23.5982118],[120.4438823,23.5982463],[120.4438046,23.5982573],[120.4437388,23.5982438],[120.4436973,23.5982241],[120.4436222,23.5982057]]]}},{"type":"Feature","properties":{"name":"","name_en":"","water":"","natural":"water","landuse":""},"geometry":{"type":"Polygon","coordinates":[[[120.4695104,23.6001088],[120.4695151,23.6001364],[120.4696844,23.6001491],[120.4697168,23.5998622],[120.469696,23.5998304],[120.4695545,23.5997879],[120.4694478,23.5998219],[120.469362,23.5998899],[120.4693017,23.5999706],[120.46926,23.600062],[120.469253,23.6001045],[120.469311,23.6000918],[120.4693713,23.6000833],[120.4693968,23.6000981],[120.4695104,23.6001088]]]}},{"type":"Feature","properties":{"name":"","name_en":"","water":"","natural":"water","landuse":""},"geometry":{"type":"Polygon","coordinates":[[[120.4734893,23.6012764],[120.4736436,23.6012973],[120.473767,23.601328],[120.4738851,23.6013686],[120.4739401,23.6014276],[120.4740635,23.6014743],[120.4741212,23.6014989],[120.4742004,23.6014952],[120.4742728,23.6014854],[120.4743761,23.601462],[120.4743681,23.6014387],[120.4743305,23.6014166],[120.4742299,23.6014067],[120.474077,23.6013489],[120.4739616,23.6013096],[120.4738784,23.6012555],[120.4738475,23.6012235],[120.4736436,23.6011916],[120.4735242,23.601135],[120.4734343,23.6010982],[120.4733887,23.6011006],[120.4733686,23.6011498],[120.473374,23.6011928],[120.4733927,23.6012346],[120.4734236,23.6012629],[120.4734893,23.6012764]]]}},{"type":"Feature","properties":{"name":"","name_en":"","water":"","natural":"water","landuse":""},"geometry":{"type":"Polygon","coordinates":[[[120.4727441,23.6009629],[120.4726394,23.6008603],[120.4726126,23.6007853],[120.4724912,23.6007004],[120.4724261,23.6006685],[120.4723906,23.6006531],[120.4723758,23.6006304],[120.4723859,23.6006095],[120.4724315,23.6006107],[120.4724778,23.6006378],[120.4725844,23.6007054],[120.4726871,23.6008117],[120.4727702,23.6008947],[120.4727998,23.6009242],[120.4728125,23.6009469],[120.4727957,23.6009617],[120.4727743,23.6009678],[120.4727441,23.6009629]]]}},{"type":"Feature","properties":{"name":"","name_en":"","water":"","natural":"water","landuse":""},"geometry":{"type":"Polygon","coordinates":[[[120.4699793,23.6070834],[120.4700065,23.607017],[120.4700083,23.6069672],[120.470117,23.606587],[120.4702203,23.6065953],[120.4703254,23.6066285],[120.4703381,23.60666],[120.4702384,23.6070768],[120.4701678,23.6073075],[120.4701261,23.6074818],[120.470098,23.6075009],[120.4700618,23.6074959],[120.4699295,23.6074611],[120.4699395,23.6074071],[120.4699458,23.6073548],[120.4699594,23.6073274],[120.4699784,23.6073083],[120.4700065,23.6071647],[120.4700101,23.6071332],[120.4700029,23.6071041],[120.4699965,23.6070917],[120.4699793,23.6070834]]]}},{"type":"Feature","properties":{"name":"","name_en":"","water":"","natural":"water","landuse":""},"geometry":{"type":"Polygon","coordinates":[[[120.46953,23.6068485],[120.4694159,23.6066293],[120.4693678,23.6065131],[120.4693597,23.6064534],[120.4693624,23.6064202],[120.4693968,23.6063986],[120.4694313,23.6063969],[120.4697683,23.6064683],[120.4699041,23.6064899],[120.4699549,23.6065131],[120.4699712,23.606548],[120.4699331,23.6067339],[120.469867,23.606978],[120.4698308,23.6070352],[120.4697257,23.6069979],[120.4696369,23.606939],[120.469588,23.6068825],[120.46953,23.6068485]]]}},{"type":"Feature","properties":{"name":"","name_en":"","water":"","natural":"water","landuse":""},"geometry":{"type":"Polygon","coordinates":[[[120.4805776,23.6128553],[120.480634,23.6121708],[120.480634,23.6121302],[120.4803818,23.6121106],[120.480243,23.6121106],[120.4802001,23.6122734],[120.4801659,23.6127103],[120.4801659,23.6127533],[120.4801941,23.6127772],[120.4802464,23.6128024],[120.4803081,23.6128092],[120.4803792,23.6128245],[120.4805703,23.6128866],[120.4805776,23.6128553]]]}},{"type":"Feature","properties":{"name":"","name_en":"","water":"","natural":"water","landuse":""},"geometry":{"type":"Polygon","coordinates":[[[120.4810685,23.6124866],[120.4811503,23.6124989],[120.4813837,23.6125579],[120.4820596,23.6124657],[120.4823036,23.6124375],[120.4823734,23.6124448],[120.4828441,23.6125468],[120.4829742,23.6125788],[120.4833236,23.6126169],[120.4835321,23.6125911],[120.4837125,23.6125591],[120.4838406,23.6125517],[120.4839619,23.6125745],[120.4840746,23.6126218],[120.4841001,23.6126371],[120.4841343,23.6126851],[120.4841443,23.6127182],[120.4841316,23.6128122],[120.4839794,23.6131225],[120.483972,23.6131557],[120.483976,23.6131797],[120.4840001,23.6132178],[120.484039,23.6132522],[120.4841081,23.6132829],[120.4841584,23.6132872],[120.4842087,23.6132706],[120.4842456,23.6132227],[120.4843441,23.6129886],[120.4843864,23.6129001],[120.4844232,23.6129071],[120.4844467,23.6129228],[120.484381,23.6130457],[120.4843006,23.613289],[120.4842536,23.6133222],[120.4841879,23.6133406],[120.4841074,23.6133505],[120.4840457,23.613348],[120.4839304,23.6132866],[120.4839009,23.613246],[120.4838741,23.6132005],[120.4838727,23.6131649],[120.4839291,23.6130199],[120.4840417,23.6127692],[120.4840296,23.6127238],[120.4839706,23.6126857],[120.483925,23.6126697],[120.4838245,23.6126636],[120.4837091,23.6126746],[120.4835978,23.6126955],[120.4834624,23.6127103],[120.4832558,23.6126857],[120.4830319,23.6126562],[120.4829836,23.6126771],[120.4828803,23.6126758],[120.4823184,23.6126095],[120.4822996,23.6125972],[120.4822701,23.6125947],[120.4822299,23.6125997],[120.4821762,23.6126144],[120.481912,23.6126242],[120.4817538,23.6126328],[120.4816921,23.6126808],[120.4809652,23.6127975],[120.4809438,23.6126586],[120.4808982,23.6124289],[120.4809062,23.612365],[120.4809196,23.6122986],[120.480984,23.6120442],[120.4808566,23.6114839],[120.4809351,23.6114624],[120.4809793,23.6114501],[120.4811275,23.6121044],[120.4810953,23.6122249],[120.4810765,23.612451],[120.4810511,23.6124829],[120.4810685,23.6124866]]]}},{"type":"Feature","properties":{"name":"","name_en":"","water":"","natural":"water","landuse":""},"geometry":{"type":"Polygon","coordinates":[[[120.4917464,23.613219],[120.4917665,23.6131907],[120.4918134,23.6131551],[120.4918,23.6130408],[120.4917517,23.6130482],[120.4917303,23.6129867],[120.491733,23.6129548],[120.4916994,23.6129032],[120.4917048,23.6128479],[120.4917692,23.6128184],[120.4918617,23.6128196],[120.4918966,23.6128356],[120.4919784,23.612913],[120.4920521,23.6130261],[120.4920468,23.6130666],[120.4920025,23.6130949],[120.4919891,23.6131145],[120.4919824,23.6131428],[120.4919462,23.6131723],[120.4917812,23.6133296],[120.4917544,23.6132853],[120.4917464,23.613219]]]}},{"type":"Feature","properties":{"name":"","name_en":"","water":"","natural":"water","landuse":""},"geometry":{"type":"Polygon","coordinates":[[[120.4909538,23.6128583],[120.4909591,23.6128356],[120.4909571,23.6127772],[120.4909618,23.6127262],[120.4909732,23.6127041],[120.4910135,23.6126703],[120.4910879,23.6126593],[120.4912146,23.6126507],[120.491515,23.6126924],[120.4915995,23.6127139],[120.4916404,23.6127041],[120.4916813,23.6126961],[120.4915868,23.6128749],[120.491566,23.6129228],[120.4914688,23.6129542],[120.4913675,23.6128909],[120.4913735,23.6128761],[120.4912937,23.6128337],[120.491285,23.6128639],[120.4912656,23.6128639],[120.491226,23.612921],[120.4911811,23.6129026],[120.4911891,23.6128737],[120.4911811,23.6128565],[120.491163,23.6128491],[120.4911462,23.612851],[120.4911248,23.61287],[120.4911181,23.6128847],[120.4911167,23.6128915],[120.491055,23.6128743],[120.4910262,23.612862],[120.4909974,23.6128663],[120.4909538,23.6128583]]]}},{"type":"Feature","properties":{"name":"","name_en":"","water":"","natural":"water","landuse":""},"geometry":{"type":"Polygon","coordinates":[[[120.4902752,23.5996829],[120.4901974,23.599595],[120.4901934,23.5995803],[120.4902108,23.5995514],[120.4902443,23.5995182],[120.4902638,23.5995121],[120.4902799,23.5995121],[120.4903416,23.5995594],[120.4903764,23.5995987],[120.4903818,23.5996208],[120.490367,23.5996405],[120.4903275,23.5996767],[120.4903074,23.599689],[120.4902939,23.5996915],[120.4902752,23.5996829]]]}},{"type":"Feature","properties":{"name":"","name_en":"","water":"","natural":"water","landuse":""},"geometry":{"type":"Polygon","coordinates":[[[120.4937191,23.6155426],[120.4938197,23.6152895],[120.4938653,23.615147],[120.4938546,23.6151371],[120.4938251,23.6151494],[120.4937808,23.6152035],[120.4937258,23.6152785],[120.493695,23.6153288],[120.4936977,23.615378],[120.4936856,23.6154099],[120.4936695,23.6154468],[120.4936762,23.6154824],[120.4936789,23.615507],[120.4936708,23.6155267],[120.4936829,23.6155451],[120.4937084,23.6155623],[120.4937191,23.6155426]]]}},{"type":"Feature","properties":{"name":"","name_en":"","water":"","natural":"water","landuse":""},"geometry":{"type":"Polygon","coordinates":[[[120.4875085,23.618015],[120.4878062,23.6180174],[120.4879644,23.61801],[120.4880838,23.6180125],[120.4881522,23.6180199],[120.4882005,23.6180088],[120.488234,23.6179916],[120.4882528,23.6179216],[120.4882407,23.6178786],[120.4881951,23.6178098],[120.4882072,23.6177938],[120.4882796,23.6177962],[120.488344,23.617838],[120.4883882,23.6179031],[120.4884191,23.6179339],[120.4883493,23.6180862],[120.4883239,23.6181194],[120.4882568,23.618101],[120.4882166,23.6180825],[120.4881428,23.6180813],[120.4881026,23.6180752],[120.4880731,23.6180887],[120.4879899,23.6180838],[120.4879417,23.6180543],[120.4878585,23.6180543],[120.4877861,23.6180629],[120.4876547,23.618058],[120.4875728,23.6180494],[120.4875071,23.6180481],[120.4874937,23.618042],[120.4875085,23.618015]]]}},{"type":"Feature","properties":{"name":"","name_en":"","water":"","natural":"water","landuse":""},"geometry":{"type":"Polygon","coordinates":[[[120.4988408,23.5890644],[120.4989722,23.5888063],[120.4990366,23.5887473],[120.4991265,23.5887376],[120.4992673,23.5887596],[120.4993772,23.588885],[120.4997466,23.5898693],[120.4997796,23.5899936],[120.4996455,23.5900673],[120.4993317,23.5901951],[120.4992726,23.5901853],[120.4988408,23.5890644]]]}},{"type":"Feature","properties":{"name":"","name_en":"","water":"","natural":"water","landuse":""},"geometry":{"type":"Polygon","coordinates":[[[120.5510674,23.5860286],[120.5509816,23.5858934],[120.55094,23.5858013],[120.5509789,23.5857312],[120.5510607,23.5856919],[120.5511439,23.5856734],[120.5512767,23.5857226],[120.5513008,23.5857607],[120.5513075,23.5858062],[120.5512699,23.5859242],[120.5512337,23.5859942],[120.5512056,23.5860286],[120.5511573,23.5860532],[120.5511197,23.586052],[120.5510855,23.5860471],[120.5510674,23.5860286]]]}},{"type":"Feature","properties":{"name":"生態蓄水池","name_en":"","water":"pond","natural":"water","landuse":""},"geometry":{"type":"Polygon","coordinates":[[[120.3112257,23.4842481],[120.3110634,23.4840686],[120.3109936,23.4840673],[120.3108944,23.4841707],[120.3107563,23.4842777],[120.3106275,23.484488],[120.310472,23.4845495],[120.310488,23.4845839],[120.310657,23.4845237],[120.3108609,23.4845077],[120.311054,23.4844167],[120.3112283,23.484285],[120.3112257,23.4842481]]]}},{"type":"Feature","properties":{"name":"","name_en":"","water":"basin","natural":"water","landuse":""},"geometry":{"type":"Polygon","coordinates":[[[120.3018004,23.4821153],[120.3019389,23.4822047],[120.3019132,23.4822382],[120.3017747,23.4821487],[120.3018004,23.4821153]]]}},{"type":"Feature","properties":{"name":"","name_en":"","water":"pond","natural":"water","landuse":""},"geometry":{"type":"Polygon","coordinates":[[[120.3083143,23.4850378],[120.3083601,23.4850023],[120.3082164,23.4848465],[120.3081557,23.4848936],[120.3081286,23.4848641],[120.3081018,23.4848849],[120.3081289,23.4849144],[120.3080726,23.484958],[120.3083143,23.4850378]]]}},{"type":"Feature","properties":{"name":"","name_en":"","water":"pond","natural":"water","landuse":""},"geometry":{"type":"Polygon","coordinates":[[[120.3048548,23.4834918],[120.3047709,23.4834609],[120.3046864,23.4834745],[120.3046422,23.4835396],[120.3046516,23.4836233],[120.3046958,23.4837069],[120.3047758,23.4837697],[120.3052054,23.4839222],[120.3052143,23.4839012],[120.3049184,23.4835642],[120.3048548,23.4834918]]]}},{"type":"Feature","properties":{"name":"","name_en":"","water":"pond","natural":"water","landuse":""},"geometry":{"type":"Polygon","coordinates":[[[120.3063913,23.4849225],[120.3065451,23.4848089],[120.3066185,23.4848925],[120.3066701,23.4848544],[120.3066927,23.4848802],[120.3066411,23.4849183],[120.3066712,23.4849525],[120.3066357,23.4849787],[120.3064365,23.484974],[120.3063913,23.4849225]]]}},{"type":"Feature","properties":{"name":"","name_en":"","water":"pond","natural":"water","landuse":""},"geometry":{"type":"Polygon","coordinates":[[[120.3870661,23.5003915],[120.387274,23.5004284],[120.3872552,23.5006461],[120.3872391,23.5007125],[120.387223,23.5008059],[120.3870085,23.5007912],[120.3869521,23.5007444],[120.3869468,23.5006731],[120.3870259,23.5004505],[120.3870661,23.5003915]]]}},{"type":"Feature","properties":{"name":"","name_en":"","water":"","natural":"water","landuse":""},"geometry":{"type":"Polygon","coordinates":[[[120.2997421,23.4338413],[120.3001659,23.4335657],[120.3041463,23.4335066],[120.3044306,23.4338758],[120.304216,23.4345107],[120.3036152,23.4348109],[120.3034596,23.4354065],[120.3029447,23.4356477],[120.3020166,23.4355689],[120.3008364,23.4351506],[120.3002517,23.434934],[120.2995007,23.4350373],[120.2986692,23.4351456],[120.2984439,23.435057],[120.2985458,23.4343384],[120.2997421,23.4338413]]]}},{"type":"Feature","properties":{"name":"","name_en":"","water":"pond","natural":"water","landuse":""},"geometry":{"type":"Polygon","coordinates":[[[120.4253493,23.5458049],[120.4253157,23.5457205],[120.4253299,23.5456864],[120.4253865,23.5456475],[120.425429,23.545641],[120.4255918,23.5458097],[120.4255776,23.5458406],[120.4255404,23.5458519],[120.4254626,23.5458519],[120.4254024,23.5458406],[120.4253493,23.5458049]]]}},{"type":"Feature","properties":{"name":"","name_en":"","water":"pond","natural":"water","landuse":""},"geometry":{"type":"Polygon","coordinates":[[[120.3237956,23.524344],[120.3240152,23.5235612],[120.3240884,23.5235276],[120.3241859,23.5235127],[120.3250722,23.5236842],[120.3255479,23.5236767],[120.3256536,23.5237066],[120.3253446,23.5247466],[120.3253121,23.5247615],[120.3238322,23.5244223],[120.3237997,23.5243887],[120.3237956,23.524344]]]}},{"type":"Feature","properties":{"name":"","name_en":"","water":"basin","natural":"water","landuse":""},"geometry":{"type":"Polygon","coordinates":[[[120.3327229,23.5344339],[120.3328209,23.5344168],[120.3328583,23.5344232],[120.3328396,23.534588],[120.3327882,23.534603],[120.3327229,23.5344339]]]}},{"type":"Feature","properties":{"name":"","name_en":"","water":"basin","natural":"water","landuse":""},"geometry":{"type":"Polygon","coordinates":[[[120.3381445,23.5584811],[120.3381095,23.5583099],[120.3369093,23.5586052],[120.3369361,23.5586887],[120.3373319,23.5586288],[120.3377429,23.5585539],[120.3381445,23.5584811]]]}},{"type":"Feature","properties":{"name":"","name_en":"","water":"basin","natural":"water","landuse":""},"geometry":{"type":"Polygon","coordinates":[[[120.3383325,23.5584479],[120.3382893,23.5582681],[120.3384889,23.5582189],[120.3385414,23.5584137],[120.3383325,23.5584479]]]}},{"type":"Feature","properties":{"name":"","name_en":"","water":"pond","natural":"water","landuse":""},"geometry":{"type":"Polygon","coordinates":[[[120.3319499,23.5419872],[120.3319153,23.5419518],[120.3319005,23.5419218],[120.3319052,23.5418866],[120.3319458,23.5418531],[120.3327304,23.5413536],[120.3328016,23.5413387],[120.3328463,23.5413462],[120.3328748,23.5413853],[120.3328768,23.5414095],[120.3328585,23.5414636],[120.3328199,23.5415139],[120.3328118,23.5415549],[120.3328118,23.5415884],[120.3324113,23.5418158],[120.3322649,23.5418866],[120.3321613,23.5419332],[120.3320474,23.5419723],[120.3319926,23.541991],[120.3319499,23.5419872]]]}},{"type":"Feature","properties":{"name":"","name_en":"","water":"pond","natural":"water","landuse":""},"geometry":{"type":"Polygon","coordinates":[[[120.3310229,23.5423264],[120.3310209,23.5422789],[120.3310351,23.5422314],[120.3310738,23.5421736],[120.3311469,23.5421344],[120.3314905,23.5420077],[120.3315799,23.5419872],[120.3316429,23.5419947],[120.3316958,23.5419872],[120.3317364,23.5419649],[120.3317995,23.5419537],[120.3318401,23.5419928],[120.3318503,23.542045],[120.3318198,23.5420767],[120.3317446,23.5421344],[120.3316409,23.5422202],[120.3315738,23.5422873],[120.3315413,23.5423581],[120.3315006,23.5424363],[120.331462,23.5424922],[120.3313929,23.5425388],[120.3313238,23.5425705],[120.3312587,23.542578],[120.3311998,23.5425649],[120.3311388,23.5425277],[120.331088,23.5424662],[120.3310351,23.5423935],[120.3310229,23.5423264]]]}},{"type":"Feature","properties":{"name":"","name_en":"","water":"pond","natural":"water","landuse":""},"geometry":{"type":"Polygon","coordinates":[[[120.3384068,23.539162],[120.3384332,23.5391462],[120.3384973,23.5391471],[120.3389069,23.5391862],[120.3389465,23.5392049],[120.3389506,23.5392366],[120.338913,23.5394686],[120.3388998,23.5394919],[120.3388784,23.5395021],[120.3388479,23.5395021],[120.3383875,23.5394471],[120.3383763,23.5394388],[120.3383712,23.539422],[120.3384068,23.539162]]]}},{"type":"Feature","properties":{"name":"蘭潭水庫","name_en":"","water":"reservoir","natural":"water","landuse":""},"geometry":{"type":"MultiPolygon","coordinates":[[[[120.4789225,23.4771064],[120.478879,23.476961],[120.4789102,23.4768584],[120.4788465,23.4767517],[120.4789386,23.4766412],[120.4786092,23.4763431],[120.4785059,23.4760338],[120.4784268,23.4752548],[120.4784782,23.4751415],[120.4783942,23.4749896],[120.4782846,23.4742445],[120.478386,23.4740143],[120.4782627,23.4738692],[120.4782478,23.4736489],[120.4783197,23.4734145],[120.4782796,23.473133],[120.4779505,23.4732933],[120.4777092,23.4733729],[120.4776281,23.4733143],[120.4776108,23.4729488],[120.476883,23.4722349],[120.476718,23.4721153],[120.4764736,23.4717558],[120.4762253,23.4714053],[120.476208,23.4713206],[120.4763721,23.4710449],[120.4764195,23.4708419],[120.4763386,23.4706205],[120.476308,23.4703153],[120.4763682,23.4699351],[120.4762275,23.46948],[120.476235,23.4693812],[120.4762448,23.4693158],[120.4762783,23.4692739],[120.4763454,23.4692112],[120.4764258,23.4691307],[120.4764438,23.469013],[120.4764902,23.4689176],[120.4765411,23.4687967],[120.4766377,23.4686558],[120.4766584,23.4686573],[120.476955,23.4689038],[120.477087,23.4689278],[120.4772305,23.4689994],[120.477324,23.4689802],[120.4774819,23.4688396],[120.4775407,23.4686505],[120.4776219,23.4685158],[120.4776519,23.4684632],[120.4776707,23.4684269],[120.4776727,23.4683838],[120.4776653,23.46835],[120.4776225,23.4682577],[120.4775793,23.4682067],[120.477586,23.4681694],[120.4776221,23.4681282],[120.4782858,23.4676202],[120.4787642,23.4671808],[120.4791303,23.4666809],[120.4793298,23.4662967],[120.4795804,23.465883],[120.4796846,23.4657863],[120.4798484,23.465542],[120.4799143,23.4655195],[120.480378,23.465584],[120.4804293,23.4656257],[120.4803958,23.4658602],[120.4804475,23.465973],[120.4809661,23.4662423],[120.4812515,23.4662845],[120.4813297,23.4663824],[120.4814494,23.4664677],[120.4815026,23.4666507],[120.4815093,23.4668825],[120.4814095,23.4671071],[120.4812823,23.4672362],[120.4809711,23.4675224],[120.4807574,23.4676351],[120.4806334,23.4676339],[120.4806274,23.467711],[120.4808392,23.4682485],[120.4808525,23.468462],[120.4808658,23.4687181],[120.4809456,23.4688645],[120.4810474,23.4688779],[120.4812315,23.468651],[120.4813379,23.4685352],[120.4814842,23.4685961],[120.481564,23.468712],[120.4816039,23.4688767],[120.4817103,23.4690353],[120.4820693,23.4693098],[120.4822954,23.4695537],[120.4824351,23.4697123],[120.4825685,23.4697753],[120.4824945,23.4699688],[120.4825554,23.4701779],[120.4828074,23.4703833],[120.4826537,23.4707094],[120.4825642,23.4708456],[120.4827077,23.4710176],[120.4826877,23.4712677],[120.4826079,23.4714567],[120.4825481,23.4716214],[120.4824816,23.4716824],[120.4822821,23.4714872],[120.4821425,23.4713347],[120.4819829,23.4710786],[120.4818729,23.4709915],[120.4817588,23.4708186],[120.4817977,23.4711371],[120.4818499,23.4714323],[120.4817722,23.4715505],[120.4817241,23.4717298],[120.4816371,23.471719],[120.4815377,23.4717517],[120.4813445,23.4716153],[120.4811916,23.4715604],[120.4810584,23.4715449],[120.4810653,23.4717007],[120.4810483,23.4719387],[120.481035,23.472079],[120.4809552,23.4722131],[120.4810287,23.472277],[120.4812082,23.4723563],[120.4815573,23.4723472],[120.4818566,23.472335],[120.4822289,23.4722008],[120.4823021,23.4724143],[120.4823752,23.4727498],[120.4825414,23.4729449],[120.4826611,23.4729937],[120.4830136,23.4729571],[120.4831798,23.4729388],[120.483213,23.4730486],[120.4831731,23.4732072],[120.4830202,23.4733109],[120.4826146,23.4734878],[120.4824816,23.4735915],[120.4822223,23.4735305],[120.4819762,23.4735061],[120.4815972,23.4734695],[120.4812945,23.4734237],[120.4811881,23.473442],[120.4812612,23.4736188],[120.4814208,23.4738689],[120.4814321,23.4740832],[120.4812853,23.4741582],[120.4811318,23.4741892],[120.4809389,23.474238],[120.4808525,23.4743782],[120.4808623,23.4746219],[120.4809221,23.4747622],[120.4809554,23.4749086],[120.4809554,23.4750427],[120.4789225,23.4771064]]],[[[120.4809554,23.4750427],[120.4810352,23.4750854],[120.4811349,23.4749817],[120.4812878,23.4748842],[120.4814242,23.4748722],[120.4815638,23.4749088],[120.4817899,23.474799],[120.4819428,23.4747136],[120.482056,23.4748723],[120.4821491,23.4748906],[120.4822888,23.4748601],[120.4823619,23.4747869],[120.4824683,23.4746161],[120.4826279,23.4745673],[120.4827409,23.4744758],[120.482854,23.4743965],[120.4829737,23.4743538],[120.4830933,23.4743721],[120.4831532,23.474427],[120.4832529,23.4744819],[120.4833061,23.4743904],[120.4834458,23.4742868],[120.4835588,23.4740794],[120.4836586,23.4738903],[120.4838846,23.4738232],[120.4841041,23.4739208],[120.4842171,23.4739696],[120.48437,23.474055],[120.4845961,23.4740123],[120.4847296,23.4740223],[120.4848237,23.4741077],[120.484882,23.4742136],[120.4849153,23.4743237],[120.4848986,23.4744056],[120.4847918,23.4744272],[120.484743,23.4745091],[120.4848087,23.474607],[120.4847897,23.474671],[120.4846416,23.4746624],[120.4844772,23.4746603],[120.4843621,23.4747833],[120.4842426,23.474865],[120.4841319,23.4748395],[120.4840803,23.4749211],[120.4840662,23.4750182],[120.4842983,23.4750893],[120.4844135,23.475195],[120.4844982,23.4753416],[120.4845922,23.4753977],[120.4847662,23.4754861],[120.4849072,23.4754818],[120.4850342,23.4753848],[120.4851776,23.4752619],[120.4852622,23.4752252],[120.4853586,23.4752662],[120.4854244,23.4752985],[120.4855138,23.4752791],[120.4856548,23.4751756],[120.4856925,23.4752662],[120.4856736,23.4753955],[120.4856736,23.4754732],[120.4856642,23.4755875],[120.4856572,23.4757794],[120.4858288,23.4757966],[120.486078,23.4757902],[120.4862355,23.475678],[120.4863601,23.4755465],[120.4864659,23.4753912],[120.4865411,23.475305],[120.486748,23.4752036],[120.4868303,23.4752144],[120.4868891,23.4753222],[120.4869431,23.4754128],[120.4870019,23.475471],[120.4869902,23.4755982],[120.486929,23.4757341],[120.4867809,23.4758505],[120.4866634,23.4759174],[120.4866046,23.4759972],[120.4865674,23.4761155],[120.4865899,23.47626],[120.4866418,23.4763807],[120.4867234,23.4764779],[120.4868755,23.4765067],[120.4869936,23.4764592],[120.487143,23.4762969],[120.4872206,23.4761675],[120.4873334,23.4761244],[120.4873992,23.4761481],[120.4875144,23.4762624],[120.4876696,23.4763314],[120.4878341,23.476422],[120.4879484,23.4763967],[120.4880343,23.476309],[120.4881403,23.4759723],[120.4881557,23.4758665],[120.4882191,23.4756613],[120.4883757,23.4755766],[120.4886019,23.475633],[120.4886416,23.4758785],[120.488676,23.4761322],[120.4890264,23.4764267],[120.4892907,23.4764514],[120.4895008,23.4763279],[120.489648,23.4760188],[120.4897787,23.4758918],[120.4899396,23.4759119],[120.4900055,23.4760394],[120.4898482,23.4761845],[120.4896506,23.4765082],[120.4897475,23.4767316],[120.4899191,23.476788],[120.4900347,23.4769652],[120.4902001,23.4770929],[120.4906154,23.477131],[120.4907014,23.4772414],[120.4909761,23.4771472],[120.491235,23.4769554],[120.4915418,23.4769584],[120.4920775,23.4771435],[120.492233,23.4770582],[120.4925036,23.4771342],[120.4924329,23.4772564],[120.4923509,23.4772163],[120.4921005,23.4772509],[120.4919718,23.4772729],[120.4916806,23.4771967],[120.4913992,23.4771301],[120.4912083,23.4771718],[120.490978,23.4773341],[120.4907271,23.4773829],[120.4907016,23.4775271],[120.4905503,23.4776418],[120.4902689,23.477557],[120.4899767,23.4775949],[120.4898267,23.4776281],[120.4897024,23.4776851],[120.4896203,23.477778],[120.4893308,23.4776834],[120.4891883,23.4776808],[120.4891181,23.4778179],[120.4890793,23.4780005],[120.4889304,23.4779247],[120.488753,23.47794],[120.4886136,23.4778602],[120.4884871,23.4777799],[120.488407,23.4777183],[120.4882673,23.4777254],[120.488107,23.4778179],[120.4879053,23.4778796],[120.4877734,23.4778274],[120.4876881,23.4777657],[120.4875407,23.4777894],[120.4873855,23.4778013],[120.4872484,23.4777633],[120.4871528,23.4777183],[120.4871217,23.4776922],[120.4869873,23.4776851],[120.4867235,23.4777254],[120.4864597,23.4777728],[120.486333,23.477806],[120.486139,23.4778037],[120.4858597,23.477742],[120.4856477,23.4777017],[120.4854486,23.4776661],[120.4852494,23.4775451],[120.4851182,23.4774142],[120.4850345,23.4772282],[120.4848473,23.4771376],[120.4847235,23.477164],[120.4846369,23.4772395],[120.4847158,23.4773092],[120.484606,23.477353],[120.4845124,23.4773086],[120.4844193,23.4771846],[120.4844158,23.4771068],[120.4844711,23.4770967],[120.4844536,23.4770378],[120.4843707,23.4770454],[120.4842423,23.4769888],[120.4840936,23.4769281],[120.4839527,23.4769595],[120.4838536,23.4768384],[120.4837327,23.4768132],[120.483655,23.4768257],[120.4835899,23.476783],[120.4835789,23.4767326],[120.4834561,23.4766764],[120.4834543,23.4765749],[120.4832587,23.476576],[120.4831445,23.4765123],[120.4830187,23.4765052],[120.4828681,23.4764527],[120.4827985,23.4764856],[120.482782,23.4765612],[120.4825842,23.4765007],[120.4824027,23.4764747],[120.4823668,23.4763964],[120.4822876,23.4763389],[120.4821665,23.4764049],[120.482183,23.4765058],[120.4821006,23.4766368],[120.4819138,23.4766721],[120.4817709,23.4767477],[120.4817104,23.4769392],[120.4816335,23.4771308],[120.4814151,23.4771615],[120.4814551,23.4772419],[120.4813821,23.4773435],[120.4812476,23.4772782],[120.4811039,23.4772758],[120.4809926,23.4772638],[120.4808701,23.4772761],[120.4807592,23.477237],[120.4806498,23.4772264],[120.4806198,23.4772801],[120.4808422,23.4773778],[120.4809685,23.4774282],[120.4810015,23.4774937],[120.4811389,23.4775794],[120.4813752,23.4776499],[120.4815785,23.4777306],[120.4816884,23.4778112],[120.4815982,23.4778169],[120.4814941,23.4778481],[120.481354,23.4779489],[120.4810433,23.4778722],[120.4808827,23.4778443],[120.4807687,23.4779558],[120.4806801,23.4780212],[120.4804909,23.4782994],[120.4803178,23.4783676],[120.480397,23.4784867],[120.4803566,23.4785045],[120.4802664,23.4785267],[120.4802002,23.4786287],[120.4802341,23.4786858],[120.480186,23.4787483],[120.4803915,23.4789655],[120.4802761,23.4789403],[120.4801555,23.4788445],[120.4795665,23.4782159],[120.4794154,23.4778089],[120.4793811,23.4775862],[120.4791133,23.477342],[120.479158,23.477282],[120.4790111,23.47707],[120.4789225,23.4771064],[120.4809554,23.4750427]]]]}},{"type":"Feature","properties":{"name":"","name_en":"","water":"basin","natural":"water","landuse":""},"geometry":{"type":"Polygon","coordinates":[[[120.3738725,23.6138126],[120.3739422,23.6138962],[120.3740602,23.6139945],[120.3741783,23.6140486],[120.3743446,23.6140388],[120.3744679,23.6140043],[120.3746128,23.6139306],[120.374645,23.6138323],[120.3746342,23.6136308],[120.3746879,23.6135767],[120.3747093,23.6134194],[120.3746879,23.6133457],[120.3745967,23.6132769],[120.3744948,23.6132277],[120.3743446,23.6132228],[120.3742319,23.6131688],[120.3741032,23.6130459],[120.3740549,23.6129574],[120.3740281,23.6128788],[120.3740495,23.6128001],[120.3740924,23.6127215],[120.3740924,23.6126133],[120.3740227,23.6125789],[120.3739369,23.6125298],[120.373851,23.612461],[120.3738242,23.6123577],[120.3738671,23.6122889],[120.3739744,23.6122545],[120.3741085,23.6122496],[120.3742051,23.6122054],[120.3742051,23.6121267],[120.3741783,23.6120481],[120.3740602,23.6120284],[120.3739583,23.6120481],[120.3737437,23.6121415],[120.3736579,23.6122004],[120.3735774,23.6122103],[120.3735238,23.6121464],[120.3734433,23.6121857],[120.3735077,23.6122594],[120.3734326,23.6123381],[120.3733951,23.6124069],[120.3733736,23.612461],[120.3733468,23.6125593],[120.3733521,23.6126674],[120.3733629,23.6127411],[120.3734004,23.6128198],[120.3734755,23.6128886],[120.3735882,23.6129574],[120.3736847,23.6130016],[120.3737813,23.6130311],[120.3738457,23.6130901],[120.3738886,23.6131442],[120.3738725,23.6132228],[120.373851,23.6133162],[120.3738349,23.6134391],[120.3738081,23.6136504],[120.3738993,23.6136799],[120.3739315,23.6137143],[120.3739315,23.6137733],[120.3738725,23.6138126]]]}},{"type":"Feature","properties":{"name":"小西湖","name_en":"","water":"lake","natural":"water","landuse":""},"geometry":{"type":"MultiPolygon","coordinates":[[[[120.4645114,23.4837571],[120.4644186,23.4837232],[120.4642915,23.4837092],[120.46421,23.4837675],[120.4641213,23.4838369],[120.4641222,23.4839857],[120.4641629,23.4840638],[120.464236,23.4841044],[120.4643613,23.4840878],[120.4644278,23.4840329],[120.4645114,23.4837571]]],[[[120.4644278,23.4840329],[120.4644782,23.4839812],[120.4645651,23.4838695],[120.4646444,23.4839232],[120.4647187,23.4840081],[120.4647691,23.4840696],[120.464773,23.4840134],[120.4647666,23.4839038],[120.4647077,23.4838418],[120.4646261,23.4837865],[120.4645114,23.4837571],[120.4644278,23.4840329]]]]}},{"type":"Feature","properties":{"name":"仁義潭","name_en":"Renyitan","water":"reservoir","natural":"water","landuse":""},"geometry":{"type":"Polygon","coordinates":[[[120.5140846,23.4674143],[120.5139244,23.467293],[120.5135868,23.4671782],[120.5134521,23.4671155],[120.5133459,23.4670338],[120.5132473,23.4669329],[120.5132492,23.4668755],[120.513217,23.4668111],[120.5131202,23.4667606],[120.5130633,23.4667032],[120.5129476,23.4664092],[120.5128661,23.4663657],[120.5127675,23.4663361],[120.51261,23.4663483],[120.512373,23.4662979],[120.5121966,23.4663622],[120.5121492,23.4664196],[120.5121454,23.4664858],[120.5120183,23.4666215],[120.5119899,23.4668146],[120.512024,23.4668981],[120.5120259,23.4669972],[120.5119481,23.4672391],[120.5119462,23.4673017],[120.5119728,23.4673469],[120.5120809,23.4673278],[120.5122459,23.4671938],[120.5123995,23.4671382],[120.5125361,23.4671155],[120.5126669,23.4671155],[120.5127409,23.4671382],[120.5128737,23.4672391],[120.512868,23.4675],[120.5129002,23.4675713],[120.5129097,23.467721],[120.512849,23.467794],[120.5126973,23.467848],[120.5126669,23.4678862],[120.5127106,23.4679471],[120.5127978,23.4679645],[120.5133004,23.4675748],[120.5135204,23.4674617],[120.5137537,23.4674339],[120.5138751,23.4673695],[120.513947,23.4674807],[120.5139416,23.4675299],[120.5140865,23.4677513],[120.5140704,23.4678571],[120.513998,23.4679334],[120.5139685,23.4680392],[120.5139792,23.4680908],[120.5140758,23.4681376],[120.5144137,23.4681868],[120.5144647,23.4682114],[120.5145103,23.4683098],[120.5145961,23.4683664],[120.5146685,23.4684525],[120.5146766,23.468605],[120.5145612,23.4687256],[120.5144539,23.468765],[120.5144271,23.4688732],[120.5141938,23.4688634],[120.5140918,23.4689962],[120.5139738,23.469011],[120.5138665,23.4689839],[120.5138183,23.4690184],[120.5137914,23.4690651],[120.5137968,23.469166],[120.5138746,23.4692423],[120.5138692,23.4692939],[120.5138156,23.4693308],[120.5137593,23.4693407],[120.5134562,23.4692841],[120.5134106,23.4692546],[120.5133167,23.4691217],[120.5132121,23.46907],[120.5129117,23.4690454],[120.5128768,23.4690922],[120.5130377,23.4691537],[120.5131289,23.4692127],[120.5130994,23.469321],[120.5130538,23.4693481],[120.5130565,23.4694047],[120.5130967,23.4694539],[120.5132362,23.4695375],[120.5134186,23.4695031],[120.5134803,23.4695424],[120.5136144,23.4696556],[120.5136895,23.4697983],[120.5138129,23.4698918],[120.5138585,23.4699828],[120.5138424,23.4700862],[120.5137646,23.4701649],[120.51366,23.470219],[120.5134293,23.4702289],[120.5133247,23.4702805],[120.513086,23.4702977],[120.5129895,23.4703593],[120.5129009,23.4704921],[120.5128983,23.4706422],[120.5129707,23.4707283],[120.5130163,23.4707578],[120.5133381,23.4708021],[120.5134857,23.4708931],[120.5134991,23.4709423],[120.5134615,23.4709866],[120.5133623,23.471026],[120.5133408,23.4710777],[120.5134052,23.4711539],[120.5133784,23.4712007],[120.5132818,23.4712646],[120.5130967,23.4712991],[120.5129921,23.4714196],[120.5127749,23.4714024],[120.5127534,23.471555],[120.5128339,23.4716411],[120.5130404,23.4717493],[120.5131772,23.4719068],[120.513365,23.4720076],[120.5133677,23.4720568],[120.5132014,23.4720938],[120.5131611,23.4721356],[120.5131048,23.4722881],[120.5131021,23.472448],[120.5130216,23.4725292],[120.5129492,23.4725489],[120.5127051,23.4725218],[120.5125898,23.4725538],[120.5124879,23.4725095],[120.5124611,23.4724628],[120.5124047,23.472448],[120.5118361,23.4723619],[120.5117181,23.4723668],[120.5116591,23.4723816],[120.5116215,23.472421],[120.5115679,23.4724185],[120.5115357,23.4724603],[120.511533,23.4725637],[120.5115089,23.4726104],[120.5114552,23.4726252],[120.5112702,23.4726252],[120.5112272,23.4725932],[120.5112085,23.4725415],[120.5111548,23.4725194],[120.5111039,23.4725415],[120.5110341,23.4726227],[120.5108812,23.4726178],[120.5106935,23.4725784],[120.5105352,23.4721502],[120.5104172,23.4719511],[120.5103663,23.4719265],[120.5103421,23.4718772],[120.5103824,23.4718379],[120.5105057,23.4718354],[120.5107284,23.4717862],[120.5107579,23.4717395],[120.5107686,23.4716903],[120.5107096,23.4716657],[120.5105326,23.4716509],[120.510495,23.4715525],[120.5104467,23.4715254],[120.5104494,23.4714467],[120.5105647,23.4713458],[120.5105567,23.4712966],[120.5104682,23.4712376],[120.5104762,23.4711392],[120.5105138,23.4710924],[120.510731,23.4709866],[120.5107632,23.4707849],[120.5107498,23.4706816],[120.5107257,23.4706348],[120.5106747,23.4706176],[120.5105486,23.4706619],[120.5102563,23.4706766],[120.5101463,23.47062],[120.5097783,23.470593],[120.509671,23.4705536],[120.5096626,23.4704771],[120.509693,23.4703445],[120.5097172,23.4702977],[120.5098191,23.4702461],[120.5098593,23.4701868],[120.5097782,23.4701221],[120.5097815,23.4700517],[120.5099788,23.4698713],[120.5099892,23.469801],[120.5098861,23.4697516],[120.5097038,23.4697393],[120.5095509,23.4696581],[120.5093551,23.4696556],[120.5092397,23.4695031],[120.5092183,23.4694563],[120.509229,23.4693604],[120.5091968,23.4693161],[120.5090895,23.4692669],[120.5090332,23.4692669],[120.5089822,23.4692275],[120.5088964,23.4690233],[120.508883,23.4688683],[120.5089018,23.4688142],[120.50906,23.4687576],[120.50906,23.4684894],[120.5090305,23.4683393],[120.5090037,23.4682877],[120.5087972,23.4683],[120.5083922,23.4681745],[120.50836,23.4680712],[120.5081883,23.4679039],[120.5081615,23.4677562],[120.5082473,23.4676184],[120.5082875,23.4673134],[120.5082688,23.4672666],[120.5080354,23.4670969],[120.5080032,23.4669394],[120.5080032,23.4667893],[120.5079254,23.466531],[120.5077806,23.466312],[120.5077484,23.4661127],[120.5077216,23.4660635],[120.5075741,23.4658937],[120.5074561,23.4658642],[120.5072334,23.4658642],[120.5071261,23.4658273],[120.5068687,23.4659503],[120.5067399,23.4658421],[120.5066809,23.4658199],[120.5065683,23.4658052],[120.5064583,23.4658273],[120.5064154,23.4658691],[120.5064046,23.4660266],[120.5064288,23.4660709],[120.5065387,23.4661029],[120.506638,23.4661644],[120.5066836,23.4662579],[120.5066916,23.4664153],[120.5065468,23.4665753],[120.5063215,23.4666368],[120.5061203,23.4667622],[120.5060345,23.4668484],[120.5060586,23.4669492],[120.5060479,23.4670476],[120.5060694,23.4670919],[120.5061203,23.4671116],[120.5062947,23.4671116],[120.5065012,23.4670378],[120.5067936,23.4670452],[120.5068928,23.4670944],[120.5069759,23.4672273],[120.5070618,23.4672838],[120.5070886,23.4673281],[120.5070859,23.4673773],[120.5069947,23.4674413],[120.5069599,23.4675422],[120.5069679,23.4675914],[120.5071074,23.4676726],[120.5071744,23.4677587],[120.5072066,23.4678571],[120.5071476,23.4678719],[120.5069652,23.4678423],[120.5068123,23.4679088],[120.506748,23.46799],[120.5068177,23.4680712],[120.5069223,23.4680884],[120.5070189,23.468145],[120.5070913,23.4682335],[120.5071583,23.4685386],[120.5071369,23.4685878],[120.5072254,23.4686567],[120.5072468,23.4687084],[120.5071691,23.4687822],[120.5071557,23.4688929],[120.5072039,23.4691439],[120.5072924,23.4692275],[120.507507,23.4692521],[120.5075499,23.4692915],[120.5075446,23.4693899],[120.507566,23.4694391],[120.5077028,23.4696187],[120.5077109,23.469722],[120.507668,23.4698229],[120.5074936,23.4698795],[120.5073327,23.469845],[120.5072924,23.469754],[120.5072898,23.4696458],[120.5070725,23.4695129],[120.5069008,23.4694735],[120.5068713,23.4693751],[120.5068177,23.469353],[120.5067641,23.4693407],[120.5066326,23.4694268],[120.5064717,23.46938],[120.5064422,23.4693358],[120.5064422,23.4692841],[120.5064717,23.4692423],[120.5066192,23.4691512],[120.5066326,23.469102],[120.5066112,23.4690577],[120.5063429,23.4688831],[120.5061901,23.468701],[120.5060881,23.4686346],[120.5059245,23.4685829],[120.5058172,23.4685239],[120.5057046,23.4685017],[120.5054846,23.4687502],[120.5054364,23.4687797],[120.5053773,23.468797],[120.5053237,23.4687748],[120.5052915,23.468733],[120.5052888,23.4686321],[120.5053237,23.468487],[120.5052164,23.4683615],[120.5052084,23.4682606],[120.5053022,23.4681942],[120.5053371,23.4682311],[120.5053908,23.4682212],[120.5054203,23.4681204],[120.5054122,23.4679727],[120.5053881,23.467926],[120.5053344,23.4679137],[120.5051601,23.4679211],[120.5050474,23.4679629],[120.5049401,23.4679285],[120.5049214,23.4677784],[120.5049804,23.4676824],[120.5049831,23.4676308],[120.5049321,23.4675422],[120.5048275,23.4674954],[120.5048034,23.4673454],[120.5046451,23.4670723],[120.5047014,23.4669837],[120.5046907,23.4668262],[120.5045861,23.466718],[120.5043796,23.4666048],[120.5042991,23.4664596],[120.5042374,23.4662111],[120.5046371,23.4662456],[120.504688,23.4662234],[120.5047148,23.4661767],[120.5046961,23.4660241],[120.5045754,23.4658913],[120.5043769,23.4657756],[120.5041462,23.4657215],[120.5040872,23.4656329],[120.5041033,23.465537],[120.5041784,23.4654681],[120.5044547,23.4653106],[120.5044681,23.4652639],[120.5044198,23.4651704],[120.5041757,23.4650326],[120.5041221,23.4649465],[120.5040979,23.4648481],[120.504106,23.4647989],[120.504165,23.4647127],[120.5043152,23.4646537],[120.504342,23.4646119],[120.5043098,23.4645651],[120.5040899,23.4644618],[120.5040765,23.4641715],[120.5040389,23.464078],[120.5040604,23.4640312],[120.5043286,23.4639328],[120.5043823,23.4638442],[120.5043742,23.463795],[120.5042481,23.4636031],[120.504232,23.4634973],[120.5042884,23.4633989],[120.5043206,23.4632463],[120.5042776,23.4630987],[120.5041516,23.4630987],[120.5041033,23.4631258],[120.5040255,23.4632808],[120.5038136,23.4634875],[120.503709,23.4635465],[120.50365,23.4636375],[120.5036554,23.4636892],[120.5037197,23.4637827],[120.5037063,23.463886],[120.5035964,23.4640287],[120.5034274,23.4641715],[120.5033979,23.4642256],[120.5032986,23.4642871],[120.5028963,23.4643954],[120.5028695,23.464447],[120.5028695,23.4644962],[120.5031511,23.4645946],[120.5031994,23.4646242],[120.5032182,23.4646709],[120.5031699,23.4647693],[120.5031511,23.4648776],[120.5030492,23.4649366],[120.5028722,23.4649686],[120.5028212,23.4650572],[120.5028507,23.4651581],[120.5029204,23.4652368],[120.5031484,23.4652762],[120.5031753,23.4653303],[120.5031458,23.4654312],[120.5030197,23.4654361],[120.503009,23.4654853],[120.5031377,23.4656575],[120.5031565,23.465756],[120.503068,23.4658322],[120.5030465,23.465879],[120.5029258,23.4658716],[120.5028748,23.465847],[120.5028293,23.465879],[120.5028185,23.4659282],[120.5030277,23.4660168],[120.503009,23.4660635],[120.502781,23.4661102],[120.5026817,23.4661718],[120.5026871,23.466221],[120.502722,23.4662603],[120.5028883,23.4662702],[120.503009,23.4663268],[120.5030036,23.4664252],[120.5029553,23.4664621],[120.5027783,23.4665014],[120.5027783,23.4665531],[120.5028266,23.46659],[120.5030009,23.4666466],[120.5030103,23.4667315],[120.5029563,23.466932],[120.502797,23.4669155],[120.5020118,23.4666997],[120.5019018,23.4666284],[120.5017292,23.466404],[120.5013025,23.4654558],[120.5010764,23.46527],[120.5004823,23.4648628],[120.5004153,23.4647915],[120.500371,23.4646574],[120.5003884,23.4643867],[120.500595,23.4642256],[120.5006137,23.4637224],[120.5010161,23.4626607],[120.5011435,23.4625845],[120.5011609,23.4621773],[120.5011448,23.4618476],[120.5012481,23.4616643],[120.5014077,23.4615646],[120.501515,23.4615289],[120.5019763,23.4615093],[120.5022445,23.4617221],[120.5024122,23.4616876],[120.5024376,23.4616483],[120.5024242,23.4615818],[120.5022459,23.4613506],[120.5023478,23.4612583],[120.50227,23.4610455],[120.5023411,23.4610061],[120.5025409,23.4611279],[120.503678,23.4602591],[120.5037946,23.4603043],[120.5038316,23.4602921],[120.5039482,23.4604043],[120.5041426,23.4603652],[120.5040631,23.4601769],[120.5040658,23.4598041],[120.5061207,23.4596967],[120.5185658,23.459269],[120.5185443,23.4593772],[120.5185591,23.459483],[120.5185229,23.4595642],[120.5185322,23.459595],[120.5185591,23.4596048],[120.5186704,23.4595236],[120.5187616,23.4595113],[120.5188206,23.4595421],[120.5196939,23.4608262],[120.5196616,23.4609202],[120.5197584,23.4609358],[120.5197944,23.4609689],[120.5197508,23.4610924],[120.5197906,23.4611968],[120.5195953,23.4613795],[120.5195554,23.4614421],[120.5195611,23.4614787],[120.5196123,23.4615326],[120.5198058,23.4616492],[120.5198304,23.461717],[120.5198247,23.4617884],[120.5197508,23.4619623],[120.5196654,23.4620458],[120.5195573,23.4620876],[120.5193601,23.4620632],[120.5192292,23.4621555],[120.5191514,23.4622477],[120.5191135,23.4622598],[120.5190206,23.4622564],[120.5188689,23.4622042],[120.5187892,23.4622059],[120.5187209,23.4622477],[120.5186773,23.4623086],[120.518683,23.4623851],[120.5187968,23.4624982],[120.5189902,23.4625573],[120.519013,23.462707],[120.5190851,23.4628148],[120.5191571,23.462834],[120.5194113,23.4628375],[120.5195251,23.4628566],[120.5195896,23.4628966],[120.5196104,23.4629262],[120.5196066,23.4629993],[120.5193828,23.463168],[120.5192918,23.4632898],[120.5192861,23.4633594],[120.519343,23.4634046],[120.5196958,23.4634464],[120.5197527,23.4634951],[120.5197868,23.4635977],[120.5197622,23.4636673],[120.5194966,23.4638448],[120.5194909,23.4639179],[120.5196427,23.4640901],[120.5196626,23.4642458],[120.5196123,23.4644128],[120.5193935,23.4645622],[120.5193233,23.464654],[120.5193713,23.4648266],[120.5193906,23.4650289],[120.5192511,23.4651224],[120.5191438,23.4651556],[120.5185255,23.4651445],[120.5184263,23.4651962],[120.5183633,23.4652836],[120.5182868,23.4655025],[120.5183136,23.4655456],[120.518441,23.4656403],[120.5184209,23.4659479],[120.5183887,23.4660487],[120.5181929,23.4661976],[120.5181876,23.4663538],[120.5182157,23.4664252],[120.5182976,23.4664362],[120.518437,23.4665187],[120.5185765,23.4664916],[120.5186315,23.4664338],[120.5186556,23.4663587],[120.5186194,23.4661066],[120.5186529,23.4658458],[120.5186878,23.4657436],[120.5187669,23.4656735],[120.5189413,23.4656575],[120.5190244,23.4656735],[120.5191103,23.4657424],[120.51918,23.4658642],[120.5192631,23.4659392],[120.5193463,23.4659663],[120.5194093,23.4660758],[120.5194616,23.4660943],[120.5194925,23.4661385],[120.5195971,23.4661053],[120.5196615,23.466018],[120.5196856,23.4657559],[120.5197084,23.465708],[120.5199444,23.4654951],[120.5201094,23.4653857],[120.5201778,23.4653057],[120.5202529,23.4652749],[120.5205251,23.465067],[120.5206686,23.4649108],[120.5207035,23.4648173],[120.5207115,23.4646488],[120.5208577,23.4642871],[120.5208483,23.4641149],[120.5208872,23.4638676],[120.5209663,23.4638528],[120.5210307,23.4639365],[120.5210978,23.4639808],[120.5211796,23.4639758],[120.5212909,23.4639353],[120.521417,23.4638479],[120.5215041,23.4637089],[120.5215953,23.4636166],[120.5217066,23.463533],[120.5217603,23.4635281],[120.5217777,23.4635736],[120.5217294,23.4636732],[120.5217415,23.4637778],[120.5216329,23.4639353],[120.521602,23.4640398],[120.5216074,23.4640939],[120.5216637,23.4641505],[120.521653,23.4642305],[120.5215833,23.4642736],[120.5213767,23.4642625],[120.52137,23.4642883],[120.5215229,23.4643572],[120.5215283,23.4643818],[120.5214773,23.4644802],[120.5214116,23.4645331],[120.5214196,23.4646365],[120.5213834,23.4646746],[120.5213687,23.4647767],[120.5213164,23.4648419],[120.5212963,23.4649846],[120.5213311,23.4650326],[120.5215082,23.4651113],[120.521531,23.4652171],[120.521142,23.4654705],[120.5210602,23.4656428],[120.5210656,23.4657215],[120.5211259,23.4657732],[120.5212949,23.4658002],[120.5213325,23.4658593],[120.5212802,23.4659257],[120.521075,23.4660278],[120.5210575,23.466125],[120.5211179,23.4661804],[120.5212493,23.4661779],[120.5213338,23.4661312],[120.5214398,23.4661102],[120.521661,23.4659331],[120.5219641,23.4658003],[120.5220874,23.4657846],[120.5223302,23.4656733],[120.5224117,23.4656733],[120.5225028,23.4657638],[120.5226052,23.4658229],[120.5226829,23.4658281],[120.5227133,23.4658507],[120.522829,23.4660404],[120.5228214,23.4661134],[120.5228005,23.4661448],[120.5226298,23.4661726],[120.5222486,23.4661709],[120.5221083,23.4662578],[120.5219774,23.4662822],[120.5219755,23.4663918],[120.521892,23.4664805],[120.5215601,23.4664962],[120.5213458,23.4666145],[120.5212548,23.4666145],[120.521196,23.4666684],[120.5211827,23.4667415],[120.5212946,23.466872],[120.5215032,23.4669955],[120.521765,23.4672391],[120.5220798,23.4673748],[120.5221538,23.4673626],[120.5222031,23.4672669],[120.5223055,23.4671956],[120.5223358,23.4671277],[120.5225103,23.4669694],[120.5226659,23.4669381],[120.522774,23.4669764],[120.5228043,23.466999],[120.5228574,23.4671347],[120.5228479,23.4671712],[120.5226545,23.4673713],[120.5225919,23.467467],[120.5225653,23.4676496],[120.5225976,23.4677488],[120.5226753,23.4678358],[120.5228138,23.4679106],[120.5229731,23.4679437],[120.5233467,23.4679715],[120.5234492,23.4680272],[120.5235004,23.4681263],[120.5234928,23.4681994],[120.5234567,23.4682464],[120.5232861,23.4682829],[120.5232102,23.4684064],[120.5230679,23.4684499],[120.5230471,23.4684812],[120.5230471,23.468596],[120.5230945,23.468737],[120.5230907,23.4688118],[120.5229693,23.4689875],[120.5228953,23.4689979],[120.5228119,23.4689649],[120.5227209,23.4688779],[120.5226298,23.4685821],[120.5225691,23.4684795],[120.5225179,23.4684238],[120.5223776,23.4683438],[120.5223017,23.4683212],[120.5221784,23.4683525],[120.5219869,23.4684864],[120.5219433,23.468476],[120.5219281,23.4683333],[120.5219641,23.4682342],[120.5220191,23.4681837],[120.5219983,23.4680776],[120.521746,23.4678932],[120.5215488,23.4679263],[120.5215374,23.4678897],[120.5215639,23.4677871],[120.5215298,23.4677592],[120.5213269,23.4676775],[120.521122,23.4675592],[120.5209494,23.4675783],[120.5207313,23.4675313],[120.5206611,23.4674478],[120.5204886,23.4673991],[120.5204298,23.4673069],[120.5202553,23.4672878],[120.5202268,23.4672599],[120.5201984,23.4671538],[120.520168,23.4671312],[120.5200865,23.4671295],[120.5200068,23.4672147],[120.5198835,23.4672321],[120.5197982,23.4672321],[120.5196787,23.4671886],[120.5196028,23.4671956],[120.519563,23.4672721],[120.5194113,23.4674409],[120.5191628,23.4674791],[120.5190414,23.4674652],[120.5190054,23.4674826],[120.5189997,23.467554],[120.5190794,23.4677157],[120.5191514,23.467808],[120.5191647,23.467881],[120.5191135,23.4679802],[120.5189561,23.468008],[120.5189333,23.467975],[120.5189371,23.4679036],[120.5187759,23.4678636],[120.5187702,23.4679784],[120.5188082,23.4680863],[120.5189049,23.4682481],[120.519032,23.4683316],[120.519324,23.4683212],[120.5195554,23.4682429],[120.5198968,23.4682446],[120.5200106,23.468269],[120.5202003,23.4684134],[120.5202685,23.4685526],[120.520388,23.4686987],[120.5204089,23.46877],[120.5203994,23.4690136],[120.5203368,23.4691075],[120.5202022,23.4691893],[120.5201623,23.4691928],[120.5200429,23.4691736],[120.5199765,23.4691284],[120.5197773,23.4690727],[120.5193468,23.4690345],[120.5192766,23.4690658],[120.519233,23.4691649],[120.519233,23.4692815],[120.5192577,23.4693511],[120.519142,23.4695424],[120.5191685,23.4696868],[120.5191875,23.4697164],[120.5192254,23.4697199],[120.5193601,23.4695825],[120.5193961,23.4695668],[120.5194739,23.469579],[120.5196047,23.4697669],[120.5196711,23.4700922],[120.5196844,23.4701253],[120.519728,23.4701339],[120.519802,23.4701148],[120.5199537,23.4700017],[120.5200903,23.4698695],[120.5202192,23.4697843],[120.5204089,23.4695877],[120.5206175,23.4694711],[120.5210708,23.4694415],[120.5214293,23.4695094],[120.5215431,23.4694781],[120.5217839,23.4694763],[120.521837,23.4695251],[120.5218503,23.4695964],[120.5218067,23.4696573],[120.5216512,23.4697356],[120.5216303,23.4698121],[120.5216701,23.4699878],[120.5217195,23.4700417],[120.5220836,23.4700939],[120.5221519,23.4701374],[120.5221405,23.4702818],[120.5220381,23.4704958],[120.5220324,23.4705306],[120.5220722,23.4705967],[120.5225065,23.4707254],[120.5227266,23.4706385],[120.5230604,23.4706071],[120.5231381,23.470628],[120.5232936,23.4707394],[120.5232576,23.4708055],[120.5230224,23.4708994],[120.5229598,23.4709516],[120.5226279,23.4710247],[120.5225103,23.4710838],[120.5224933,23.4711186],[120.5224553,23.4711308],[120.5225141,23.471303],[120.5225843,23.4713326],[120.5228138,23.4712926],[120.5230091,23.4712926],[120.5230812,23.4712613],[120.523159,23.4712578],[120.5233183,23.4713065],[120.5233335,23.4713396],[120.5233202,23.4715935],[120.5232064,23.4716301],[120.5230414,23.4715848],[120.5228176,23.4715866],[120.5227247,23.4717171],[120.5226526,23.471764],[120.5226109,23.4717675],[120.522241,23.4717745],[120.5218389,23.4716944],[120.5215962,23.4716997],[120.5213572,23.4717553],[120.5210234,23.4716736],[120.5207863,23.4716597],[120.5203842,23.4715257],[120.5202534,23.47151],[120.5198456,23.4712769],[120.5197223,23.4712647],[120.5195839,23.4715466],[120.5194359,23.4717623],[120.5194094,23.4718719],[120.5194852,23.4720145],[120.5195194,23.4720285],[120.5196351,23.4720024],[120.5197868,23.4720024],[120.5199499,23.4721102],[120.5199423,23.472272],[120.5200523,23.4723033],[120.5200561,23.4723416],[120.520041,23.4725747],[120.5199897,23.4727539],[120.5198741,23.4727957],[120.5198627,23.4728705],[120.519747,23.4729174],[120.5195782,23.4729174],[120.519252,23.4728444],[120.518719,23.4731592],[120.5186204,23.4733471],[120.5186052,23.4735802],[120.5185369,23.4736759],[120.5185578,23.4738238],[120.5185123,23.4739212],[120.5184004,23.4739577],[120.518315,23.4739247],[120.5180799,23.4737612],[120.5179718,23.4735889],[120.5178181,23.4735298],[120.5177138,23.4736377],[120.5175867,23.4736429],[120.5175773,23.4737142],[120.5176398,23.4738099],[120.5176531,23.4738812],[120.5176152,23.4739003],[120.5175052,23.4740604],[120.5174293,23.4740952],[120.5169514,23.4742013],[120.5168679,23.4742013],[120.5167086,23.4741543],[120.5166252,23.4741595],[120.516519,23.4742291],[120.5163995,23.47425],[120.5161301,23.4744205],[120.516115,23.474457],[120.5161548,23.4745979],[120.5159788,23.474693],[120.5158661,23.4748172],[120.5156609,23.4747791],[120.5153672,23.4748123],[120.5152667,23.474768],[120.5152224,23.4747976],[120.5152278,23.4748751],[120.5151889,23.4749156],[120.5150454,23.4749599],[120.5148348,23.4750682],[120.5146618,23.4751051],[120.5145961,23.4752035],[120.5144969,23.4752699],[120.5142514,23.4753179],[120.5138813,23.4753228],[120.5138156,23.4753068],[120.5137432,23.4752109],[120.5137297,23.4751555],[120.5138183,23.4750608],[120.5138183,23.4750288],[120.5137901,23.4749833],[120.513707,23.4749353],[120.5136721,23.4748295],[120.5135795,23.4747631],[120.5135514,23.4747656],[120.5135071,23.4749292],[120.5134535,23.4749968],[120.5134267,23.4750067],[120.5133837,23.4749661],[120.5133046,23.4747951],[120.5133502,23.4745319],[120.513196,23.4742932],[120.5132268,23.474196],[120.513318,23.4742292],[120.5135165,23.4744199],[120.5136238,23.4745614],[120.5137981,23.4746512],[120.5140918,23.4749562],[120.514171,23.4749439],[120.514576,23.4746819],[120.5147396,23.4746118],[120.5147798,23.4745724],[120.5148348,23.4744482],[120.5148791,23.474415],[120.5149622,23.474399],[120.5150507,23.474474],[120.5151393,23.4744384],[120.5150682,23.4742908],[120.5150963,23.4742231],[120.5149381,23.474089],[120.5148965,23.473998],[120.5148979,23.4739008],[120.5147235,23.4738172],[120.5143319,23.4737138],[120.5142367,23.4735773],[120.5142649,23.4734801],[120.5142193,23.4733878],[120.5140369,23.4733042],[120.5136493,23.4731923],[120.5135635,23.4731972],[120.5134816,23.4731738],[120.5134307,23.4731086],[120.5134428,23.4730373],[120.5137968,23.472913],[120.5138652,23.4728687],[120.5139188,23.4726854],[120.5139564,23.4726436],[120.5140436,23.4726239],[120.5141589,23.4726313],[120.5142219,23.4726842],[120.5142809,23.4728269],[120.5144003,23.4729462],[120.5145814,23.4730237],[120.5146444,23.4730865],[120.5147248,23.4731246],[120.5148375,23.4731406],[120.5149032,23.4732218],[120.5149595,23.473223],[120.5151084,23.4731529],[120.5152532,23.4731271],[120.5153941,23.4731369],[120.5154356,23.4731701],[120.5155255,23.4734309],[120.515622,23.4735933],[120.5156931,23.47364],[120.5158286,23.4736413],[120.515964,23.4735834],[120.5159895,23.4735428],[120.5159385,23.473207],[120.515964,23.4730188],[120.5160378,23.4729954],[120.5161062,23.4730373],[120.5162081,23.4729881],[120.5162457,23.4728909],[120.5161732,23.4726977],[120.5161746,23.472619],[120.5162202,23.4725587],[120.5164187,23.472416],[120.5164401,23.4723619],[120.5163623,23.4722155],[120.5163194,23.4721774],[120.5161035,23.4721479],[120.5159479,23.4721725],[120.5158474,23.4722328],[120.5157535,23.4723693],[120.5157052,23.4723988],[120.5155188,23.472405],[120.5154088,23.4723742],[120.515272,23.4723841],[120.5151312,23.4724517],[120.5150038,23.4724542],[120.5149649,23.4724173],[120.5149555,23.4723668],[120.5149823,23.4723176],[120.5150963,23.4722254],[120.5151178,23.4721479],[120.5151111,23.4720495],[120.5150709,23.4720089],[120.514808,23.4718871],[120.5145948,23.4718453],[120.5145559,23.4717801],[120.5143037,23.4716694],[120.5141012,23.471614],[120.5139095,23.4716288],[120.5137955,23.4716005],[120.5137566,23.4715303],[120.5137566,23.4714762],[120.5138585,23.471336],[120.5138612,23.4712819],[120.5139108,23.4712031],[120.5139256,23.4710949],[120.5140033,23.4709559],[120.5140436,23.4709227],[120.5142729,23.4709017],[120.5143735,23.4710297],[120.5143855,23.4710777],[120.5144553,23.4711219],[120.5145934,23.4711146],[120.5147181,23.4710764],[120.5149049,23.4711151],[120.5149656,23.4711621],[120.5149903,23.4712317],[120.515123,23.4713187],[120.5152653,23.4713883],[120.5155043,23.4714196],[120.5157129,23.4713343],[120.515785,23.4712039],[120.5159158,23.4710629],[120.5160145,23.4709951],[120.5162041,23.471049],[120.5163236,23.4711499],[120.5164829,23.4711604],[120.5165417,23.4711186],[120.5167731,23.4710786],[120.5169343,23.471096],[120.517086,23.4711551],[120.5170728,23.4712334],[120.5171145,23.4712387],[120.5171979,23.4711482],[120.5172605,23.4709064],[120.5172074,23.4706211],[120.5171695,23.4705567],[120.5171316,23.4705393],[120.5170917,23.4705358],[120.5169476,23.4706698],[120.5167826,23.4707098],[120.5163596,23.470682],[120.5161207,23.4705984],[120.51595,23.4707115],[120.5158229,23.4707046],[120.5154417,23.4706089],[120.5152862,23.4704888],[120.5148025,23.4703792],[120.5147399,23.4703358],[120.5145313,23.4703218],[120.5144346,23.4701566],[120.514482,23.4700539],[120.5144896,23.4698747],[120.5145199,23.4698121],[120.5146015,23.4698051],[120.5147039,23.4698573],[120.5147836,23.4698556],[120.5148139,23.4698295],[120.5149201,23.4695424],[120.5149334,23.4693946],[120.5149789,23.4693319],[120.514996,23.4692606],[120.5150282,23.4692415],[120.5150965,23.4692606],[120.5151041,23.4693319],[120.5151439,23.4693963],[120.5154587,23.4695772],[120.5156863,23.469659],[120.515821,23.4695825],[120.5159613,23.4693685],[120.5163179,23.4693111],[120.5163483,23.4691354],[120.516371,23.4691058],[120.5164393,23.4690692],[120.5166668,23.4690135],[120.5167633,23.4688904],[120.5169162,23.4687576],[120.5170181,23.4687182],[120.5170584,23.4686789],[120.5170664,23.4685755],[120.5169806,23.4682729],[120.5169484,23.4682335],[120.5168948,23.468236],[120.5167982,23.4682926],[120.5167365,23.4684427],[120.5167231,23.4686543],[120.5166936,23.4687527],[120.5166587,23.4687945],[120.5165032,23.4688634],[120.5164173,23.4689347],[120.5159104,23.4690356],[120.5157226,23.4690258],[120.5154973,23.4689544],[120.5154061,23.4688142],[120.5154249,23.4686616],[120.5152962,23.4684943],[120.5153123,23.468391],[120.5153981,23.468327],[120.5154061,23.4682778],[120.5153042,23.4680785],[120.5151567,23.4679186],[120.5151486,23.4677661],[120.5152559,23.467584],[120.5153525,23.4675348],[120.5156261,23.4674536],[120.5157307,23.4674536],[120.5157334,23.4673503],[120.5156422,23.4672199],[120.5154571,23.4672346],[120.5152452,23.4673281],[120.5148724,23.467333],[120.5147544,23.4672961],[120.5147222,23.4672543],[120.5146712,23.4670034],[120.514631,23.466964],[120.514572,23.4669615],[120.5145451,23.4669099],[120.5145988,23.4668238],[120.5147329,23.4667475],[120.5148375,23.466563],[120.514918,23.4664867],[120.5149743,23.4663489],[120.5149797,23.466248],[120.5148241,23.4661619],[120.5147141,23.4661718],[120.5146793,23.466125],[120.5147034,23.4660241],[120.5146712,23.4659183],[120.5142608,23.4658913],[120.5142421,23.4659454],[120.5143011,23.4661496],[120.5142555,23.4663071],[120.5142474,23.4664645],[120.5143574,23.4666515],[120.5143467,23.4667524],[120.5143735,23.4667967],[120.5144674,23.4668607],[120.5145022,23.4669542],[120.514352,23.4670304],[120.5142742,23.4671042],[120.5142742,23.4672026],[120.5142072,23.4673552],[120.5140846,23.4674143]]]}}]}