{"type":"FeatureCollection","features":[{"type":"Feature","properties":{"name":"","name_en":"","water":"river","natural":"water","landuse":""},"geometry":{"type":"Polygon","coordinates":[[[120.1985308,23.4820535],[120.2002835,23.4834419],[120.2025433,23.4844516],[120.205636,23.4858798],[120.2077291,23.4866039],[120.2095254,23.4868829],[120.21193,23.4868563],[120.213661,23.4865507],[120.2154138,23.4858798],[120.2185209,23.4841394],[120.221237,23.4823392],[120.2230694,23.4810637],[120.2247497,23.4793365],[120.2252133,23.4785925],[120.2256116,23.4762873],[120.2260679,23.473125],[120.2268647,23.4706138],[120.2280814,23.4683417],[120.228755,23.4681556],[120.232275,23.4676906],[120.2353677,23.4675245],[120.2363962,23.4677105],[120.2375116,23.468335],[120.2378592,23.4690791],[120.2385473,23.4711785],[120.2390181,23.4734838],[120.2393947,23.4743408],[120.2403652,23.4754502],[120.2413761,23.4759237],[120.2424553,23.47604],[120.2431723,23.47604],[120.2432799,23.476008],[120.2441034,23.4759416],[120.2447524,23.4757743],[120.2456349,23.4758013],[120.2457905,23.475762],[120.2467212,23.4751395],[120.2469384,23.4748911],[120.2469411,23.4748173],[120.2471246,23.4748073],[120.2476905,23.4742931],[120.248109,23.4740028],[120.2483316,23.4737617],[120.248934,23.472918],[120.2498326,23.4715451],[120.2500847,23.4712868],[120.250715,23.4708612],[120.2513453,23.4705364],[120.2516109,23.4704454],[120.2520829,23.4703199],[120.2523592,23.4704995],[120.2526891,23.4705807],[120.2528608,23.4713852],[120.2529895,23.47171],[120.2530512,23.472389],[120.2532856,23.4733459],[120.2536708,23.4743646],[120.2538757,23.4747532],[120.254278,23.4757323],[120.2543344,23.4759242],[120.2543467,23.476751],[120.2544164,23.477056],[120.2546187,23.4774471],[120.2547303,23.4775358],[120.2551524,23.4776095],[120.2554207,23.4777029],[120.2558595,23.47774],[120.2577638,23.4774595],[120.2591103,23.4774546],[120.2597567,23.4774152],[120.260092,23.4773488],[120.2602771,23.4773808],[120.2603924,23.4774595],[120.2605437,23.477639],[120.260548,23.4779171],[120.2605989,23.4780229],[120.260246,23.4786206],[120.2601709,23.4791839],[120.2598409,23.4797768],[120.2597406,23.4801411],[120.2597299,23.4805347],[120.2599981,23.481221],[120.2602556,23.4815138],[120.2602556,23.4818115],[120.2604123,23.4819417],[120.260541,23.4819885],[120.2606445,23.4821387],[120.2605759,23.4823353],[120.2607384,23.4825643],[120.2616568,23.4830906],[120.2623113,23.4833956],[120.2626937,23.4836442],[120.2630113,23.483959],[120.2635172,23.4843552],[120.2637157,23.4845963],[120.2639356,23.484734],[120.264052,23.484943],[120.2644399,23.4853785],[120.2648755,23.4858089],[120.2655637,23.4863724],[120.2659349,23.4867708],[120.2673501,23.4879099],[120.2684535,23.4886699],[120.2687529,23.4889873],[120.268888,23.4890586],[120.2690087,23.4892012],[120.2693242,23.4893883],[120.2694406,23.4895137],[120.269528,23.489499],[120.2699196,23.4898163],[120.2707967,23.4902616],[120.2711803,23.4905666],[120.2716319,23.4907928],[120.2717757,23.4908175],[120.2720922,23.4910561],[120.2727118,23.4913809],[120.2730669,23.4916562],[120.2742122,23.49219],[120.2751885,23.4925221],[120.2754369,23.49266],[120.2756392,23.4926894],[120.2757749,23.4927756],[120.2767764,23.4930215],[120.2769899,23.492997],[120.2774647,23.4931421],[120.2776374,23.4931199],[120.2777393,23.4931592],[120.2777865,23.4932504],[120.2779164,23.4932822],[120.2782489,23.4932798],[120.2782908,23.4932332],[120.2785188,23.4932947],[120.2791357,23.4932159],[120.2793529,23.4931372],[120.2795568,23.4931372],[120.279648,23.4930733],[120.2798545,23.4931471],[120.2803507,23.4930388],[120.2806216,23.4928986],[120.280973,23.4928125],[120.2810787,23.4926796],[120.2812519,23.4926772],[120.2814156,23.4926108],[120.2814649,23.4925221],[120.2815658,23.4925468],[120.2817669,23.4923943],[120.2818769,23.4922418],[120.2819681,23.4922394],[120.2822283,23.4919934],[120.2822792,23.4918827],[120.282231,23.4917006],[120.2823087,23.4916982],[120.2824697,23.4915949],[120.2827138,23.4910586],[120.2828157,23.4903871],[120.2827969,23.4902345],[120.2828452,23.4901632],[120.282762,23.4898459],[120.2827835,23.4889701],[120.2828597,23.4887707],[120.2830705,23.4884954],[120.2833199,23.4880181],[120.2839862,23.4871718],[120.2841863,23.487012],[120.28522,23.4858458],[120.285683,23.4854302],[120.2869275,23.484488],[120.2871592,23.4842493],[120.2874559,23.4840354],[120.2880701,23.4831251],[120.2886307,23.4826085],[120.2891162,23.4823109],[120.2894622,23.4821854],[120.2900898,23.4820673],[120.291793,23.4820968],[120.292713,23.4820452],[120.2934453,23.4821583],[120.2942204,23.4823847],[120.294487,23.4825051],[120.2951522,23.4826798],[120.2954972,23.4826651],[120.2955186,23.4827315],[120.2955857,23.4827635],[120.2966371,23.4828496],[120.2971226,23.4827512],[120.2972889,23.4827758],[120.2976966,23.4830513],[120.2979567,23.4832359],[120.298167,23.4834719],[120.2981885,23.4836023],[120.2984111,23.4839713],[120.2985441,23.4845249],[120.2985023,23.4849012],[120.2980962,23.4862888],[120.2979417,23.4871521],[120.2978334,23.4873662],[120.2977368,23.4879492],[120.297659,23.488119],[120.2976134,23.4884806],[120.2976778,23.4885569],[120.2976655,23.4886551],[120.2975957,23.4887314],[120.297593,23.4889134],[120.2977218,23.4891742],[120.2977288,23.4893293],[120.2978961,23.4898384],[120.2978666,23.4899466],[120.2980318,23.4905051],[120.2982786,23.4910266],[120.2983966,23.4914251],[120.2985452,23.491639],[120.298556,23.4918703],[120.2988349,23.4922958],[120.2989438,23.4926698],[120.2991262,23.4929749],[120.2992469,23.493425],[120.2993783,23.4934816],[120.2992936,23.4936684],[120.2993542,23.4936759],[120.2994507,23.4939957],[120.2995366,23.4940449],[120.299771,23.4945097],[120.2999174,23.4946648],[120.3002983,23.4949033],[120.3015402,23.4951566],[120.3023153,23.4954346],[120.3027364,23.4955084],[120.3030771,23.4956535],[120.3032686,23.4958306],[120.3034993,23.4961676],[120.3034526,23.4968146],[120.303061,23.4975205],[120.3029591,23.4978182],[120.3026597,23.4988537],[120.3026265,23.4993137],[120.3025042,23.4995449],[120.3025058,23.4999286],[120.3023904,23.5003025],[120.3022429,23.5004575],[120.3022912,23.5005214],[120.3021608,23.5008141],[120.3021088,23.5031017],[120.3017049,23.5049243],[120.3019398,23.5060213],[120.3020632,23.5069805],[120.3022536,23.507957],[120.3022402,23.508412],[120.3023057,23.5087441],[120.302369,23.5087933],[120.3023904,23.5088966],[120.3023448,23.508963],[120.3023234,23.5091991],[120.3023609,23.5093664],[120.3024736,23.5094598],[120.3024934,23.5095311],[120.3024307,23.5096099],[120.3025632,23.5099985],[120.3029617,23.5106478],[120.3035062,23.5111176],[120.3035947,23.5113537],[120.3037702,23.5114521],[120.303864,23.5117128],[120.3040749,23.5119243],[120.3046596,23.5122711],[120.3048956,23.5125121],[120.305468,23.5127482],[120.3057298,23.5129253],[120.3061133,23.5130311],[120.3062984,23.5131836],[120.3064969,23.5132352],[120.3067383,23.5132352],[120.3072935,23.5132997],[120.3076566,23.5132782],[120.3078498,23.5132665],[120.308056,23.5131959],[120.3082668,23.5130628],[120.308704,23.5127294],[120.309177,23.5124685],[120.3098875,23.5122906],[120.3105846,23.512212],[120.3117066,23.5119954],[120.3117355,23.5117226],[120.3109273,23.5118735],[120.3097348,23.5120597],[120.3094468,23.5121351],[120.3090892,23.5122529],[120.3086846,23.5124412],[120.3084035,23.5126477],[120.3080503,23.5129061],[120.3077487,23.5130202],[120.3073397,23.5130463],[120.3068193,23.5129719],[120.3061654,23.5128515],[120.3050887,23.5123547],[120.3045963,23.5120128],[120.3040277,23.5115135],[120.3037433,23.5109921],[120.3035974,23.5107929],[120.3033373,23.5105666],[120.3028276,23.5098952],[120.3027552,23.509723],[120.3027187,23.5096123],[120.3027456,23.5093442],[120.3025122,23.5081046],[120.3025406,23.5076053],[120.3024076,23.5065772],[120.3022295,23.505795],[120.3020766,23.5053793],[120.3019838,23.5048136],[120.3021957,23.5040462],[120.3024334,23.5027991],[120.3024532,23.5024646],[120.3025058,23.5023539],[120.3024076,23.5012348],[120.3024307,23.5007231],[120.3024934,23.5004181],[120.3028046,23.4998253],[120.3028421,23.4996482],[120.30301,23.4994933],[120.3030057,23.4991046],[120.3031425,23.4984651],[120.3032176,23.4977616],[120.3037369,23.496849],[120.3037959,23.4962783],[120.303628,23.4958577],[120.3032622,23.4954494],[120.303112,23.4953485],[120.3025068,23.4952132],[120.3024199,23.4951148],[120.3017708,23.4948762],[120.3004592,23.4946304],[120.3001867,23.4944974],[120.3000301,23.4943081],[120.2999201,23.4942786],[120.2998783,23.4941924],[120.2998005,23.4938455],[120.2994266,23.4928494],[120.2991181,23.4922418],[120.2989073,23.4919416],[120.2984878,23.4909135],[120.2983628,23.4903648],[120.2982904,23.4901532],[120.2981992,23.4900499],[120.2981268,23.4897818],[120.2979364,23.488847],[120.2979659,23.4880598],[120.2980517,23.4876269],[120.2984235,23.4863011],[120.2985372,23.4860672],[120.2987759,23.4849578],[120.2988966,23.4847585],[120.2988912,23.4845789],[120.2988607,23.4844634],[120.2987614,23.4843503],[120.2987705,23.4837031],[120.2983682,23.4832062],[120.2978521,23.482798],[120.2976678,23.4826031],[120.2976242,23.4825569],[120.2976189,23.4824851],[120.2976134,23.4824117],[120.2973988,23.4824683],[120.2973506,23.482424],[120.2972835,23.4824314],[120.2972041,23.4824854],[120.2971682,23.4824339],[120.2970823,23.482424],[120.2968329,23.4825052],[120.2964531,23.4825051],[120.2958281,23.4824091],[120.2951646,23.4821411],[120.2949967,23.4821976],[120.294199,23.4819517],[120.2937763,23.4818999],[120.293059,23.4816885],[120.2927291,23.4816196],[120.2921873,23.4815925],[120.2917287,23.4815999],[120.2916938,23.4816491],[120.2913451,23.4817327],[120.2910957,23.4816885],[120.2907926,23.4817721],[120.2902481,23.4816934],[120.2899622,23.4817129],[120.2892771,23.4818533],[120.2887782,23.4820427],[120.2885663,23.4821928],[120.2884939,23.4821928],[120.2880835,23.4825224],[120.2876732,23.4830366],[120.2873309,23.4835605],[120.2869865,23.4839517],[120.285153,23.4854079],[120.2850258,23.485595],[120.284189,23.4863749],[120.2836445,23.4869554],[120.283034,23.4877277],[120.2825796,23.4884658],[120.2822819,23.4892924],[120.2822497,23.4897007],[120.2822846,23.4897844],[120.2823731,23.4898409],[120.282416,23.4900796],[120.2823195,23.4904412],[120.2823061,23.4909528],[120.2822202,23.4911275],[120.2822015,23.4912874],[120.2821371,23.4914005],[120.2819118,23.4914916],[120.2814343,23.4920942],[120.2811742,23.492264],[120.2805358,23.4924854],[120.2803679,23.4925],[120.2801442,23.4926034],[120.2791974,23.4928051],[120.2787173,23.4928642],[120.2782023,23.4928789],[120.2778976,23.4928419],[120.2771401,23.4926944],[120.2762711,23.4924583],[120.2756139,23.492264],[120.2746939,23.4918999],[120.2741264,23.4916021],[120.2739107,23.4915309],[120.2730347,23.4910905],[120.2725804,23.4907831],[120.2714898,23.4902812],[120.2713707,23.4901632],[120.269977,23.4893784],[120.2699223,23.4892801],[120.2697962,23.4892358],[120.2689943,23.4886577],[120.2676236,23.4875089],[120.2673527,23.4874007],[120.2656372,23.4859639],[120.2650997,23.4853859],[120.264928,23.4852605],[120.2639705,23.4841559],[120.2636835,23.4838902],[120.2631964,23.4835432],[120.2630102,23.4833097],[120.2627109,23.4830807],[120.2618982,23.4827019],[120.2615549,23.4824288],[120.2614556,23.4822591],[120.2612051,23.482151],[120.2610361,23.4820107],[120.2605614,23.4812383],[120.2602422,23.4805175],[120.2602422,23.4803034],[120.2603763,23.4795728],[120.2604686,23.4793857],[120.2605775,23.4793071],[120.2608521,23.4789429],[120.2610158,23.4786403],[120.2612722,23.4776883],[120.261056,23.4773536],[120.2609101,23.4773021],[120.2605694,23.4769798],[120.2601886,23.4769453],[120.2596226,23.4770413],[120.2594188,23.4770364],[120.2577853,23.4768912],[120.2567285,23.4771594],[120.2557747,23.4772134],[120.2554502,23.4771396],[120.2551943,23.4768912],[120.2548386,23.4768222],[120.2547957,23.476677],[120.2548976,23.4759021],[120.2547152,23.4751812],[120.2546122,23.4749452],[120.2546106,23.4746621],[120.2544229,23.4741037],[120.2542716,23.4738479],[120.2539632,23.4730607],[120.2536681,23.4726129],[120.2534669,23.4710924],[120.2533731,23.4710506],[120.2532883,23.4706741],[120.2531649,23.4704797],[120.2531971,23.4703838],[120.2531531,23.4702928],[120.2530753,23.4702707],[120.2529852,23.4701599],[120.2527481,23.4701403],[120.2528044,23.4700197],[120.2527615,23.4699213],[120.2526462,23.46985],[120.2524423,23.4698943],[120.2520722,23.4698377],[120.2519864,23.4698746],[120.2518308,23.4697614],[120.251466,23.469882],[120.2514231,23.4699878],[120.2513078,23.469914],[120.251172,23.4699753],[120.2511817,23.4700542],[120.2510664,23.4699902],[120.2506571,23.4701156],[120.2495858,23.4709719],[120.249103,23.4715722],[120.2490949,23.4717764],[120.2486792,23.4720938],[120.248521,23.4724087],[120.2479909,23.4731122],[120.246858,23.474276],[120.2467641,23.4744187],[120.2462287,23.474854],[120.2456574,23.4750336],[120.245128,23.475142],[120.2449536,23.4751002],[120.2445524,23.4751197],[120.2441366,23.4750287],[120.24398,23.4750805],[120.2437466,23.4752798],[120.2433497,23.4752552],[120.2429804,23.4752023],[120.2420352,23.4752023],[120.2415137,23.4752687],[120.2407967,23.4750495],[120.2403512,23.4747405],[120.2398261,23.4738769],[120.2396958,23.4733986],[120.2395944,23.4721396],[120.2393843,23.4709604],[120.2390982,23.4700204],[120.2384681,23.4689208],[120.2383124,23.4688046],[120.2378235,23.4677482],[120.2369797,23.4673695],[120.2354442,23.4668812],[120.2345244,23.4668048],[120.2337204,23.4667915],[120.2330939,23.4668181],[120.2309899,23.4669842],[120.2295703,23.4671603],[120.2285346,23.4673994],[120.2279805,23.4676486],[120.227412,23.4682764],[120.2269448,23.468768],[120.2263799,23.4696981],[120.2256809,23.4710767],[120.2253622,23.4721297],[120.2249277,23.4732325],[120.224685,23.4743054],[120.2243953,23.4755278],[120.224178,23.4770059],[120.2238195,23.4784774],[120.2232075,23.4799555],[120.2225303,23.4805467],[120.2217119,23.4811446],[120.2205639,23.4817524],[120.2178442,23.4835826],[120.2154324,23.4847982],[120.2138643,23.4855024],[120.212184,23.4860238],[120.2106992,23.4862264],[120.209218,23.4860437],[120.2075884,23.4854891],[120.205191,23.4845425],[120.2039851,23.4837985],[120.2029023,23.4832604],[120.2015041,23.4827422],[120.2007461,23.4824792],[120.1997833,23.4820987],[120.1996194,23.4820141],[120.1995645,23.4819407],[120.1984876,23.4819166],[120.1985308,23.4820535]]]}},{"type":"Feature","properties":{"name":"","name_en":"","water":"river","natural":"water","landuse":""},"geometry":{"type":"Polygon","coordinates":[[[120.3691135,23.5028119],[120.3689945,23.5028579],[120.3689528,23.5029591],[120.3687348,23.5032568],[120.3683213,23.5039607],[120.3682279,23.5042997],[120.368257,23.5049003],[120.3683003,23.5050032],[120.3682489,23.5052003],[120.3682493,23.5057214],[120.3683003,23.5060879],[120.3683884,23.5062432],[120.3683696,23.5070426],[120.3684532,23.5072587],[120.3681903,23.5080974],[120.3678711,23.5087738],[120.3678144,23.5090447],[120.3678466,23.5091701],[120.3677585,23.5093715],[120.367729,23.509615],[120.3676217,23.5097429],[120.3676535,23.5097924],[120.3674634,23.510129],[120.3671732,23.5104786],[120.3669909,23.5105967],[120.3663744,23.5112284],[120.3659212,23.5118015],[120.3658456,23.5117994],[120.3654862,23.5120601],[120.3652533,23.5123278],[120.3650494,23.5123401],[120.3649824,23.5125171],[120.3641911,23.513159],[120.3641424,23.5132973],[120.3634397,23.5137154],[120.3625469,23.5141231],[120.361876,23.5143155],[120.3614875,23.5143027],[120.3611254,23.5139805],[120.3609564,23.5139633],[120.3609725,23.5138083],[120.3609242,23.5137419],[120.3608947,23.513432],[120.3607334,23.5132456],[120.3602908,23.5131472],[120.3597704,23.5132308],[120.3596605,23.5132776],[120.3596475,23.5133878],[120.3594566,23.513494],[120.3591509,23.5136071],[120.358934,23.5136239],[120.3583033,23.5134374],[120.3565227,23.5132156],[120.355372,23.5127852],[120.3550877,23.5126327],[120.3548888,23.5125077],[120.354465,23.5120724],[120.3542236,23.5117625],[120.3540926,23.5114498],[120.3535991,23.5108349],[120.3534221,23.5107168],[120.3533309,23.5105816],[120.3525933,23.5102348],[120.352317,23.5102225],[120.352271,23.5101318],[120.3514073,23.509908],[120.351228,23.5099175],[120.3510349,23.5098634],[120.3508069,23.5097306],[120.3506107,23.5095268],[120.3503291,23.5093817],[120.3500367,23.5089512],[120.349211,23.5080728],[120.3484515,23.5069172],[120.3479396,23.5062896],[120.3476902,23.5061051],[120.3474698,23.5060046],[120.3473281,23.505992],[120.3472097,23.5058423],[120.3469418,23.5057067],[120.3457939,23.5055492],[120.3447317,23.5055689],[120.3440021,23.5056452],[120.3421863,23.5059625],[120.3419663,23.5060387],[120.3415613,23.5060412],[120.3408582,23.5061227],[120.3399708,23.5062945],[120.3381549,23.5067963],[120.3372855,23.5069344],[120.3365563,23.5071627],[120.336395,23.5071213],[120.3362586,23.5071578],[120.3361885,23.5072418],[120.3356578,23.5073325],[120.3354136,23.5075121],[120.3350297,23.5076108],[120.3347377,23.5078024],[120.3345982,23.5079303],[120.3344909,23.508127],[120.3339384,23.5082156],[120.3335468,23.5081664],[120.3333775,23.5080879],[120.3318862,23.5077436],[120.3313849,23.507581],[120.3306607,23.5072859],[120.329322,23.5063859],[120.3289655,23.5063118],[120.3282628,23.5060118],[120.3274742,23.5057855],[120.3273562,23.5058199],[120.3266857,23.5057461],[120.3265086,23.5057806],[120.3250012,23.5057461],[120.3241483,23.5058593],[120.3227482,23.5058937],[120.3215948,23.506056],[120.3211496,23.5061544],[120.3210208,23.5062627],[120.3202269,23.5064693],[120.3199319,23.5066021],[120.3197763,23.5068136],[120.3193579,23.5071235],[120.3191594,23.5071973],[120.3189824,23.5074138],[120.3184406,23.5077679],[120.3183708,23.5078319],[120.3183601,23.5079549],[120.3182152,23.5081713],[120.3176812,23.5086782],[120.3176198,23.508801],[120.3174052,23.5089928],[120.3172497,23.5092093],[120.3170726,23.509347],[120.3167293,23.5098045],[120.3164796,23.5100162],[120.3161309,23.5104934],[120.3160504,23.5107],[120.3151414,23.5109457],[120.3150527,23.5110247],[120.3149322,23.5110392],[120.3146104,23.5111867],[120.31409,23.5113048],[120.3136984,23.5114966],[120.3134946,23.5115114],[120.3131995,23.5116196],[120.3129581,23.5116442],[120.3127114,23.5115999],[120.3122635,23.5116689],[120.3120866,23.5116891],[120.3117355,23.5117226],[120.3117066,23.5119954],[120.3121076,23.5119298],[120.31229,23.5119199],[120.3123628,23.511863],[120.31269,23.5119294],[120.3127674,23.511915],[120.3128,23.5118409],[120.3130008,23.5117969],[120.3130816,23.5118654],[120.3133226,23.5118707],[120.3160051,23.5109801],[120.3166006,23.5102915],[120.3171155,23.5095487],[120.3174696,23.5091797],[120.3177939,23.5089389],[120.3181479,23.5085553],[120.318521,23.5080188],[120.3187249,23.507827],[120.3194115,23.50734],[120.3199855,23.5068087],[120.320581,23.5065529],[120.3219274,23.5061741],[120.3226838,23.5061347],[120.3231988,23.5060413],[120.3247116,23.5060462],[120.3251461,23.5060806],[120.3254811,23.5062137],[120.3266159,23.505997],[120.3273079,23.5060118],[120.3280185,23.5061055],[120.3281662,23.5061889],[120.3283325,23.506361],[120.3290031,23.5065234],[120.3302047,23.5071973],[120.33043,23.5073941],[120.3308431,23.5076351],[120.3309099,23.5076501],[120.3309128,23.5076204],[120.3312776,23.5077433],[120.3316126,23.5079108],[120.3321305,23.5079942],[120.3322861,23.5081074],[120.332549,23.508132],[120.3327206,23.5082353],[120.3331069,23.5082845],[120.3331176,23.5083533],[120.3336701,23.5084517],[120.3338579,23.5083878],[120.3341207,23.508432],[120.3342924,23.5084074],[120.334684,23.5082008],[120.3353331,23.507763],[120.3360358,23.5075072],[120.3362021,23.5074039],[120.3369478,23.5071875],[120.3371111,23.5072467],[120.3373609,23.5071678],[120.3375403,23.5071779],[120.3383157,23.5070153],[120.3387473,23.5069073],[120.3388092,23.5068579],[120.3390131,23.5068333],[120.3391339,23.5067446],[120.3396328,23.5065749],[120.3400589,23.5065826],[120.340526,23.5064224],[120.3411483,23.5064126],[120.3417835,23.5062924],[120.3422556,23.50629],[120.3424894,23.5062158],[120.3448819,23.5058542],[120.3460433,23.50581],[120.3463464,23.5058518],[120.3465901,23.5059628],[120.3468882,23.5060166],[120.3474139,23.5063683],[120.3476231,23.5065601],[120.3480576,23.507116],[120.3483741,23.5073718],[120.3485994,23.5076965],[120.348747,23.507817],[120.348819,23.5079871],[120.3490711,23.5082576],[120.3492378,23.5085131],[120.3499835,23.5093075],[120.3500103,23.5093985],[120.3502942,23.5096719],[120.3503295,23.5097847],[120.3504046,23.5098634],[120.3504498,23.5098465],[120.3504689,23.5099322],[120.3506352,23.5100724],[120.3509839,23.5102151],[120.3527274,23.5105102],[120.3529795,23.5106529],[120.3533228,23.51098],[120.3536474,23.5114031],[120.3537677,23.5114698],[120.3538508,23.5116813],[120.354039,23.5118581],[120.3541007,23.512013],[120.3541677,23.5120425],[120.354165,23.512163],[120.3542562,23.5123254],[120.3544543,23.5125299],[120.3548034,23.5127311],[120.3548651,23.5128073],[120.3557314,23.5132205],[120.3567744,23.5135432],[120.3571526,23.5136317],[120.3588558,23.5138137],[120.3592662,23.5139121],[120.3594007,23.5139043],[120.3598862,23.5136091],[120.3600069,23.5136288],[120.3602291,23.5134473],[120.3603659,23.5134227],[120.3606127,23.513494],[120.3607074,23.5135293],[120.360774,23.5135353],[120.3607472,23.5136804],[120.3608219,23.5136982],[120.3608675,23.5138334],[120.3608192,23.5139293],[120.3608572,23.5141084],[120.3607955,23.5141035],[120.360723,23.5141871],[120.3607713,23.5142363],[120.3608031,23.5144163],[120.3611093,23.5145167],[120.3611495,23.5144232],[120.3610959,23.5143593],[120.3612032,23.5142904],[120.3612993,23.5143032],[120.3612595,23.5143937],[120.3613051,23.5144552],[120.3612671,23.5145098],[120.3613131,23.5145413],[120.3614928,23.5146077],[120.3617499,23.5145983],[120.3621822,23.5144995],[120.3623297,23.5144158],[120.3624665,23.5144207],[120.362724,23.5142756],[120.3627906,23.5143302],[120.3633436,23.5140199],[120.3635152,23.5138698],[120.3636248,23.5139933],[120.364167,23.5135206],[120.3642475,23.5133853],[120.364408,23.5133071],[120.3649234,23.5128516],[120.3651514,23.5125023],[120.3652828,23.512463],[120.3655081,23.512495],[120.3657115,23.5123995],[120.3660365,23.5120425],[120.366704,23.5114821],[120.3671492,23.5108304],[120.3671894,23.5108082],[120.3674286,23.5109038],[120.3672408,23.5107488],[120.3677826,23.5102864],[120.368032,23.5099495],[120.3680213,23.5096174],[120.3679726,23.5095366],[120.3680455,23.5094625],[120.3682653,23.508555],[120.3685658,23.5076424],[120.3686083,23.5057661],[120.3684424,23.5045162],[120.3686112,23.5039489],[120.3687628,23.5036728],[120.3689427,23.5033737],[120.3689982,23.5032802],[120.3691242,23.5030956],[120.3692862,23.5030016],[120.3694757,23.5029499],[120.3697043,23.5028966],[120.3698691,23.502819],[120.3700493,23.502726],[120.3702141,23.5027439],[120.3703601,23.5028583],[120.3706746,23.5031603],[120.3711466,23.5037065],[120.3712668,23.5038658],[120.371427,23.5040826],[120.3716875,23.5043124],[120.3720473,23.5046884],[120.3724228,23.5049245],[120.3725543,23.5051163],[120.3728681,23.5063093],[120.3730688,23.5067007],[120.3730317,23.5068356],[120.3730608,23.5069344],[120.3733562,23.5075809],[120.3733857,23.507758],[120.3737582,23.5085011],[120.373839,23.5087959],[120.3740344,23.509148],[120.3741015,23.5094924],[120.3742038,23.5096961],[120.3744318,23.5099741],[120.3743701,23.5099642],[120.3743996,23.5100429],[120.3744398,23.5100085],[120.3744854,23.5100331],[120.3746839,23.5105225],[120.3748744,23.510766],[120.3751131,23.5112383],[120.3751211,23.5114055],[120.3752767,23.5115482],[120.3754349,23.5119909],[120.3756438,23.5123553],[120.3759066,23.5126799],[120.3764006,23.5130952],[120.3778332,23.5139078],[120.378132,23.5141116],[120.3783873,23.5142796],[120.3786138,23.5144663],[120.378953,23.5145885],[120.3791655,23.5147213],[120.3794479,23.514811],[120.379681,23.5148783],[120.3799959,23.5149033],[120.3804086,23.5148389],[120.3808328,23.5147572],[120.3812759,23.5146607],[120.3817142,23.5145881],[120.382003,23.5145695],[120.3823432,23.514596],[120.3827124,23.5147786],[120.3832215,23.514979],[120.3837538,23.5152147],[120.3839611,23.5153635],[120.3842229,23.515428],[120.3844494,23.5154584],[120.384846,23.5155625],[120.3850561,23.5156037],[120.3860761,23.515881],[120.3873843,23.5162591],[120.3878232,23.5163305],[120.3881608,23.5163338],[120.3884004,23.5162074],[120.3888535,23.5160606],[120.3894113,23.5159726],[120.3894701,23.5157273],[120.3892135,23.5157316],[120.3888394,23.5157396],[120.3883714,23.515849],[120.3882178,23.5159216],[120.3877779,23.5160163],[120.3871094,23.5158897],[120.3865877,23.5157956],[120.3864019,23.515688],[120.3857798,23.5155307],[120.3854385,23.5154436],[120.385203,23.5153707],[120.3848164,23.5153477],[120.3844885,23.5152609],[120.3842497,23.5151489],[120.3838162,23.5149653],[120.3830115,23.5146514],[120.3827529,23.5145356],[120.3825395,23.5144899],[120.3823326,23.5144392],[120.3821308,23.5144253],[120.3818356,23.5144086],[120.381671,23.5144124],[120.3812618,23.5144493],[120.3807124,23.514536],[120.3801662,23.5146874],[120.3799159,23.514735],[120.3797098,23.5146353],[120.3794389,23.5144017],[120.3787985,23.5141552],[120.3785196,23.5139265],[120.3784364,23.5139142],[120.3781842,23.5137444],[120.3780796,23.5137296],[120.3775968,23.5133804],[120.3772937,23.5132992],[120.3768109,23.5130238],[120.3764917,23.512918],[120.3758829,23.5124163],[120.3758158,23.512227],[120.3755181,23.5117548],[120.3754081,23.5114867],[120.3754081,23.5114178],[120.3754537,23.5114178],[120.3753008,23.5110144],[120.3751667,23.5108472],[120.3751583,23.5107639],[120.3749146,23.5103479],[120.3747881,23.5102228],[120.3745521,23.5094653],[120.374198,23.5089906],[120.3740134,23.5082843],[120.3737961,23.507881],[120.3737317,23.5078367],[120.3734367,23.5070447],[120.3733965,23.5068897],[120.3734447,23.5068282],[120.3733723,23.5067815],[120.3730317,23.505837],[120.3727608,23.5048187],[120.3726025,23.5046761],[120.3725002,23.5046592],[120.3724895,23.5046986],[120.3723044,23.5046174],[120.3721783,23.5043813],[120.3720071,23.5042973],[120.3719025,23.5041276],[120.3719588,23.5040857],[120.3717626,23.5040099],[120.3715453,23.5036458],[120.3715377,23.5037537],[120.3715051,23.5037295],[120.3708437,23.5029435],[120.370596,23.5027273],[120.370368,23.5025885],[120.3702083,23.5025542],[120.3700214,23.5025768],[120.3698597,23.5026048],[120.3696685,23.5026459],[120.3694622,23.5026984],[120.3692322,23.5027719],[120.3691135,23.5028119]]]}},{"type":"Feature","properties":{"name":"八掌溪","name_en":"","water":"river","natural":"water","landuse":""},"geometry":{"type":"Polygon","coordinates":[[[120.1500799,23.3138558],[120.1500457,23.3142195],[120.1498216,23.3146311],[120.1496902,23.3148334],[120.1496593,23.3155679],[120.1496632,23.3157418],[120.1495936,23.3159014],[120.1494391,23.3163131],[120.1494043,23.3165721],[120.1493093,23.317068],[120.1491358,23.3174908],[120.1485471,23.31817],[120.147083,23.3197016],[120.1464944,23.3202698],[120.1455284,23.3209559],[120.1447134,23.3215866],[120.1440643,23.3220786],[120.1436493,23.3223558],[120.1422682,23.323035],[120.1413324,23.3233607],[120.1408796,23.3235131],[120.1405476,23.3237072],[120.1398834,23.3241091],[120.139242,23.3241576],[120.1383515,23.3237418],[120.1372421,23.3232221],[120.1368346,23.3227993],[120.1363742,23.3227855],[120.1358912,23.3228132],[120.134646,23.3223974],[120.133959,23.3221141],[120.1335366,23.32194],[120.1322009,23.3216767],[120.1308102,23.3212934],[120.13081,23.3229896],[120.1308099,23.32427],[120.1321833,23.324406],[120.1333182,23.3245414],[120.1340699,23.3246767],[120.134748,23.3247444],[120.1352196,23.3249474],[120.1360451,23.3251775],[120.136443,23.3254076],[120.1372979,23.3254618],[120.1390667,23.3254076],[120.1397164,23.3254076],[120.1403051,23.3252205],[120.1407126,23.3251512],[120.141022,23.3249918],[120.1416711,23.3247631],[120.1423729,23.3244444],[120.1430295,23.3241394],[120.1436106,23.3238761],[120.1447048,23.3232108],[120.1461614,23.3222822],[120.1471424,23.3215337],[120.148365,23.320612],[120.1488933,23.3200299],[120.1498366,23.3191982],[120.150214,23.3187339],[120.1510441,23.3178953],[120.1512781,23.3176112],[120.151429,23.3175835],[120.1522893,23.3164954],[120.1528327,23.3156291],[120.1529987,23.3151994],[120.1536779,23.314146],[120.1539647,23.3135638],[120.1548099,23.3123301],[120.1559042,23.3109856],[120.1574492,23.3092764],[120.1591766,23.3075226],[120.160861,23.3060889],[120.162304,23.3049262],[120.1633662,23.3038324],[120.1638052,23.303336],[120.1642882,23.303084],[120.1647364,23.3029066],[120.1650702,23.3028312],[120.165799,23.302852],[120.1668021,23.303086],[120.1684409,23.3037241],[120.1711339,23.3046749],[120.1721156,23.3048966],[120.174098,23.3052488],[120.1757158,23.3053935],[120.1765773,23.3053452],[120.1775753,23.3052295],[120.1786889,23.3049111],[120.1810473,23.3039113],[120.183413,23.3029456],[120.1835607,23.3028651],[120.1838367,23.3028463],[120.1843935,23.3028173],[120.1846981,23.3027498],[120.1857784,23.3023189],[120.1869769,23.3019288],[120.1884285,23.3015275],[120.1905182,23.3010902],[120.1927979,23.3005981],[120.194857,23.3003183],[120.1961492,23.3000289],[120.197662,23.2991894],[120.1983869,23.2985912],[120.1993849,23.2973754],[120.2001308,23.2962658],[120.2012969,23.2949535],[120.2030724,23.2925122],[120.2046587,23.2908332],[120.2055517,23.2902543],[120.2063084,23.2899628],[120.2069292,23.2898597],[120.208143,23.2894898],[120.2089095,23.289549],[120.2110916,23.2909088],[120.2125076,23.2916727],[120.2141195,23.2926547],[120.2165415,23.293828],[120.2182635,23.294693],[120.2211315,23.2960342],[120.2225182,23.2968158],[120.2246088,23.297964],[120.2249765,23.2984868],[120.2248371,23.2992849],[120.2249551,23.3004378],[120.2251857,23.3015168],[120.2253896,23.3030491],[120.2257434,23.3044093],[120.2259974,23.3054358],[120.2263654,23.3071864],[120.2267922,23.3094893],[120.2276063,23.3129541],[120.2284749,23.3169132],[120.2291577,23.3201355],[120.2298091,23.3222868],[120.2307861,23.3237339],[120.231448,23.3242066],[120.2337907,23.3247758],[120.2376147,23.3251134],[120.2426364,23.3258659],[120.2464499,23.3265797],[120.2477946,23.3270331],[120.2485405,23.327612],[120.2508308,23.3284705],[120.2519338,23.3289046],[120.2528058,23.3293291],[120.2550015,23.3302069],[120.2556003,23.3306024],[120.2555807,23.3315008],[120.2554841,23.3328984],[120.2557999,23.3339305],[120.256161,23.3354974],[120.2561623,23.335571],[120.2568492,23.3372037],[120.2568059,23.3381766],[120.2572875,23.3405642],[120.2576426,23.342438],[120.2581343,23.344372],[120.2589319,23.3459069],[120.2605792,23.3491643],[120.2613394,23.350276],[120.2631979,23.3521502],[120.264817,23.3533653],[120.265887,23.3540115],[120.2671541,23.354451],[120.2688295,23.354632],[120.2700685,23.3544252],[120.2716454,23.3537013],[120.2730674,23.3534299],[120.273884,23.3532618],[120.2745879,23.3528999],[120.2749399,23.3525121],[120.2757283,23.350974],[120.2759536,23.3499657],[120.2759255,23.3492936],[120.2763337,23.3488412],[120.2771081,23.3484017],[120.2784584,23.3481459],[120.2806458,23.3481822],[120.2819091,23.3486473],[120.2822892,23.3489833],[120.2827116,23.3498365],[120.2832889,23.3504698],[120.2833874,23.3509869],[120.2837675,23.3515039],[120.2849924,23.3519046],[120.2858935,23.3524604],[120.2866115,23.3533653],[120.286865,23.3543993],[120.2868227,23.3554721],[120.2860484,23.3565967],[120.2850347,23.3580572],[120.2847249,23.3588844],[120.2843217,23.3602692],[120.2836786,23.3624141],[120.2836715,23.3632537],[120.2841957,23.3639056],[120.2874738,23.3657538],[120.2885302,23.3662775],[120.2903807,23.3674254],[120.2914311,23.3679304],[120.2925742,23.3689495],[120.2930334,23.3697375],[120.2934417,23.3707311],[120.2942322,23.3717609],[120.2953511,23.372955],[120.2972929,23.3747038],[120.2978164,23.3751891],[120.2986481,23.3756801],[120.2992854,23.3758885],[120.2999537,23.3761491],[120.3010945,23.3765585],[120.3019774,23.3768724],[120.3039658,23.3767226],[120.304501,23.3768791],[120.3050398,23.3771714],[120.3096053,23.3791465],[120.3102138,23.3791922],[120.3113528,23.3790215],[120.3121683,23.3790326],[120.3131881,23.3789494],[120.3137772,23.3789565],[120.3146489,23.3792202],[120.315974,23.3804115],[120.3169542,23.3812862],[120.3179526,23.3817944],[120.3190145,23.3820027],[120.3195681,23.3823192],[120.3200764,23.3827191],[120.3203295,23.3830585],[120.3207389,23.3839604],[120.321252,23.3849988],[120.3228068,23.385806],[120.3242902,23.3868292],[120.3244686,23.3871843],[120.326117,23.3882821],[120.3268114,23.3887577],[120.3274233,23.3892577],[120.3285463,23.3898804],[120.3304954,23.3907796],[120.3326176,23.3916246],[120.3333491,23.391732],[120.3339328,23.3916849],[120.3345517,23.3920252],[120.335249,23.392021],[120.3362888,23.3922982],[120.3380804,23.3933284],[120.3398774,23.3941973],[120.3403206,23.3951468],[120.34031,23.3955391],[120.3404867,23.3959633],[120.340763,23.3963934],[120.3410858,23.3968861],[120.3417328,23.3975117],[120.3424435,23.3980708],[120.3439294,23.3992102],[120.3453278,23.4000962],[120.3462341,23.4005075],[120.3468318,23.400393],[120.3482445,23.3997316],[120.348673,23.3995497],[120.3490452,23.3994639],[120.3498666,23.399199],[120.3503915,23.3993143],[120.3515238,23.3996724],[120.3524833,23.3999899],[120.3533163,23.400379],[120.3537555,23.4003968],[120.354236,23.4007368],[120.3548166,23.4009422],[120.3560243,23.4013275],[120.358061,23.4021231],[120.3604625,23.4025546],[120.3620048,23.4029059],[120.3634558,23.4031575],[120.3648039,23.4032781],[120.3659578,23.4033043],[120.3669175,23.4030474],[120.3683056,23.402864],[120.3703106,23.4031995],[120.3720072,23.4033463],[120.3732011,23.4034406],[120.3740579,23.4034616],[120.3751718,23.4036241],[120.3757831,23.4038705],[120.3762743,23.403881],[120.3771781,23.4040232],[120.3772531,23.4034171],[120.3768223,23.4032912],[120.3764466,23.4033913],[120.375659,23.4033468],[120.3752833,23.4032059],[120.3747582,23.4029464],[120.3738938,23.4030428],[120.3733485,23.4030576],[120.3719227,23.4029353],[120.3702827,23.402787],[120.3695193,23.4024868],[120.3684812,23.4024237],[120.3683754,23.4024202],[120.368372,23.4024176],[120.3669302,23.4025238],[120.3664927,23.4023405],[120.3654079,23.4021705],[120.3644754,23.4020237],[120.3637337,23.4018994],[120.3623343,23.4017883],[120.361497,23.4015974],[120.3606398,23.4017889],[120.3601781,23.4018767],[120.3593848,23.401838],[120.3582417,23.4014711],[120.3579064,23.4012449],[120.3570946,23.4010114],[120.3562059,23.4007371],[120.3557576,23.4004034],[120.3544892,23.3999623],[120.3534758,23.3999412],[120.3529991,23.3998289],[120.3521808,23.3996576],[120.3513801,23.3993911],[120.3501396,23.399018],[120.3497503,23.3990238],[120.3486444,23.3992927],[120.347737,23.3996306],[120.3471784,23.39985],[120.3469131,23.3999775],[120.3465682,23.3999845],[120.3461644,23.4001202],[120.3441257,23.3989451],[120.3432522,23.3982548],[120.3421213,23.3974418],[120.3414593,23.3967984],[120.3409221,23.3959196],[120.3407493,23.3951739],[120.3406363,23.394804],[120.3402189,23.3940806],[120.3393715,23.3934873],[120.337965,23.3927283],[120.3373971,23.3923714],[120.33539,23.3913132],[120.3339249,23.3909381],[120.332316,23.3909407],[120.3313533,23.3906524],[120.3300884,23.3897804],[120.3289102,23.3893256],[120.3283168,23.3885934],[120.3270336,23.3882237],[120.3262523,23.3873952],[120.3252757,23.3865163],[120.3242689,23.3859389],[120.3236586,23.3853559],[120.3214872,23.3844149],[120.3212472,23.3833855],[120.320748,23.3824775],[120.3203033,23.3821276],[120.3197315,23.3817527],[120.3181976,23.3813195],[120.3168181,23.3805614],[120.3159014,23.3794034],[120.3150573,23.378787],[120.3140778,23.3783026],[120.3136142,23.3780788],[120.3124253,23.3777373],[120.3115157,23.3776748],[120.3114541,23.3776706],[120.3103741,23.3780039],[120.3091065,23.3777595],[120.3081411,23.3770702],[120.3077267,23.3764074],[120.3070221,23.3758915],[120.3059605,23.3757465],[120.304578,23.3758577],[120.3029233,23.3756989],[120.302284,23.3754733],[120.3014251,23.375213],[120.3008169,23.3751217],[120.3002882,23.3750417],[120.2997238,23.3748179],[120.2994243,23.3744438],[120.2993095,23.3740944],[120.29849,23.3734406],[120.2975835,23.3730343],[120.2962377,23.3721208],[120.2953991,23.3716788],[120.2948978,23.371016],[120.2943083,23.3698009],[120.2936363,23.3682756],[120.2931459,23.3681337],[120.2927029,23.3679148],[120.2917299,23.3670525],[120.2904946,23.3664908],[120.2896519,23.3664546],[120.2888216,23.3660366],[120.2880663,23.3653886],[120.2877029,23.3649877],[120.2872758,23.3646286],[120.2866992,23.3641478],[120.2860476,23.3635922],[120.2852142,23.3629615],[120.2843052,23.3625949],[120.2843431,23.362178],[120.2844003,23.361627],[120.2848647,23.3603283],[120.2854007,23.3591042],[120.2854332,23.3590337],[120.2860202,23.3577599],[120.2870058,23.3561572],[120.2873718,23.3558341],[120.2875322,23.3553924],[120.2876534,23.3550585],[120.2872592,23.3532231],[120.2865704,23.3523763],[120.2864285,23.3522019],[120.2855125,23.3516996],[120.2854573,23.3517011],[120.2843307,23.3510515],[120.2834156,23.3499657],[120.2823301,23.3484285],[120.2807313,23.3477524],[120.2793732,23.3476805],[120.2775931,23.3476713],[120.276846,23.3477332],[120.2760381,23.3482983],[120.2753341,23.3495779],[120.2750835,23.3506072],[120.2750666,23.3506767],[120.2749275,23.3519268],[120.2743456,23.3525673],[120.2738369,23.3528873],[120.2726857,23.3530097],[120.2716073,23.3534176],[120.2699559,23.3538306],[120.2681397,23.3540503],[120.2668089,23.3539087],[120.2651126,23.353007],[120.2636484,23.3518012],[120.2621279,23.3501079],[120.2618423,23.3497813],[120.2613254,23.3491902],[120.2604806,23.3477295],[120.2597626,23.346411],[120.2593261,23.3449374],[120.258777,23.3428691],[120.2585799,23.3411628],[120.2581294,23.339534],[120.2576298,23.3369563],[120.2569603,23.3353949],[120.2566193,23.3347022],[120.2565878,23.3342488],[120.2560666,23.3336283],[120.2559363,23.3326927],[120.2558962,23.3311806],[120.2557435,23.330164],[120.2550622,23.3296452],[120.254119,23.3291072],[120.253068,23.3286726],[120.252112,23.3282289],[120.2510404,23.3276501],[120.2500529,23.327187],[120.249349,23.3270616],[120.2488448,23.3266564],[120.2477522,23.3263381],[120.246355,23.3260873],[120.2453027,23.3257843],[120.2438756,23.3253734],[120.2423943,23.3250454],[120.2411862,23.3249875],[120.2397995,23.3246885],[120.2366268,23.3243122],[120.2351245,23.324235],[120.2329393,23.3240228],[120.2316051,23.323579],[120.2310693,23.322923],[120.2307016,23.3222574],[120.2301764,23.3198552],[120.2298297,23.3187458],[120.2289052,23.3157357],[120.2286546,23.3145936],[120.228046,23.3115601],[120.2275444,23.3087855],[120.2272453,23.3075253],[120.2269646,23.3059804],[120.2267301,23.3050298],[120.2263276,23.3032689],[120.2260112,23.3005876],[120.2260029,23.2992471],[120.22585,23.298531],[120.2254112,23.2977494],[120.224745,23.2971819],[120.2225388,23.2959179],[120.2214726,23.2954589],[120.2206163,23.2950206],[120.2193431,23.2944393],[120.2183142,23.2938838],[120.2171944,23.293272],[120.215568,23.2925039],[120.2138065,23.2914554],[120.2123953,23.2905233],[120.2108975,23.2896151],[120.2098661,23.2890965],[120.2086133,23.2889692],[120.2076104,23.2890283],[120.2062446,23.2891827],[120.2050575,23.2897906],[120.20368,23.2909216],[120.203156,23.2914986],[120.2019689,23.2927819],[120.2014201,23.2933241],[120.2000043,23.2948469],[120.1978717,23.29751],[120.1964744,23.2988898],[120.1952243,23.2994591],[120.1939531,23.2996135],[120.1930181,23.2996328],[120.1924718,23.2997582],[120.1914738,23.2997679],[120.1904243,23.2999254],[120.1888257,23.3001619],[120.1866692,23.300694],[120.185414,23.3010783],[120.184105,23.3016942],[120.182502,23.3024116],[120.1806215,23.3031353],[120.1799912,23.3033958],[120.1791926,23.3036696],[120.1777088,23.3041496],[120.1767975,23.3044089],[120.1757995,23.3045825],[120.1748329,23.3045343],[120.1736878,23.3042738],[120.1723413,23.3038646],[120.1714505,23.3034105],[120.1699263,23.3026186],[120.1686351,23.3020257],[120.1677974,23.301778],[120.1673397,23.3018343],[120.1668616,23.3017442],[120.1659613,23.3017674],[120.1655169,23.3017781],[120.1650146,23.3018029],[120.1648794,23.3018668],[120.1642959,23.3021081],[120.1635309,23.3024807],[120.1631522,23.3026014],[120.1629629,23.3026901],[120.1629126,23.3027362],[120.1624451,23.3030201],[120.1619003,23.3033821],[120.1613284,23.3037654],[120.1608222,23.3042054],[120.1601692,23.304688],[120.1596901,23.3051529],[120.1591376,23.3056284],[120.1586314,23.3061253],[120.1579166,23.3067285],[120.15746,23.3070644],[120.155856,23.3085227],[120.1543432,23.3099859],[120.1532865,23.3111584],[120.1527017,23.3119072],[120.1521116,23.312454],[120.1510549,23.3130157],[120.1504995,23.3134576],[120.1500799,23.3138558]]]}},{"type":"Feature","properties":{"name":"八掌溪","name_en":"","water":"river","natural":"water","landuse":""},"geometry":{"type":"Polygon","coordinates":[[[120.3771781,23.4040232],[120.3778126,23.4039715],[120.378801,23.40408],[120.3792844,23.4041391],[120.3802459,23.4040307],[120.3808315,23.4039715],[120.3814653,23.4039173],[120.382024,23.4039863],[120.383109,23.4041244],[120.3837805,23.4042328],[120.3846077,23.4043511],[120.3851825,23.4045335],[120.385623,23.4046617],[120.3859184,23.4046666],[120.3860098,23.404646],[120.3863651,23.4048329],[120.3868378,23.4046454],[120.3874261,23.4044672],[120.388008,23.4045187],[120.3885376,23.4044851],[120.3890973,23.4044945],[120.3894752,23.4045567],[120.3898292,23.4045766],[120.3903709,23.4047089],[120.3907289,23.4047171],[120.3910604,23.4047321],[120.3913975,23.4048392],[120.3917699,23.4051748],[120.3933633,23.4061631],[120.3937021,23.4064955],[120.3943978,23.4070824],[120.395111,23.4072783],[120.3960527,23.4074824],[120.3967692,23.4077477],[120.3973118,23.4081026],[120.3976717,23.4082357],[120.3986117,23.4085512],[120.3991757,23.40863],[120.3995517,23.4087139],[120.4004166,23.4090047],[120.4005885,23.4091624],[120.4008678,23.4093005],[120.401217,23.4093103],[120.4014909,23.409266],[120.4018823,23.4093648],[120.4028415,23.4096742],[120.4034086,23.4098427],[120.4041499,23.4101976],[120.4049234,23.4105674],[120.405192,23.4107451],[120.4057622,23.4110766],[120.406018,23.4112989],[120.4061589,23.4116124],[120.4064006,23.4120856],[120.4068948,23.4125884],[120.4071419,23.4132292],[120.4072816,23.4137123],[120.4073084,23.414151],[120.4079154,23.4141708],[120.4078993,23.413737],[120.4079369,23.4133623],[120.4077973,23.4128004],[120.4076146,23.4123863],[120.4073246,23.4118244],[120.4067928,23.4113807],[120.4063845,23.4108779],[120.4060407,23.4108089],[120.4054552,23.4103652],[120.4049825,23.4100251],[120.4043916,23.4097491],[120.4039189,23.4095864],[120.402619,23.4091131],[120.4025739,23.409147],[120.4024952,23.4091733],[120.4024088,23.4091741],[120.4023102,23.4091648],[120.4022164,23.4091343],[120.4019045,23.408985],[120.4011686,23.4088026],[120.400481,23.408635],[120.399917,23.4083885],[120.3992885,23.4082012],[120.3990311,23.4080654],[120.3986483,23.4079779],[120.3983858,23.4079199],[120.3968789,23.4074638],[120.3966994,23.4071808],[120.3964039,23.4071462],[120.3961461,23.4068258],[120.3958668,23.4065054],[120.3957379,23.4061258],[120.3955337,23.4057166],[120.3952813,23.4055293],[120.3948999,23.4053026],[120.3946796,23.4051793],[120.3943358,23.4049772],[120.3939491,23.404849],[120.3929714,23.4045927],[120.3923537,23.4044842],[120.390075,23.4039923],[120.3898547,23.4039483],[120.3895061,23.4039201],[120.3892487,23.4039507],[120.3889682,23.4040154],[120.3883147,23.4040249],[120.3876589,23.4040455],[120.3871324,23.4041145],[120.3866436,23.40408],[120.3863213,23.404149],[120.3861655,23.4041983],[120.3859747,23.4041504],[120.3855961,23.4040553],[120.3850751,23.4038976],[120.3847205,23.4038581],[120.3841297,23.4037793],[120.3836838,23.4037349],[120.3830338,23.4035772],[120.3823516,23.4034391],[120.3818574,23.4034243],[120.3811752,23.4035476],[120.3807025,23.4035328],[120.3799451,23.4035328],[120.3790964,23.4035919],[120.3785754,23.4035919],[120.3780382,23.4036117],[120.3777374,23.4035772],[120.3772531,23.4034171],[120.3771781,23.4040232]]]}},{"type":"Feature","properties":{"name":"","name_en":"","water":"river","natural":"water","landuse":""},"geometry":{"type":"Polygon","coordinates":[[[120.3901744,23.5152391],[120.3899038,23.5152342],[120.3899073,23.5153896],[120.3898581,23.5155415],[120.3898167,23.5156095],[120.389708,23.5156825],[120.3894701,23.5157273],[120.3894113,23.5159726],[120.3899202,23.5159044],[120.3901569,23.5158169],[120.3902179,23.5157655],[120.3902494,23.5156369],[120.3902576,23.5154616],[120.3901744,23.5152391]]]}},{"type":"Feature","properties":{"name":"","name_en":"","water":"river","natural":"water","landuse":""},"geometry":{"type":"Polygon","coordinates":[[[120.3886149,23.5046418],[120.388787,23.5047656],[120.3887226,23.5047853],[120.3885521,23.504835],[120.3884834,23.5048997],[120.3884234,23.5049581],[120.3883064,23.5049905],[120.3881025,23.5050618],[120.387973,23.5051352],[120.3879314,23.505167],[120.387831,23.5052394],[120.3876281,23.5054084],[120.3875133,23.5056653],[120.38736,23.5058601],[120.387204,23.5060626],[120.3869631,23.5066707],[120.3868585,23.5073802],[120.3868665,23.5079054],[120.3869121,23.508091],[120.387411,23.5088387],[120.3874378,23.5089803],[120.3877651,23.5094684],[120.3881996,23.5103527],[120.3886341,23.511093],[120.388913,23.5114447],[120.389015,23.511853],[120.389428,23.5126264],[120.3893919,23.512881],[120.3894468,23.5132561],[120.3895299,23.5134085],[120.3894897,23.5134345],[120.3895139,23.5135476],[120.3901415,23.5147194],[120.3901744,23.5152391],[120.3899038,23.5152342],[120.3898368,23.5149913],[120.3896989,23.5145667],[120.3894978,23.5141059],[120.3894736,23.5139633],[120.3895165,23.5139447],[120.3892564,23.5135476],[120.3888513,23.511891],[120.388618,23.511521],[120.3884678,23.5111556],[120.3882452,23.5108938],[120.38758,23.5098201],[120.3870918,23.5087491],[120.3867565,23.5082867],[120.3866385,23.5079041],[120.3866063,23.5074455],[120.3867056,23.5070678],[120.3866949,23.5067838],[120.3868343,23.5064775],[120.3869443,23.5060249],[120.3872286,23.5055994],[120.3872663,23.505687],[120.3873136,23.5057178],[120.3873837,23.5056181],[120.3874875,23.5054801],[120.3875327,23.5053716],[120.3876433,23.5052658],[120.3878475,23.5051114],[120.3880438,23.5050057],[120.3883198,23.5048583],[120.388513,23.5047357],[120.3886149,23.5046418]]]}},{"type":"Feature","properties":{"name":"","name_en":"","water":"river","natural":"water","landuse":""},"geometry":{"type":"Polygon","coordinates":[[[120.3988118,23.5100817],[120.3993819,23.5104634],[120.4006265,23.5108102],[120.4010476,23.5107906],[120.4016913,23.5109135],[120.4019005,23.5110193],[120.402048,23.511039],[120.4032202,23.5110906],[120.4035635,23.5111915],[120.4038285,23.5113233],[120.4040892,23.5113735],[120.4047597,23.5114153],[120.4050038,23.511371],[120.4051031,23.5114079],[120.4058702,23.5114054],[120.4060043,23.5113513],[120.4064039,23.510916],[120.4064334,23.5105987],[120.406522,23.5104364],[120.4065515,23.5102618],[120.4065139,23.5096911],[120.4064683,23.5096616],[120.4063476,23.5091377],[120.4062779,23.5085597],[120.4062725,23.5077628],[120.4062135,23.5074062],[120.4061121,23.5073195],[120.4060908,23.5071684],[120.4060132,23.5069386],[120.4059744,23.5067632],[120.4059167,23.5063328],[120.4063557,23.5063707],[120.4064147,23.5069905],[120.4065595,23.5077923],[120.4065836,23.5081293],[120.4065461,23.5083408],[120.4067955,23.5099076],[120.4067258,23.5099961],[120.406758,23.5100158],[120.4067285,23.5104782],[120.4066024,23.5108963],[120.4062457,23.5114571],[120.4061169,23.5115579],[120.4060552,23.5115875],[120.4058997,23.5115506],[120.4055215,23.5115801],[120.4052157,23.5116391],[120.4049153,23.511612],[120.4048483,23.5116514],[120.4044271,23.511644],[120.4038344,23.5115776],[120.4034964,23.5114374],[120.402783,23.5114374],[120.4024477,23.5113956],[120.4021548,23.5113331],[120.4021467,23.5112544],[120.4020092,23.5111932],[120.4017181,23.5110636],[120.4013963,23.510975],[120.4006399,23.5109824],[120.4001512,23.5109298],[120.3998996,23.5108127],[120.3993846,23.5106848],[120.3990654,23.5105397],[120.3988642,23.5104118],[120.3987328,23.5102445],[120.3986698,23.510209],[120.3984614,23.510096],[120.3978531,23.50976],[120.3975419,23.5096788],[120.3974448,23.5095746],[120.397241,23.5094909],[120.3971289,23.5093493],[120.3969218,23.509336],[120.3968762,23.5092696],[120.3964261,23.5090984],[120.3957878,23.5086581],[120.3955579,23.5084843],[120.3951929,23.5082939],[120.3949122,23.5081114],[120.3946099,23.5079158],[120.3942118,23.5075449],[120.3940154,23.507183],[120.3939319,23.5067897],[120.3938951,23.5063753],[120.3939264,23.5059523],[120.3939354,23.5055715],[120.3939185,23.5052471],[120.3936406,23.5050167],[120.3933818,23.5050277],[120.3931458,23.5049564],[120.3928349,23.504984],[120.3926354,23.5049394],[120.392575,23.5048927],[120.3924969,23.5048923],[120.3922648,23.5049107],[120.391933,23.5048541],[120.3917848,23.5048191],[120.3917436,23.5046931],[120.3910617,23.5045382],[120.390337,23.5045963],[120.3900746,23.5045407],[120.3896965,23.5045456],[120.388787,23.5047656],[120.3886149,23.5046418],[120.3892269,23.504425],[120.3892778,23.504372],[120.3898384,23.5043242],[120.3903614,23.5043597],[120.390595,23.5043095],[120.3916411,23.5044792],[120.3921131,23.5046293],[120.3926469,23.5046588],[120.3928228,23.5046912],[120.3930675,23.5046996],[120.3933335,23.5047252],[120.3937058,23.5048693],[120.3939608,23.5050853],[120.3940634,23.5052236],[120.3941337,23.5054393],[120.3941245,23.5056359],[120.3941104,23.5059443],[120.3940858,23.5062724],[120.3940733,23.5066029],[120.3941275,23.5069347],[120.3941906,23.5071761],[120.3944195,23.5074811],[120.3947794,23.5077806],[120.3951065,23.5079992],[120.3954055,23.5081813],[120.3957499,23.508386],[120.3959377,23.5085163],[120.3961551,23.5086088],[120.3963773,23.5087088],[120.3970023,23.5090384],[120.3971932,23.509246],[120.3973649,23.5092435],[120.3978048,23.5094944],[120.3980649,23.5095903],[120.3986518,23.5099263],[120.3987127,23.5100011],[120.3988118,23.5100817]]]}},{"type":"Feature","properties":{"name":"","name_en":"","water":"river","natural":"water","landuse":""},"geometry":{"type":"Polygon","coordinates":[[[120.5208794,23.452957],[120.5204288,23.4528881],[120.5198923,23.4530899],[120.5192647,23.4530161],[120.518503,23.4531834],[120.5177519,23.4530653],[120.5172477,23.4531637],[120.516266,23.452834],[120.5154452,23.452957],[120.5140612,23.4529176],[120.5125485,23.4526371],[120.5111644,23.4523566],[120.5101023,23.4521598],[120.5090616,23.4520663],[120.5082462,23.4519777],[120.5073105,23.4521942],[120.5067151,23.4524649],[120.5056583,23.4523615],[120.5048571,23.4523418],[120.5041382,23.4524403],[120.503237,23.4521302],[120.5031225,23.4518465],[120.5020827,23.4517565],[120.5016813,23.4518743],[120.5014873,23.4522703],[120.5012361,23.4523665],[120.4996672,23.4522237],[120.4986694,23.452332],[120.4969319,23.4524993],[120.496476,23.4530308],[120.4958231,23.4531732],[120.4943659,23.4523566],[120.4936202,23.4522828],[120.4917813,23.4524403],[120.489802,23.4548992],[120.4873312,23.4567561],[120.4847252,23.4579243],[120.4828452,23.4589859],[120.481671,23.4595026],[120.4800509,23.4602358],[120.4776502,23.460787],[120.476057,23.4615433],[120.4722609,23.4622076],[120.4703941,23.4621338],[120.4675705,23.4620059],[120.4668034,23.4623848],[120.462594,23.4620416],[120.4607058,23.4613133],[120.4569721,23.4583607],[120.4555774,23.456845],[120.4540194,23.4561103],[120.4528457,23.4556374],[120.4513577,23.4545838],[120.4505563,23.4530655],[120.4507065,23.4509986],[120.4507494,23.4500537],[120.4515034,23.4476435],[120.450325,23.4462949],[120.4488826,23.4446598],[120.4443402,23.4424943],[120.440918,23.4410908],[120.434498,23.4406634],[120.4320304,23.4400728],[120.4310648,23.4393444],[120.4302923,23.4376906],[120.4291553,23.4314746],[120.431042,23.4316273],[120.4315533,23.4348675],[120.4320233,23.4377733],[120.4336763,23.4388655],[120.4363877,23.4393837],[120.4391558,23.4396003],[120.4422628,23.4401939],[120.4434986,23.4409059],[120.4441983,23.4411162],[120.4460437,23.4418643],[120.4473741,23.4421202],[120.4490907,23.4431439],[120.4513223,23.4445416],[120.451966,23.4458606],[120.4525243,23.4469453],[120.4526741,23.4479867],[120.4520948,23.4505064],[120.4521377,23.4526521],[120.4531891,23.4542466],[120.4549915,23.4553096],[120.4576738,23.4570221],[120.4595191,23.459219],[120.4614289,23.460774],[120.4634843,23.4606246],[120.4669006,23.4610719],[120.470248,23.4613278],[120.4726298,23.4607373],[120.4751831,23.4593397],[120.4775649,23.4587492],[120.4810196,23.4579618],[120.4847966,23.4558162],[120.4876719,23.453395],[120.4897533,23.452706],[120.4917274,23.4515249],[120.4933582,23.4512887],[120.4952933,23.4515091],[120.4969932,23.4518261],[120.4982821,23.4515433],[120.4989919,23.451569],[120.5007946,23.4513548],[120.5026253,23.4512606],[120.5042691,23.4517576],[120.505007,23.4516119],[120.5067923,23.451689],[120.5079224,23.4514405],[120.5090992,23.4516119],[120.5116332,23.451749],[120.5136973,23.4523402],[120.515556,23.4524687],[120.5171653,23.4521174],[120.5184916,23.452246],[120.5209137,23.4526144],[120.5208794,23.452957]]]}},{"type":"Feature","properties":{"name":"","name_en":"","water":"river","natural":"water","landuse":""},"geometry":{"type":"Polygon","coordinates":[[[120.4291553,23.4314746],[120.431042,23.4316273],[120.4313079,23.4313724],[120.4338169,23.4316561],[120.4354607,23.432513],[120.4371045,23.4329244],[120.4379078,23.432753],[120.4405652,23.4304906],[120.4415926,23.4307819],[120.4423585,23.4328558],[120.4437221,23.4344841],[120.4443572,23.434604],[120.4450857,23.4344155],[120.4459263,23.4338671],[120.4467856,23.4331129],[120.4467669,23.4319303],[120.4465054,23.4307819],[120.4473273,23.4297536],[120.4484481,23.4293079],[120.4515864,23.4291365],[120.4536225,23.4282624],[120.4543884,23.427971],[120.4548554,23.4276625],[120.4562937,23.4269083],[120.4579577,23.4262913],[120.458685,23.4262621],[120.4594521,23.4268912],[120.4605355,23.4281596],[120.4617124,23.4298907],[120.4625343,23.4310733],[120.4631881,23.4305848],[120.4621607,23.4288623],[120.460274,23.4267198],[120.45934,23.4257257],[120.4564955,23.4259788],[120.4557292,23.4263013],[120.4550188,23.4268728],[120.4533624,23.427851],[120.4515878,23.4284167],[120.448954,23.4288452],[120.4468431,23.4292737],[120.445685,23.4301992],[120.4457036,23.4321017],[120.4456906,23.432891],[120.4445828,23.4337471],[120.4436783,23.4335315],[120.4429764,23.4326502],[120.4423412,23.4308505],[120.4420424,23.4298221],[120.4409402,23.4295822],[120.4391656,23.4308505],[120.4382807,23.4318965],[120.4372831,23.4324552],[120.4360802,23.4322005],[120.4348719,23.4312961],[120.4309492,23.4302227],[120.4285864,23.4301478],[120.428785,23.4306907],[120.4291553,23.4314746]]]}},{"type":"Feature","properties":{"name":"","name_en":"","water":"river","natural":"water","landuse":""},"geometry":{"type":"Polygon","coordinates":[[[120.4291553,23.4314746],[120.426867,23.4308765],[120.425311,23.4303872],[120.4232835,23.4284548],[120.4221463,23.4272341],[120.4215012,23.42649],[120.4205162,23.4256378],[120.4176467,23.4251916],[120.4157163,23.4245515],[120.4135677,23.4241464],[120.4122908,23.4241956],[120.4108577,23.4236178],[120.4088437,23.4232809],[120.4069621,23.4239232],[120.4060316,23.4232175],[120.4052452,23.4213273],[120.4060177,23.4191418],[120.4070047,23.4161882],[120.4073084,23.414151],[120.4079154,23.4141708],[120.4081205,23.4153809],[120.4078871,23.417321],[120.407112,23.4197128],[120.4067258,23.4212092],[120.4070498,23.4222798],[120.4088715,23.4220755],[120.4102234,23.4216227],[120.411146,23.4217014],[120.4119311,23.4221096],[120.4126154,23.4227443],[120.4145793,23.4226859],[120.4157596,23.4227624],[120.4165954,23.4230493],[120.4180383,23.4229276],[120.4191494,23.4227276],[120.4215943,23.4243995],[120.421953,23.4253076],[120.4225942,23.4259755],[120.4237932,23.4271306],[120.4257329,23.4287393],[120.4276995,23.4298028],[120.4285864,23.4301478],[120.428785,23.4306907],[120.4291553,23.4314746]]]}},{"type":"Feature","properties":{"name":"","name_en":"","water":"river","natural":"water","landuse":""},"geometry":{"type":"Polygon","coordinates":[[[120.4059167,23.5063328],[120.4058027,23.5055122],[120.4058768,23.5042868],[120.4058202,23.5033521],[120.4058768,23.5027549],[120.4059193,23.5021058],[120.4062166,23.5009857],[120.4064997,23.5004275],[120.4066733,23.5002717],[120.4066938,23.4999354],[120.4068593,23.49972],[120.4069237,23.4995501],[120.4069379,23.4993113],[120.4070235,23.4991811],[120.4072076,23.4990123],[120.4074199,23.4985709],[120.4077597,23.4984022],[120.4082127,23.4983243],[120.4087082,23.4987137],[120.4089489,23.4988436],[120.4092745,23.4988566],[120.4093657,23.4992344],[120.4082718,23.4987873],[120.4078198,23.4986867],[120.407538,23.4988925],[120.4070159,23.4997746],[120.4066304,23.5008779],[120.4064115,23.5016739],[120.4063379,23.5023879],[120.4063307,23.5036739],[120.4063515,23.5049084],[120.4063353,23.5055319],[120.4063557,23.5063707],[120.4059167,23.5063328]]]}},{"type":"Feature","properties":{"name":"","name_en":"","water":"river","natural":"water","landuse":""},"geometry":{"type":"Polygon","coordinates":[[[120.4093657,23.4992344],[120.4103881,23.5001953],[120.4113468,23.5010993],[120.412068,23.5016493],[120.4126192,23.5020781],[120.4136694,23.502703],[120.4148722,23.5036418],[120.4158933,23.5044788],[120.4168034,23.5049996],[120.4171896,23.5053144],[120.4177516,23.5055599],[120.4186458,23.5059384],[120.4193384,23.5062541],[120.4201287,23.5064391],[120.4217601,23.5066328],[120.423584,23.5065541],[120.4247427,23.5066918],[120.4246775,23.5058961],[120.4240874,23.5057879],[120.4233793,23.5058862],[120.4223815,23.506083],[120.4215339,23.5061519],[120.4207615,23.5061814],[120.4200212,23.5060633],[120.4196028,23.5059945],[120.4175643,23.5049122],[120.414866,23.50322],[120.4138897,23.5025313],[120.4126344,23.5017737],[120.4092745,23.4988566],[120.4093657,23.4992344]]]}},{"type":"Feature","properties":{"name":"","name_en":"","water":"river","natural":"water","landuse":""},"geometry":{"type":"Polygon","coordinates":[[[120.4247427,23.5066918],[120.4253227,23.5072036],[120.4255373,23.507853],[120.4258592,23.5084531],[120.4263849,23.5089549],[120.4272968,23.5093976],[120.427962,23.5094566],[120.4290134,23.50925],[120.429625,23.5087975],[120.4300434,23.5087975],[120.4308695,23.5086892],[120.4319317,23.5088466],[120.4331118,23.5091221],[120.4333908,23.5094468],[120.4335625,23.5097321],[120.4336376,23.5104404],[120.4335946,23.5108438],[120.4335195,23.511083],[120.4333908,23.5122538],[120.4331655,23.5130211],[120.4333072,23.5133863],[120.4333908,23.5136016],[120.4335517,23.5138082],[120.4339058,23.5139852],[120.4341955,23.5140639],[120.4349787,23.5140148],[120.434925,23.5136016],[120.4342491,23.5136508],[120.4338951,23.5134638],[120.4335946,23.5130801],[120.4336054,23.512667],[120.4338736,23.5119783],[120.4339165,23.5115061],[120.4342598,23.5100303],[120.4340989,23.5094597],[120.4340023,23.508958],[120.4334981,23.508771],[120.4328865,23.5083775],[120.4324145,23.5082496],[120.4317171,23.5083677],[120.4314811,23.5081906],[120.4311377,23.5083283],[120.429861,23.5084759],[120.4286379,23.5086136],[120.4278762,23.5086431],[120.4270608,23.5084515],[120.426578,23.5078317],[120.4261703,23.507143],[120.4257197,23.5063658],[120.4249687,23.5060116],[120.4246775,23.5058961],[120.4247427,23.5066918]]]}},{"type":"Feature","properties":{"name":"","name_en":"","water":"river","natural":"water","landuse":""},"geometry":{"type":"Polygon","coordinates":[[[120.4349787,23.5140148],[120.4358262,23.513833],[120.4365022,23.5134886],[120.4374034,23.5129082],[120.43809,23.5126524],[120.4389376,23.5122687],[120.4396243,23.5123966],[120.4403538,23.5123474],[120.4413087,23.5127606],[120.4415876,23.513105],[120.4423923,23.513528],[120.4435832,23.5140888],[120.4440445,23.5140986],[120.4443128,23.5134296],[120.4428536,23.5130263],[120.4421563,23.5127213],[120.4417378,23.5125048],[120.4410619,23.5122392],[120.4406435,23.5120621],[120.439753,23.5117867],[120.4390664,23.5119047],[120.438605,23.5119933],[120.4383368,23.5120326],[120.4377252,23.5123474],[120.4370386,23.5127901],[120.4365558,23.5131148],[120.4359764,23.5133706],[120.434925,23.5136016],[120.4349787,23.5140148]]]}},{"type":"Feature","properties":{"name":"","name_en":"","water":"river","natural":"water","landuse":""},"geometry":{"type":"Polygon","coordinates":[[[120.4440445,23.5140986],[120.4455895,23.5143642],[120.4472846,23.514502],[120.4488511,23.5148561],[120.4501492,23.5150922],[120.4512972,23.515348],[120.4526342,23.5157612],[120.4541577,23.5160367],[120.4548765,23.5161154],[120.4562679,23.5160071],[120.4570833,23.5150529],[120.4576198,23.5137149],[120.4578236,23.5126131],[120.4586175,23.5095766],[120.4577378,23.5097045],[120.4572335,23.5110523],[120.456976,23.5124494],[120.4566864,23.5133741],[120.4562465,23.5150515],[120.4559353,23.5152877],[120.4553667,23.5156025],[120.4549912,23.5155828],[120.4540256,23.5155041],[120.4535857,23.515327],[120.4524807,23.5152975],[120.4520622,23.5151204],[120.452191,23.514963],[120.4515258,23.514963],[120.4507211,23.5148843],[120.4499915,23.5145006],[120.4496267,23.5144121],[120.4494443,23.5144416],[120.4479638,23.5143137],[120.4473268,23.5141465],[120.4459857,23.5139104],[120.4451059,23.5137529],[120.4443128,23.5134296],[120.4440445,23.5140986]]]}},{"type":"Feature","properties":{"name":"","name_en":"","water":"river","natural":"water","landuse":""},"geometry":{"type":"Polygon","coordinates":[[[120.4586175,23.5095766],[120.4589911,23.5085595],[120.4593237,23.5080971],[120.4603108,23.5064772],[120.4606112,23.505877],[120.4615875,23.5048341],[120.462081,23.5039683],[120.4631783,23.5017915],[120.4639186,23.5006896],[120.4645945,23.500296],[120.4657072,23.4998533],[120.4662973,23.4998139],[120.4668766,23.5000796],[120.4675633,23.4998139],[120.4682285,23.5000894],[120.4689151,23.5003255],[120.4695599,23.5009749],[120.4698496,23.5016046],[120.4703645,23.5024507],[120.470408,23.5024212],[120.4712228,23.5018671],[120.4713194,23.5018014],[120.4709332,23.5011323],[120.4704289,23.5002665],[120.4699032,23.499627],[120.468884,23.4989973],[120.4685728,23.498889],[120.4675429,23.4989382],[120.4669206,23.4989678],[120.466073,23.4990661],[120.4654293,23.499076],[120.4649679,23.4992531],[120.4641204,23.4996073],[120.4637556,23.4998926],[120.4633693,23.5002763],[120.4630582,23.5005223],[120.4629831,23.5007978],[120.46279,23.5011225],[120.4624145,23.5014275],[120.4623394,23.5016931],[120.4618888,23.5020572],[120.4616742,23.5026967],[120.4617707,23.5029328],[120.4612693,23.5036401],[120.4608938,23.5044862],[120.4604753,23.5050962],[120.4601535,23.5058538],[120.4596599,23.5064933],[120.4595526,23.5069065],[120.4588231,23.5077713],[120.4583617,23.508155],[120.4580506,23.5089421],[120.4577378,23.5097045],[120.4586175,23.5095766]]]}},{"type":"Feature","properties":{"name":"","name_en":"","water":"river","natural":"water","landuse":""},"geometry":{"type":"Polygon","coordinates":[[[120.470408,23.5024212],[120.4712082,23.5036785],[120.4714978,23.5041508],[120.4723669,23.5054003],[120.4726995,23.5062365],[120.4733647,23.5069252],[120.4737741,23.507182],[120.474053,23.5075785],[120.4744819,23.5075223],[120.4748721,23.5073922],[120.4750491,23.5072696],[120.4755212,23.5070236],[120.4759503,23.506758],[120.4772485,23.5059512],[120.4782248,23.5054199],[120.4780424,23.5050559],[120.477742,23.5052625],[120.4770983,23.5056364],[120.4765511,23.5060299],[120.4761434,23.5062759],[120.4758216,23.5064628],[120.4751778,23.5069056],[120.4747809,23.5069449],[120.4740406,23.506758],[120.4738153,23.5067186],[120.473429,23.5060201],[120.4730321,23.5054691],[120.4721738,23.5043279],[120.4713476,23.5029111],[120.4712228,23.5018671],[120.470408,23.5024212]]]}},{"type":"Feature","properties":{"name":"裕琮溪","name_en":"","water":"river","natural":"water","landuse":""},"geometry":{"type":"Polygon","coordinates":[[[120.4782248,23.5054199],[120.4789604,23.5049774],[120.4798381,23.5045815],[120.4807795,23.5045815],[120.4811405,23.5046658],[120.4812891,23.5047178],[120.4815369,23.5047957],[120.4817917,23.5048476],[120.4826765,23.5052435],[120.4836109,23.505276],[120.4838232,23.50525],[120.4841731,23.5053539],[120.4843997,23.5054123],[120.485065,23.5057563],[120.4854402,23.506029],[120.4855959,23.5061653],[120.4858224,23.5062821],[120.4870991,23.506756],[120.4874389,23.5068533],[120.4882317,23.5069766],[120.48826,23.5067495],[120.4877786,23.5066391],[120.4873256,23.5065677],[120.4863913,23.5061718],[120.4859241,23.5059251],[120.4847986,23.5053344],[120.4846358,23.5051786],[120.4843598,23.5051202],[120.4838572,23.5049904],[120.4836944,23.504932],[120.4832131,23.5048995],[120.4821066,23.504588],[120.4818022,23.5044711],[120.4796937,23.5042894],[120.4792549,23.5043478],[120.4780424,23.5050559],[120.4782248,23.5054199]]]}},{"type":"Feature","properties":{"name":"","name_en":"","water":"river","natural":"water","landuse":""},"geometry":{"type":"Polygon","coordinates":[[[120.4882317,23.5069766],[120.4892353,23.5071639],[120.4895902,23.5070268],[120.4902347,23.506954],[120.4912771,23.5064744],[120.4914779,23.5061404],[120.4920149,23.5060547],[120.4923498,23.5056393],[120.4929336,23.5053738],[120.4932932,23.5053995],[120.4934986,23.5053524],[120.4939236,23.5053224],[120.4941291,23.5054338],[120.4942972,23.5053909],[120.4944887,23.5055066],[120.4946568,23.5056051],[120.4949381,23.505922],[120.4951016,23.5059948],[120.4953538,23.5059391],[120.4955639,23.5059819],[120.4958721,23.5058577],[120.4969763,23.505438],[120.4968782,23.5053738],[120.4972378,23.5051982],[120.497546,23.5050012],[120.4976347,23.5049284],[120.4976394,23.5048599],[120.4980097,23.5046616],[120.498374,23.5044989],[120.4992239,23.5041863],[120.5001207,23.5038394],[120.5003122,23.5038608],[120.5007652,23.5036167],[120.5009379,23.5034411],[120.5011201,23.5034711],[120.5011481,23.5033555],[120.501657,23.5029657],[120.5018485,23.5027473],[120.5024416,23.502197],[120.5031234,23.5014261],[120.5032074,23.5011478],[120.5038332,23.5003327],[120.5038165,23.5003272],[120.503511,23.5002257],[120.5033008,23.500504],[120.5031094,23.5007481],[120.5028665,23.5010479],[120.5023528,23.5014848],[120.5021147,23.5018488],[120.5019325,23.5021229],[120.501727,23.5023199],[120.5013254,23.5026301],[120.5008444,23.5030327],[120.5005082,23.5032639],[120.5001066,23.5034438],[120.4996768,23.5036237],[120.4993032,23.5037393],[120.499009,23.5038635],[120.4990136,23.5039834],[120.4986739,23.503962],[120.4983424,23.503932],[120.4977633,23.5041419],[120.4975111,23.5044716],[120.4974364,23.5046344],[120.4968795,23.5050482],[120.4963705,23.5052281],[120.4961137,23.5053137],[120.4959035,23.5055278],[120.495628,23.505712],[120.4952124,23.5057463],[120.4950302,23.5055236],[120.4949368,23.5052752],[120.494778,23.5052281],[120.4942829,23.5052623],[120.4941382,23.5052366],[120.4939887,23.505121],[120.4937365,23.5051553],[120.4932509,23.5051167],[120.4926778,23.5052024],[120.4923509,23.5053094],[120.4921081,23.5055621],[120.491982,23.5057077],[120.4916691,23.5057719],[120.491557,23.5059475],[120.4912423,23.506046],[120.4910368,23.5062173],[120.4909575,23.5063672],[120.4905652,23.5065292],[120.4901495,23.5065934],[120.4896912,23.5066876],[120.4887531,23.5068332],[120.48826,23.5067495],[120.4882317,23.5069766]]]}},{"type":"Feature","properties":{"name":"","name_en":"","water":"river","natural":"water","landuse":""},"geometry":{"type":"Polygon","coordinates":[[[120.5038165,23.5003272],[120.5042668,23.4999367],[120.504435,23.4994828],[120.5045937,23.4990545],[120.5049206,23.4984463],[120.5051448,23.4981722],[120.5052102,23.4977183],[120.5053129,23.4975041],[120.5056305,23.4972557],[120.5060134,23.4969645],[120.5062749,23.4964934],[120.5064804,23.4961936],[120.5068447,23.4958167],[120.5070035,23.4954949],[120.5079094,23.4949381],[120.5079748,23.4944841],[120.5079655,23.4942614],[120.5082924,23.4939017],[120.5084792,23.4938417],[120.5088995,23.4933877],[120.5090956,23.4931564],[120.5095066,23.4925635],[120.5101137,23.4920324],[120.5102071,23.4920666],[120.5103659,23.4919638],[120.5109543,23.4921609],[120.511468,23.4923493],[120.5113746,23.4911672],[120.5108702,23.4914413],[120.5102444,23.4914242],[120.5098335,23.4917154],[120.5096,23.4919124],[120.5084045,23.4930945],[120.5080028,23.4934286],[120.5076012,23.4938226],[120.5071249,23.4942595],[120.506826,23.494388],[120.5067793,23.4952788],[120.506415,23.4956821],[120.5060601,23.4960418],[120.5057145,23.49671],[120.5054904,23.4969755],[120.5052195,23.4971125],[120.5049487,23.4975237],[120.5047899,23.4980548],[120.5042575,23.4992103],[120.5036784,23.5000754],[120.503511,23.5002257],[120.5038165,23.5003272]]]}},{"type":"Feature","properties":{"name":"","name_en":"","water":"river","natural":"water","landuse":""},"geometry":{"type":"Polygon","coordinates":[[[120.511468,23.4923493],[120.5120097,23.4920409],[120.5127102,23.4921694],[120.5145969,23.494525],[120.5152974,23.4957584],[120.5156243,23.4962467],[120.5164275,23.4966236],[120.5175222,23.4973012],[120.5180639,23.497995],[120.5183814,23.4982777],[120.5185869,23.4983719],[120.5199506,23.4997937],[120.5206324,23.5001007],[120.5212955,23.5004348],[120.5219834,23.5008888],[120.5220395,23.5001179],[120.5216379,23.4998695],[120.5212829,23.4995526],[120.5209654,23.4992785],[120.5216005,23.4989616],[120.5221983,23.4987303],[120.5231042,23.4983363],[120.5227026,23.4978737],[120.5217873,23.4984391],[120.5211615,23.4987731],[120.5207412,23.4989616],[120.5203956,23.4988588],[120.5197325,23.4986789],[120.5192562,23.4985161],[120.5187985,23.4980279],[120.518509,23.4975911],[120.5183315,23.4971983],[120.5180233,23.4965045],[120.5168371,23.4955879],[120.5161186,23.4949113],[120.5154555,23.4950055],[120.515278,23.4949284],[120.5148857,23.4942603],[120.5144187,23.4935065],[120.5141012,23.492924],[120.5136435,23.4927527],[120.5135034,23.49247],[120.5129681,23.4919132],[120.5122489,23.491365],[120.5113746,23.4911672],[120.511468,23.4923493]]]}},{"type":"Feature","properties":{"name":"","name_en":"","water":"river","natural":"water","landuse":""},"geometry":{"type":"Polygon","coordinates":[[[120.5219834,23.5008888],[120.5239587,23.5019834],[120.524723,23.5027589],[120.524723,23.5031764],[120.5246904,23.5038772],[120.5242676,23.5042351],[120.5237961,23.5045334],[120.5234546,23.5049061],[120.5234058,23.5056219],[120.5236823,23.506114],[120.5244953,23.506621],[120.5256498,23.5069192],[120.5271295,23.5072174],[120.527845,23.5074595],[120.5291947,23.5079068],[120.52965,23.5085182],[120.5305931,23.5087269],[120.531211,23.5089357],[120.5339,23.5094874],[120.5347943,23.5104268],[120.5351358,23.5099944],[120.534648,23.5095321],[120.5336235,23.5089208],[120.5321926,23.5083989],[120.5311682,23.5080559],[120.5299974,23.5075788],[120.5267127,23.5066543],[120.5262412,23.506371],[120.5254606,23.5056552],[120.5245663,23.5052973],[120.5247289,23.5047605],[120.5252655,23.5043281],[120.5255582,23.5034334],[120.5254281,23.5028667],[120.5247289,23.5017931],[120.5220395,23.5001179],[120.5219834,23.5008888]]]}},{"type":"Feature","properties":{"name":"","name_en":"","water":"river","natural":"water","landuse":""},"geometry":{"type":"Polygon","coordinates":[[[120.5347943,23.5104268],[120.5356074,23.5117739],[120.5364204,23.5123405],[120.537705,23.5135482],[120.5390059,23.5145323],[120.53964,23.5148305],[120.5402515,23.5147974],[120.5409123,23.5149337],[120.5418318,23.5154256],[120.5427133,23.5163812],[120.5429735,23.5161576],[120.5423231,23.5155313],[120.5419003,23.5149647],[120.541136,23.5146665],[120.5402092,23.5143981],[120.5398026,23.5143832],[120.5386319,23.5138017],[120.5367779,23.5124451],[120.535835,23.5109295],[120.5351358,23.5099944],[120.5347943,23.5104268]]]}},{"type":"Feature","properties":{"name":"","name_en":"","water":"river","natural":"water","landuse":""},"geometry":{"type":"Polygon","coordinates":[[[120.5427133,23.5163812],[120.5439794,23.5181942],[120.544988,23.5198555],[120.5449693,23.5222875],[120.5452869,23.5230411],[120.5451374,23.5240173],[120.5457352,23.524695],[120.5467625,23.5252944],[120.5477525,23.5256027],[120.548649,23.5259795],[120.5500763,23.526322],[120.5507918,23.526896],[120.5514015,23.5272166],[120.5519381,23.527579],[120.5524666,23.5277877],[120.5528975,23.5278325],[120.5534504,23.5277654],[120.5540358,23.5276685],[120.5550837,23.5271914],[120.5557097,23.5272361],[120.5579781,23.5264608],[120.5590551,23.5263043],[120.5625105,23.5243139],[120.5649086,23.5230541],[120.5657704,23.5232703],[120.5662094,23.5234044],[120.5667379,23.5233672],[120.5672339,23.5231659],[120.567868,23.5229422],[120.568803,23.522659],[120.5708356,23.5226962],[120.5708356,23.522331],[120.5688274,23.5222788],[120.5683477,23.522331],[120.5679412,23.5224577],[120.5675753,23.5227633],[120.5672094,23.5229497],[120.5665996,23.5228752],[120.565746,23.5227335],[120.5651037,23.5227112],[120.5647947,23.5227708],[120.5637947,23.5230541],[120.5627893,23.5235461],[120.5620169,23.5240679],[120.5616836,23.5240157],[120.5605697,23.5245674],[120.5589018,23.5253277],[120.5581294,23.5255887],[120.5578692,23.5259167],[120.5575847,23.5260658],[120.5564789,23.5262596],[120.5558366,23.5264758],[120.5554952,23.5267068],[120.5551456,23.5268336],[120.5540154,23.5272778],[120.5536702,23.5273968],[120.5525182,23.527453],[120.5521343,23.527251],[120.5516953,23.5269528],[120.5513863,23.5266696],[120.5509473,23.5262894],[120.5503619,23.5260881],[120.5489271,23.5255514],[120.5483335,23.5253501],[120.54774,23.5251936],[120.5466912,23.5246419],[120.546244,23.5242692],[120.5460896,23.5240306],[120.5457725,23.5230019],[120.5455692,23.5227186],[120.545553,23.5220551],[120.5454879,23.5204219],[120.5454473,23.5200268],[120.5452846,23.5194826],[120.5450976,23.5189086],[120.5448708,23.5184762],[120.5447245,23.5182749],[120.5444968,23.5178052],[120.5442123,23.5176114],[120.5439846,23.517304],[120.5429735,23.5161576],[120.5427133,23.5163812]]]}},{"type":"Feature","properties":{"name":"","name_en":"","water":"canal","natural":"water","landuse":""},"geometry":{"type":"Polygon","coordinates":[[[120.4299245,23.4777678],[120.4296769,23.4778329],[120.4292864,23.4779454],[120.4288841,23.4780634],[120.428679,23.4781272],[120.4282499,23.478261],[120.4272524,23.4785363],[120.4268686,23.4786453],[120.4267576,23.4786822],[120.4266568,23.478716],[120.4264425,23.4788102],[120.4262315,23.4789118],[120.4257085,23.4791887],[120.425297,23.4794319],[120.4248366,23.479739],[120.4242117,23.4801102],[120.4232907,23.4806464],[120.4227586,23.4809456],[120.4224714,23.4811202],[120.4224193,23.4810764],[120.4222511,23.4811801],[120.4220187,23.4813797],[120.4219698,23.4813003],[120.4222207,23.4810992],[120.4232934,23.4804846],[120.4235087,23.4803377],[120.4235509,23.4803427],[120.4235976,23.4803167],[120.4244378,23.4798421],[120.4248239,23.4796196],[120.4252486,23.4793486],[120.426184,23.4788213],[120.4261974,23.4788157],[120.4267977,23.4785521],[120.4281781,23.4781531],[120.4285329,23.4780337],[120.4294898,23.4777555],[120.4298549,23.4776375],[120.4299245,23.4777678]]]}},{"type":"Feature","properties":{"name":"","name_en":"","water":"canal","natural":"water","landuse":""},"geometry":{"type":"Polygon","coordinates":[[[120.4070463,23.4952112],[120.4070463,23.4950247],[120.4068676,23.4948555],[120.4067458,23.4946096],[120.4066401,23.4940291],[120.4067669,23.4937197],[120.407824,23.4922432],[120.4079866,23.4921388],[120.4083118,23.4919747],[120.4111195,23.4911694],[120.4153038,23.4903864],[120.4157062,23.4903566],[120.4169081,23.4903498],[120.4170829,23.4903386],[120.4172496,23.4903013],[120.4174285,23.4902193],[120.417648,23.4900739],[120.4177781,23.4899322],[120.4179245,23.4896749],[120.4183351,23.4881216],[120.4183595,23.4878196],[120.418331,23.4876033],[120.4183107,23.4874206],[120.4183188,23.4871671],[120.4186928,23.4854606],[120.4186522,23.484741],[120.4186734,23.4845747],[120.4187434,23.4843648],[120.4188508,23.4841785],[120.4196454,23.4834563],[120.421324,23.4819479],[120.4215388,23.4817894],[120.4216929,23.4816866],[120.4220187,23.4813797],[120.4219698,23.4813003],[120.421729,23.4815414],[120.4213875,23.4817483],[120.4212127,23.4817875],[120.4211334,23.4819012],[120.4209342,23.4820727],[120.4208203,23.4821827],[120.4187163,23.4840773],[120.4186048,23.484199],[120.4185376,23.4843289],[120.4184792,23.4844675],[120.4184703,23.4846639],[120.4185216,23.4855026],[120.418442,23.4859074],[120.4181235,23.4870197],[120.4181129,23.4871642],[120.4181323,23.4873946],[120.418196,23.487685],[120.4182084,23.487995],[120.4181819,23.4881849],[120.4178461,23.4893826],[120.4177098,23.4897686],[120.4175895,23.4899406],[120.4174621,23.4900575],[120.4171922,23.4901873],[120.4169498,23.4902263],[120.4159697,23.4902214],[120.4154724,23.4902149],[120.4112228,23.4910054],[120.4081816,23.49188],[120.4078702,23.4920439],[120.4075682,23.4923547],[120.4065022,23.4937664],[120.4064036,23.4939529],[120.4064221,23.4941507],[120.4065515,23.4948062],[120.4066501,23.4949701],[120.4067549,23.4950549],[120.4070463,23.4952112]]]}},{"type":"Feature","properties":{"name":"","name_en":"","water":"river","natural":"water","landuse":""},"geometry":{"type":"Polygon","coordinates":[[[120.5764538,23.6093986],[120.5762822,23.6095166],[120.5756921,23.6091922],[120.5754346,23.6088874],[120.5751342,23.6084155],[120.5750591,23.607924],[120.5749947,23.6075111],[120.574978,23.6070883],[120.574866,23.6068229],[120.5745763,23.6064788],[120.5743402,23.6063904],[120.5735356,23.6060758],[120.5726987,23.605594],[120.5723447,23.6053188],[120.5707783,23.6040711],[120.5701774,23.6036779],[120.5697912,23.6036779],[120.5691368,23.6037073],[120.5687291,23.603609],[120.5682463,23.6033633],[120.5675533,23.6032354],[120.5667057,23.6031765],[120.5664267,23.6032649],[120.5659118,23.6030487],[120.5644097,23.6026554],[120.5641844,23.6027439],[120.5634769,23.6029602],[120.563198,23.6033043],[120.5627903,23.6035992],[120.5622002,23.6040023],[120.5615457,23.6043169],[120.5611251,23.6045332],[120.5604277,23.60472],[120.5594406,23.605241],[120.5590866,23.6058309],[120.5589257,23.6060865],[120.5585609,23.6063814],[120.558121,23.6065682],[120.5576842,23.6069631],[120.556783,23.6075234],[120.5555492,23.6084967],[120.5550235,23.6087818],[120.5543905,23.6092242],[120.5540043,23.6097354],[120.5536609,23.6098927],[120.553264,23.61005],[120.5531781,23.610512],[120.5525619,23.6109794],[120.5510062,23.6127489],[120.5507487,23.6128079],[120.5501265,23.6133682],[120.5499226,23.6137516],[120.5494505,23.6140662],[120.5483991,23.6148723],[120.5478603,23.6153186],[120.5476789,23.6155292],[120.5474558,23.6158959],[120.5470064,23.6163346],[120.5467774,23.6161747],[120.5458679,23.6170558],[120.545602,23.6175095],[120.5451816,23.6179199],[120.5446217,23.6184597],[120.5441298,23.6187073],[120.5439902,23.6188009],[120.5435285,23.6191104],[120.5434534,23.6194249],[120.5429599,23.6200049],[120.540782,23.6220398],[120.5404494,23.6221578],[120.5390975,23.623416],[120.5380316,23.6243659],[120.5378921,23.624818],[120.5373986,23.625339],[120.5371304,23.6255159],[120.5358537,23.6272361],[120.5355854,23.6277767],[120.5353601,23.6282977],[120.5349095,23.6288383],[120.5345233,23.6291037],[120.5342014,23.6297274],[120.5337615,23.6300812],[120.5335362,23.6307103],[120.5332036,23.6315556],[120.5325921,23.6323714],[120.5311391,23.6338494],[120.5293581,23.6358545],[120.5282209,23.6370241],[120.5277595,23.6374074],[120.5271802,23.6377416],[120.5267725,23.6379283],[120.5250202,23.6387441],[120.5247305,23.6390684],[120.5216943,23.6397466],[120.5214797,23.6395107],[120.5190771,23.6397692],[120.5188007,23.6397394],[120.5172314,23.6394191],[120.5166623,23.6392999],[120.5162638,23.6392925],[120.5156865,23.6393819],[120.5143937,23.639717],[120.5136132,23.6398586],[120.5126862,23.6398735],[120.5121008,23.6394414],[120.5114422,23.6391956],[120.5110283,23.6390616],[120.509875,23.6392929],[120.5095159,23.6399795],[120.5093289,23.6409627],[120.5091013,23.6414096],[120.5086297,23.6419608],[120.5081499,23.6421768],[120.5071496,23.6425492],[120.5060682,23.6427056],[120.505059,23.6428314],[120.504678,23.6429839],[120.5045372,23.6438035],[120.5047331,23.6440469],[120.5048468,23.6442652],[120.5052389,23.6445134],[120.5054259,23.6448114],[120.5056942,23.6451466],[120.5058975,23.6454296],[120.5059869,23.645735],[120.5058812,23.6461372],[120.505556,23.6464346],[120.504873,23.6466878],[120.5042875,23.646874],[120.5036452,23.6470304],[120.5022708,23.6469336],[120.5012463,23.6467251],[120.50036,23.646658],[120.500286,23.6471744],[120.5004139,23.6483753],[120.5005819,23.6489176],[120.5002299,23.64941],[120.500156,23.6499004],[120.4998695,23.6504194],[120.4994288,23.6507882],[120.4988649,23.6518473],[120.498433,23.6520556],[120.4982703,23.6522269],[120.4978308,23.652428],[120.497221,23.6524429],[120.4968714,23.6524429],[120.4965218,23.6523536],[120.4962453,23.6521897],[120.4959119,23.6519141],[120.4954973,23.6514896],[120.4952046,23.6511619],[120.4948874,23.6509682],[120.494611,23.6508342],[120.4941882,23.6509831],[120.4939117,23.6512438],[120.493619,23.6515566],[120.4933182,23.6518173],[120.4925107,23.6521525],[120.4920473,23.6524653],[120.4916895,23.6525472],[120.4913724,23.6525323],[120.4910634,23.6526515],[120.4907788,23.652793],[120.4905674,23.653076],[120.4905837,23.6533441],[120.4905756,23.6537091],[120.4907382,23.6540368],[120.4907707,23.6542528],[120.4910146,23.654639],[120.4912423,23.6549071],[120.4914374,23.6549518],[120.4917545,23.6549518],[120.4925839,23.6549965],[120.4930758,23.6551308],[120.493478,23.6553437],[120.4936832,23.655635],[120.4935468,23.6560289],[120.4933563,23.6563023],[120.493218,23.6566447],[120.4929968,23.6572377],[120.4926571,23.6577918],[120.4925026,23.6579333],[120.4921692,23.658261],[120.491909,23.6582759],[120.4916326,23.6581865],[120.4914456,23.6580897],[120.4912423,23.6577993],[120.4911122,23.6576876],[120.4904455,23.6573896],[120.4901284,23.6572928],[120.4895511,23.6570917],[120.4892258,23.6571588],[120.4888681,23.6575163],[120.4886973,23.6578365],[120.4888681,23.6580674],[120.4890541,23.6591931],[120.4889995,23.6593661],[120.4889087,23.6595337],[120.4884127,23.6595561],[120.4879973,23.6595064],[120.4873431,23.6589975],[120.4869772,23.658789],[120.486717,23.6589156],[120.4863448,23.6601391],[120.4861829,23.6608428],[120.486034,23.6612398],[120.4857238,23.6615696],[120.4854974,23.6617501],[120.4850908,23.6617576],[120.4847656,23.6616608],[120.4841964,23.6613852],[120.4835378,23.6611022],[120.4828223,23.6608192],[120.4819442,23.6605213],[120.4811392,23.6602458],[120.4806269,23.6601117],[120.4798464,23.6599181],[120.479319,23.6599255],[120.4789124,23.6600372],[120.4787091,23.6604543],[120.4785303,23.6610203],[120.4783676,23.6615565],[120.4782294,23.6617352],[120.4779367,23.661981],[120.4775464,23.6620257],[120.4773269,23.6619736],[120.4768472,23.6616757],[120.4764081,23.6615044],[120.4760422,23.6613405],[120.4757739,23.6613405],[120.4753104,23.6616682],[120.4751641,23.6619736],[120.4750884,23.6620756],[120.4748876,23.6623459],[120.4745543,23.6625693],[120.473668,23.6628225],[120.4720168,23.6633704],[120.471716,23.6636385],[120.4714802,23.6640257],[120.4713245,23.664691],[120.4713094,23.6647555],[120.4712037,23.6652247],[120.4709679,23.6655673],[120.4707565,23.6659021],[120.4705776,23.6662968],[120.4705162,23.6663767],[120.4703256,23.6666245],[120.4702036,23.6667288],[120.4699109,23.6667437],[120.4695287,23.6666692],[120.4693037,23.6666096],[120.4688483,23.6666543],[120.4685475,23.6667883],[120.4683117,23.6670415],[120.4680515,23.6673096],[120.467027,23.6677118],[120.4666367,23.6677565],[120.4664253,23.6676224],[120.4662464,23.6674437],[120.4661814,23.6671979],[120.4662302,23.6669373],[120.4662871,23.6652915],[120.4661407,23.6650681],[120.4659781,23.6648968],[120.465783,23.6648223],[120.4654659,23.6648074],[120.4651,23.6650904],[120.4647503,23.6654776],[120.4644983,23.6656191],[120.4625115,23.6658128],[120.461926,23.6657085],[120.4609747,23.6653734],[120.4591615,23.6649266],[120.4587631,23.6652244],[120.4589338,23.6657457],[120.4591209,23.666416],[120.4594054,23.6674065],[120.4594542,23.6678235],[120.4592997,23.6682546],[120.4590477,23.6685599],[120.458633,23.6687163],[120.4578931,23.669245],[120.4560127,23.670922],[120.455411,23.6715699],[120.4546629,23.672471],[120.4542157,23.6727465],[120.4532075,23.6733199],[120.4522374,23.6737426],[120.4511738,23.6742061],[120.4505233,23.6742358],[120.4491329,23.6740795],[120.4488483,23.6738933],[120.4485963,23.6736178],[120.4485556,23.6733795],[120.4487426,23.672955],[120.4489459,23.6727391],[120.4492711,23.6725008],[120.4494012,23.672322],[120.4494175,23.6718157],[120.4492549,23.6715178],[120.4490841,23.6711454],[120.4489622,23.670788],[120.4489134,23.6704901],[120.448954,23.6696263],[120.4487507,23.6692837],[120.448271,23.6690901],[120.4474742,23.6688741],[120.4471408,23.6688741],[120.4467018,23.669038],[120.4463928,23.6692837],[120.4462383,23.6695593],[120.4462789,23.6698273],[120.4463765,23.6699986],[120.4467912,23.6702369],[120.4469619,23.6705497],[120.4470595,23.6708997],[120.4470433,23.6713614],[120.4468888,23.6725231],[120.4467099,23.6732305],[120.446466,23.6735731],[120.4459862,23.673871],[120.4455878,23.6739454],[120.4452155,23.6739231],[120.4448821,23.6738114],[120.4446544,23.6736476],[120.4445569,23.6734614],[120.4444756,23.6731561],[120.4445487,23.6726944],[120.4447601,23.6718231],[120.4447601,23.6710114],[120.4446138,23.6706912],[120.444443,23.6703933],[120.4440365,23.6702444],[120.443386,23.6701029],[120.4430039,23.6702071],[120.4426136,23.6704976],[120.442329,23.6708922],[120.4419306,23.6712125],[120.4405239,23.6720688],[120.4402637,23.672121],[120.4398491,23.6720986],[120.4382879,23.6717784],[120.4377757,23.6718305],[120.4374586,23.6719199],[120.4370497,23.6720391],[120.4367651,23.6722178],[120.4360252,23.6723667],[120.4355455,23.6722699],[120.4351796,23.6719869],[120.4349194,23.6716518],[120.4348196,23.6716082],[120.4342039,23.6713391],[120.4337079,23.6711827],[120.4328929,23.6709369],[120.430974,23.6707359],[120.4294094,23.6709295],[120.4289459,23.671421],[120.4287345,23.6719571],[120.4285963,23.6734539],[120.4284337,23.6739156],[120.4282141,23.6743401],[120.4279214,23.6745263],[120.4273685,23.6745635],[120.4270433,23.6745337],[120.4262466,23.6741316],[120.4258157,23.6739529],[120.4253522,23.6738412],[120.4236935,23.6735954],[120.4231406,23.6735359],[120.4222372,23.6736224],[120.4217005,23.6739947],[120.4214973,23.6747841],[120.4213591,23.6753128],[120.4210257,23.6758266],[120.4200866,23.6767145],[120.4190478,23.6775557],[120.418568,23.6777865],[120.4184949,23.6777865],[120.4184136,23.6775557],[120.4185843,23.6775259],[120.4189421,23.6772876],[120.4195925,23.6766472],[120.419934,23.6764983],[120.420804,23.6757313],[120.4210073,23.6754111],[120.4212675,23.6747409],[120.4215358,23.6736983],[120.4217635,23.6734675],[120.4221457,23.673326],[120.4227717,23.6731919],[120.4234873,23.6733036],[120.42552,23.6736313],[120.4260485,23.6738175],[120.4265201,23.6739962],[120.4269266,23.6741898],[120.4273729,23.6742717],[120.4279339,23.6741675],[120.4281209,23.6739887],[120.4283242,23.6736536],[120.4284218,23.6722686],[120.4284949,23.6719037],[120.4286657,23.6715313],[120.4288121,23.6711962],[120.4290235,23.6708841],[120.4292105,23.6707277],[120.4294788,23.6706235],[120.4310743,23.6704671],[120.4322777,23.670549],[120.4328143,23.670616],[120.4333408,23.6707873],[120.4339424,23.6708767],[120.434349,23.6709362],[120.4348612,23.6710703],[120.4350076,23.671249],[120.4353247,23.6715915],[120.4356499,23.6718745],[120.4359345,23.6720011],[120.4361541,23.6720384],[120.436704,23.6718373],[120.4374764,23.6714352],[120.4382895,23.6713756],[120.4392408,23.6715394],[120.4398449,23.6717032],[120.4403247,23.6717703],[120.4407637,23.6715692],[120.4416988,23.6709586],[120.4421053,23.6707277],[120.4422761,23.6706011],[120.4425932,23.6701841],[120.4430079,23.6699086],[120.4435039,23.6698192],[120.4439511,23.6698639],[120.4444877,23.6700426],[120.4448618,23.6703107],[120.4450163,23.6706309],[120.445122,23.6713532],[120.4450406,23.672016],[120.4448049,23.6730809],[120.4448699,23.6734086],[120.4450406,23.6736022],[120.4454065,23.6736692],[120.4456586,23.673632],[120.4462928,23.6732596],[120.4465611,23.6729394],[120.4466587,23.6724703],[120.4468132,23.6711447],[120.4467563,23.6708394],[120.446553,23.6705415],[120.4460082,23.6701171],[120.4459025,23.6697596],[120.4459188,23.6694171],[120.4460895,23.6691223],[120.4462847,23.668884],[120.4465123,23.6687425],[120.4469108,23.668601],[120.4473986,23.6685564],[120.4488397,23.6689287],[120.4490999,23.669167],[120.449295,23.6695543],[120.4492543,23.6702692],[120.4493519,23.670917],[120.4495877,23.6714458],[120.449791,23.6719224],[120.4497341,23.672317],[120.4495796,23.6726298],[120.4491324,23.67292],[120.4489779,23.6731583],[120.4489291,23.6734189],[120.449108,23.6737763],[120.4495714,23.6738806],[120.4507098,23.6739402],[120.45097,23.6738657],[120.4521241,23.6734785],[120.4537503,23.6726817],[120.4540755,23.6724881],[120.4544008,23.6722647],[120.4558893,23.6705593],[120.4566049,23.6698713],[120.4575237,23.6689777],[120.4582237,23.6685904],[120.4586709,23.6682181],[120.4587684,23.6679872],[120.4588579,23.6676744],[120.4588741,23.6672576],[120.4588416,23.6669076],[120.4585001,23.6661927],[120.4581342,23.665865],[120.4579147,23.6655894],[120.457874,23.6653437],[120.4579309,23.665165],[120.4581423,23.6647785],[120.4584676,23.6645476],[120.4590205,23.6644061],[120.4593864,23.6644657],[120.4603458,23.664771],[120.4621568,23.6653296],[120.4626528,23.6652849],[120.4633602,23.665203],[120.463848,23.6652402],[120.4643522,23.6651508],[120.4645961,23.6650615],[120.4651051,23.6645849],[120.4653653,23.6644359],[120.4657149,23.6644136],[120.4660808,23.6644955],[120.4666012,23.6649647],[120.4666988,23.6654264],[120.466715,23.6657764],[120.4665849,23.6671467],[120.4667313,23.6673328],[120.4668695,23.6673626],[120.4673574,23.6671988],[120.4680102,23.6669456],[120.4686037,23.6664169],[120.4689371,23.6663349],[120.4692542,23.6663349],[120.4698972,23.666343],[120.4701243,23.6663084],[120.4705145,23.6657764],[120.4709617,23.6649572],[120.4710674,23.6643838],[120.4711406,23.6640933],[120.4713032,23.663758],[120.4716934,23.6632218],[120.471854,23.6630852],[120.4719211,23.6630282],[120.4725553,23.6628271],[120.4745637,23.6622388],[120.4748321,23.661993],[120.4750841,23.6614717],[120.4752386,23.6612557],[120.4754825,23.6610919],[120.4759623,23.6610174],[120.4765396,23.6611291],[120.4769136,23.6613674],[120.4773974,23.6616281],[120.4777145,23.6616132],[120.4779584,23.661494],[120.4781617,23.6612929],[120.4785764,23.660151],[120.4787553,23.6598829],[120.4792106,23.6596818],[120.4796659,23.6596297],[120.4801457,23.6597191],[120.4829526,23.6606798],[120.4837413,23.6609479],[120.4843267,23.661216],[120.4847902,23.6614245],[120.485026,23.661499],[120.4852536,23.6615065],[120.4856195,23.6613798],[120.4857978,23.6610369],[120.4859574,23.6605296],[120.4864168,23.6588493],[120.4866445,23.6585439],[120.4870266,23.6584844],[120.4873112,23.6586556],[120.4881719,23.659343],[120.4885552,23.6593334],[120.4886365,23.6589529],[120.4884902,23.6581269],[120.4884568,23.6578471],[120.4885539,23.6576005],[120.488655,23.6572767],[120.4889557,23.6569823],[120.4891488,23.6569129],[120.4897586,23.6569576],[120.4907897,23.6572555],[120.4910825,23.6573747],[120.4914727,23.6576502],[120.4916272,23.6579109],[120.491985,23.6580449],[120.4921801,23.6579556],[120.4925054,23.6575385],[120.4927073,23.6571845],[120.49279,23.6567416],[120.49292,23.6565107],[120.4931477,23.6561388],[120.4930369,23.6556479],[120.4927603,23.6553645],[120.4924542,23.6552713],[120.4920338,23.65526],[120.4915784,23.6552451],[120.4912207,23.6551706],[120.4908629,23.6548727],[120.4907247,23.6547163],[120.4904459,23.6542903],[120.49031,23.6535545],[120.4903588,23.65313],[120.4904889,23.6527278],[120.4906515,23.6525416],[120.490928,23.6523703],[120.4913426,23.6522884],[120.491798,23.6522288],[120.4935279,23.6513348],[120.4937393,23.6510368],[120.4940239,23.6507911],[120.4944304,23.6505974],[120.4948126,23.6505751],[120.4950728,23.6507091],[120.4954468,23.651089],[120.4964875,23.6520572],[120.496642,23.6521615],[120.4969347,23.6522062],[120.4972716,23.6522434],[120.4977107,23.6521466],[120.4981172,23.6519827],[120.4984045,23.6517617],[120.4987457,23.6513631],[120.4991339,23.6505681],[120.4991901,23.6503634],[120.4990685,23.6501282],[120.4991613,23.6500008],[120.4992312,23.6499047],[120.4995727,23.6499122],[120.4996128,23.649916],[120.4999467,23.6492363],[120.4999891,23.6488962],[120.5000284,23.6484777],[120.4997841,23.647903],[120.4996946,23.647769],[120.4997922,23.6467221],[120.4999223,23.6464688],[120.5001662,23.6463943],[120.5005321,23.6463943],[120.5025558,23.6466848],[120.5032957,23.6466923],[120.5037673,23.6465731],[120.5051902,23.6461262],[120.5055155,23.6459326],[120.5054179,23.6455516],[120.5043403,23.6443158],[120.503873,23.6434884],[120.503808,23.6430937],[120.5038811,23.6428404],[120.5040275,23.6425574],[120.5042714,23.6424084],[120.5048812,23.6422892],[120.5056049,23.6423116],[120.5061335,23.6423935],[120.5071254,23.642252],[120.5078247,23.6419839],[120.5081012,23.6417827],[120.5086785,23.6409022],[120.5090931,23.6402393],[120.5096298,23.6390775],[120.5100923,23.6386442],[120.5123286,23.6386156],[120.5129709,23.6389583],[120.5146314,23.6389285],[120.5153144,23.6390849],[120.5167022,23.6389881],[120.5173445,23.639137],[120.5188759,23.6394201],[120.521519,23.6390924],[120.5237605,23.6385933],[120.5242159,23.6384145],[120.5259234,23.6377516],[120.5264356,23.6375281],[120.5270129,23.6373419],[120.5278236,23.6368896],[120.5284822,23.6360925],[120.530084,23.6337023],[120.5314581,23.6324882],[120.5321671,23.6318345],[120.532598,23.6311641],[120.5329639,23.6303819],[120.5335575,23.6289983],[120.5339315,23.6280597],[120.5346498,23.6267635],[120.5362272,23.6246027],[120.5366256,23.6240365],[120.5395587,23.6214956],[120.5396237,23.6211603],[120.5401929,23.62084],[120.5408515,23.6206686],[120.5413556,23.6202887],[120.5416565,23.6199758],[120.5417866,23.6197449],[120.5420224,23.6191787],[120.5422256,23.6188733],[120.542681,23.6186125],[120.5430225,23.6184784],[120.5433957,23.6180056],[120.543721,23.6178343],[120.5439161,23.6176853],[120.5439567,23.6174469],[120.5442982,23.6170669],[120.5470057,23.6143932],[120.5472984,23.6142591],[120.5480603,23.6136451],[120.5488978,23.6131236],[120.5494462,23.612537],[120.5503216,23.6121865],[120.5508926,23.6117127],[120.55119,23.6113606],[120.5513038,23.6109434],[120.5516372,23.610556],[120.5517836,23.6099152],[120.5521088,23.6095055],[120.552556,23.6092149],[120.5551807,23.6077773],[120.5558068,23.6072781],[120.5565386,23.6071217],[120.556968,23.6064809],[120.5574559,23.6061605],[120.558158,23.605629],[120.558467,23.6052713],[120.5587109,23.6047051],[120.5590524,23.6043251],[120.5595728,23.6039675],[120.5601419,23.6036769],[120.5606217,23.6037067],[120.5636046,23.6024476],[120.5642307,23.6021943],[120.5647674,23.6022986],[120.5658407,23.6027382],[120.5664749,23.6028723],[120.5671579,23.60285],[120.5691021,23.6031927],[120.5702242,23.60323],[120.5708015,23.6035131],[120.5722163,23.6047201],[120.572696,23.6048691],[120.5730782,23.6051522],[120.5732001,23.6053534],[120.5736392,23.6055993],[120.5742923,23.6058435],[120.5748858,23.6062384],[120.5752029,23.6066034],[120.5754306,23.6071026],[120.5755444,23.6076489],[120.5755851,23.608163],[120.5755769,23.6084312],[120.5758941,23.6088708],[120.5764538,23.6093986]]]}},{"type":"Feature","properties":{"name":"","name_en":"","water":"river","natural":"water","landuse":""},"geometry":{"type":"Polygon","coordinates":[[[120.3664077,23.6053635],[120.366624,23.6059107],[120.3668364,23.6061961],[120.3665108,23.606235],[120.3663409,23.6063128],[120.3663975,23.6068317],[120.3665532,23.6076489],[120.3670063,23.6087126],[120.3674168,23.6098671],[120.3676999,23.6106454],[120.3679406,23.6109049],[120.368521,23.612627],[120.3686909,23.6134313],[120.3691298,23.6143133],[120.369512,23.6147414],[120.3700217,23.6151176],[120.370772,23.6152602],[120.3714657,23.615364],[120.3719187,23.6157272],[120.3728955,23.6165314],[120.3732919,23.6168687],[120.3739046,23.6171911],[120.3747682,23.6175673],[120.3756034,23.6180861],[120.3765236,23.6189682],[120.3770191,23.6193443],[120.3786047,23.6212121],[120.3794257,23.6222498],[120.379539,23.6226888],[120.3796806,23.6236356],[120.3796381,23.6255682],[120.3793833,23.6260222],[120.3793408,23.626528],[120.3794257,23.627838],[120.3797089,23.6285384],[120.3800911,23.6289923],[120.3808981,23.629537],[120.3816908,23.630004],[120.3821382,23.6305699],[120.3825488,23.6312703],[120.382931,23.6321781],[120.3832425,23.6331379],[120.3833133,23.6342662],[120.383469,23.6351481],[120.383738,23.6362505],[120.3846015,23.6387637],[120.3849696,23.6401773],[120.3852527,23.6418891],[120.3854226,23.6431921],[120.3853094,23.6436201],[120.3850545,23.6446186],[120.3851112,23.6452152],[120.3853094,23.6460192],[120.3856491,23.6467195],[120.3865693,23.6479385],[120.3874009,23.6492628],[120.388406,23.6500279],[120.3890855,23.6505207],[120.3902181,23.6514155],[120.3909825,23.6523102],[120.3916904,23.6530234],[120.3923008,23.6539295],[120.3929662,23.6547465],[120.3933626,23.6555764],[120.3939713,23.6564581],[120.3949056,23.6574566],[120.3956135,23.6584291],[120.396109,23.6592461],[120.3968208,23.6606148],[120.3976136,23.661704],[120.3986046,23.6623653],[120.4015633,23.6639084],[120.4026675,23.6643881],[120.4033754,23.6646604],[120.4038426,23.6647641],[120.4055457,23.6657625],[120.4068481,23.6668647],[120.4078816,23.6677334],[120.4088867,23.6683428],[120.4117322,23.6701402],[120.4127374,23.6710089],[120.4134593,23.6715664],[120.4152203,23.6728726],[120.4156874,23.673456],[120.4168058,23.6743377],[120.417457,23.6753878],[120.4181932,23.6767622],[120.4184136,23.6775557],[120.4184949,23.6777865],[120.4185906,23.6782149],[120.4184197,23.6788625],[120.4184905,23.679407],[120.4188444,23.680159],[120.4191879,23.6814506],[120.4192086,23.6815283],[120.4192489,23.6817813],[120.419892,23.6829337],[120.4209113,23.6851185],[120.4215059,23.6863631],[120.4218881,23.6870372],[120.424645,23.6919075],[120.4258341,23.6935928],[120.4265137,23.6943706],[120.4271507,23.6949021],[120.4318036,23.6980633],[120.4338979,23.6993744],[120.4344783,23.699867],[120.4352994,23.7001651],[120.4365636,23.6998488],[120.4371633,23.7001103],[120.4380458,23.6998799],[120.4384792,23.6999318],[120.4391021,23.6997244],[120.4399657,23.6993744],[120.4405178,23.6990633],[120.4434873,23.6986744],[120.4467292,23.698454],[120.4520923,23.6983503],[120.4531258,23.6980133],[120.453692,23.6977411],[120.4540304,23.6976738],[120.4550652,23.6976114],[120.4579455,23.6989855],[120.4591771,23.6992966],[120.4609042,23.6997762],[120.4620226,23.7000485],[120.4637639,23.6999707],[120.465845,23.6997244],[120.4669926,23.6998332],[120.4677146,23.6999499],[120.4684224,23.7002221],[120.4690311,23.7006628],[120.4695833,23.7011554],[120.4704374,23.7019957],[120.4712018,23.7026697],[120.4720937,23.7033697],[120.4729431,23.7037456],[120.4734811,23.7037586],[120.4743588,23.7033438],[120.4754555,23.7031451],[120.4768319,23.7032199],[120.4773719,23.70344],[120.4785479,23.703874],[120.4799353,23.7048406],[120.4808143,23.7053918],[120.481531,23.7059057],[120.4824653,23.706476],[120.4834846,23.7071241],[120.4841216,23.707478],[120.4842083,23.7081181],[120.4843282,23.7087428],[120.4846738,23.7090166],[120.4850702,23.7093147],[120.4862593,23.7096258],[120.4874202,23.7098073],[120.4882979,23.7100924],[120.4897145,23.7106972],[120.490642,23.7119544],[120.4910863,23.7121947],[120.4919046,23.7131903],[120.4924355,23.7136492],[120.492571,23.7137776],[120.49299,23.7141747],[120.4940847,23.7151975],[120.4950049,23.7160659],[120.4955287,23.7167269],[120.4972048,23.7188633],[120.4979692,23.7201075],[120.4985072,23.7209111],[120.4994274,23.7222201],[120.4996681,23.7227515],[120.4996964,23.7234514],[120.4997105,23.7239561],[120.4996906,23.7242052],[120.5005014,23.7249879],[120.5008527,23.7253793],[120.5026609,23.7261691],[120.5030617,23.7265676],[120.5040005,23.727261],[120.5043035,23.7275541],[120.5045239,23.7284053],[120.5045391,23.7289256],[120.5054365,23.7300369],[120.5063338,23.7309298],[120.5069262,23.7314098],[120.5075881,23.7316712],[120.5082677,23.7319822],[120.5091029,23.73206],[120.5099098,23.7319952],[120.5112831,23.7319174],[120.5124156,23.7316842],[120.5132073,23.731736],[120.513901,23.7315287],[120.5152034,23.731425],[120.5159679,23.731412],[120.5166581,23.7312888],[120.517261,23.7312732],[120.517964,23.7313731],[120.5215411,23.7310232],[120.5223622,23.7308547],[120.5232258,23.7310232],[120.5243662,23.7309325],[120.5253855,23.7309455],[120.526603,23.7308807],[120.5288559,23.7306603],[120.5295213,23.730453],[120.5310361,23.7295588],[120.5322116,23.7287556],[120.5326343,23.7286669],[120.5336657,23.7284701],[120.5346425,23.7283924],[120.5367479,23.728198],[120.5382626,23.727874],[120.5395651,23.7274722],[120.5400464,23.7273685],[120.5433618,23.7267853],[120.5455986,23.7260725],[120.5469576,23.7253856],[120.5492299,23.7237318],[120.5507872,23.7232652],[120.5542556,23.7225653],[120.5551899,23.7224876],[120.557541,23.7223191],[120.5582489,23.7220728],[120.5592965,23.7213386],[120.5601742,23.7207424],[120.5611793,23.7205869],[120.5624676,23.7209498],[120.5638906,23.7223884],[120.565094,23.723503],[120.5663539,23.7243455],[120.5672316,23.7246306],[120.5679253,23.7244751],[120.5704302,23.7230105],[120.5712938,23.7223236],[120.571492,23.7217274],[120.5723573,23.7188025],[120.5727537,23.717623],[120.5728528,23.7168713],[120.5725555,23.7160677],[120.5721874,23.7149919],[120.5719043,23.7142138],[120.5718193,23.7133453],[120.5720175,23.7127232],[120.572697,23.7111937],[120.5729377,23.7106705],[120.5734049,23.7100613],[120.5743959,23.7098279],[120.5752169,23.7096724],[120.5760239,23.7095039],[120.5788866,23.7082003],[120.5799908,23.7078373],[120.5805854,23.7073059],[120.5819727,23.7064245],[120.5836248,23.7051671],[120.5847715,23.7043375],[120.5868666,23.7027019],[120.5878859,23.7022353],[120.5911844,23.7012112],[120.5918215,23.7010816],[120.5944405,23.7010168],[120.5953465,23.7010038],[120.5977835,23.7004983],[120.6012724,23.6998112],[120.6018953,23.6996557],[120.6050194,23.6991112],[120.6066474,23.6989168],[120.6080914,23.6990335],[120.6101159,23.6993964],[120.6105406,23.699552],[120.6116786,23.6996038],[120.6140994,23.6994223],[120.6148639,23.6992538],[120.6166823,23.6985279],[120.6175176,23.6980872],[120.6178007,23.6977042],[120.6182254,23.6970302],[120.6183953,23.6965116],[120.6185085,23.6960061],[120.6186926,23.6950805],[120.6190465,23.6938879],[120.6193438,23.6933694],[120.6202073,23.6925143],[120.6208161,23.6920217],[120.6218124,23.6915032],[120.6221884,23.6915795],[120.6224327,23.6916973],[120.6225615,23.6930924],[120.6226151,23.6939275],[120.6224434,23.6939176],[120.6223254,23.6923555],[120.6221752,23.6919036],[120.6219499,23.6918054],[120.621392,23.6919822],[120.6208127,23.6923752],[120.6201797,23.6929941],[120.6196647,23.6936131],[120.6193535,23.6941633],[120.6190639,23.695126],[120.6189029,23.6957155],[120.6188278,23.6961772],[120.6187742,23.6966859],[120.6185918,23.6971574],[120.6183236,23.6975111],[120.6180017,23.6980219],[120.6175189,23.6984935],[120.6169717,23.6987882],[120.6159847,23.6991026],[120.615459,23.6993187],[120.6148474,23.6996233],[120.6143217,23.699692],[120.6138059,23.6997184],[120.6127469,23.699692],[120.6116096,23.6998099],[120.6109015,23.6998394],[120.6099896,23.6997117],[120.6090593,23.6995693],[120.6081436,23.6995148],[120.6070272,23.6995008],[120.6059458,23.6994961],[120.6050848,23.699672],[120.6040825,23.699859],[120.6015719,23.7005689],[120.6003274,23.700726],[120.5992009,23.7008636],[120.5983533,23.7009716],[120.5975594,23.7009225],[120.5966112,23.7011288],[120.5955598,23.7011681],[120.5948731,23.7013744],[120.5941865,23.7013744],[120.5934569,23.7013941],[120.5925235,23.7013744],[120.5918798,23.7013744],[120.589956,23.7020031],[120.588529,23.7024845],[120.5875634,23.7027792],[120.5866622,23.703312],[120.5858576,23.704039],[120.5854069,23.7046579],[120.5846023,23.7051883],[120.5840766,23.7055911],[120.581207,23.7073835],[120.5785033,23.7089356],[120.5776558,23.7094071],[120.5769584,23.7097214],[120.5763254,23.7099277],[120.5758426,23.710026],[120.5744632,23.7103401],[120.5737229,23.710733],[120.5733045,23.7110375],[120.5726501,23.7124324],[120.5723389,23.7130807],[120.5722209,23.7137094],[120.5724784,23.7146842],[120.5728861,23.7156763],[120.5731758,23.716639],[120.5731972,23.7178157],[120.573165,23.7182283],[120.5728324,23.7190927],[120.5723711,23.7210634],[120.5721243,23.7217117],[120.571781,23.7224877],[120.5713626,23.7230377],[120.5705043,23.7236467],[120.5685409,23.7246387],[120.5680045,23.7248647],[120.5676638,23.7250218],[120.5669772,23.7249727],[120.5665051,23.7248745],[120.5658936,23.72457],[120.5651211,23.7240887],[120.5647031,23.7237603],[120.5640016,23.7231618],[120.5635128,23.722603],[120.5628895,23.7218492],[120.5623745,23.7213974],[120.5618059,23.7211715],[120.5613268,23.7210536],[120.5607153,23.7210536],[120.5601467,23.7212795],[120.5595137,23.7216626],[120.5588804,23.7224055],[120.5582906,23.7226448],[120.5573143,23.7227627],[120.5544325,23.7229526],[120.5519626,23.7234012],[120.5509434,23.7236565],[120.5494575,23.7240361],[120.5472259,23.7257845],[120.5464642,23.7261479],[120.5454342,23.7265801],[120.5436467,23.7271006],[120.5424665,23.7275426],[120.5420052,23.7276998],[120.5410718,23.7278078],[120.5403637,23.7277096],[120.5382243,23.7281964],[120.5371622,23.7286286],[120.5365184,23.7288741],[120.5348018,23.7290509],[120.5323431,23.729629],[120.5311736,23.7299433],[120.530369,23.7304736],[120.5299184,23.731004],[120.5293927,23.7312299],[120.5287167,23.7313576],[120.5271611,23.7313576],[120.5263457,23.7312594],[120.5248465,23.7314754],[120.5229706,23.7315295],[120.5212333,23.7318204],[120.5197121,23.7317454],[120.5172719,23.7317995],[120.5148364,23.7320451],[120.5127585,23.7323021],[120.5116307,23.7323682],[120.5110257,23.7324799],[120.5103946,23.7325558],[120.5097616,23.7325263],[120.5086458,23.7323496],[120.5079283,23.7323294],[120.5073914,23.7322578],[120.5065102,23.7322513],[120.5057683,23.732008],[120.5052494,23.7316287],[120.5049157,23.7310984],[120.5042168,23.7304664],[120.5037529,23.7297959],[120.5031681,23.7285689],[120.5020873,23.7278251],[120.5016345,23.7273325],[120.5010193,23.7269594],[120.5005044,23.7258353],[120.4999906,23.7255447],[120.4995517,23.7252382],[120.4993298,23.7247249],[120.4991016,23.7244106],[120.4984802,23.7235289],[120.4986355,23.7219121],[120.4960439,23.7179293],[120.4953036,23.7171441],[120.4941342,23.716427],[120.4932544,23.7156019],[120.4923854,23.7147866],[120.4911,23.7138859],[120.4903597,23.7131689],[120.4894172,23.7123239],[120.4889237,23.711494],[120.4887718,23.7108211],[120.4880745,23.7105657],[120.4866905,23.7103103],[120.4851133,23.7102514],[120.484373,23.7102121],[120.4840726,23.7099862],[120.483901,23.7098093],[120.4832463,23.7084246],[120.4824541,23.7078175],[120.4822309,23.7071728],[120.4820454,23.7069619],[120.4816592,23.7065198],[120.4811764,23.7060679],[120.4794311,23.7049058],[120.4784655,23.7040561],[120.477626,23.703867],[120.4768561,23.7034642],[120.4756009,23.7034617],[120.4748284,23.7038743],[120.4743242,23.7040315],[120.4737341,23.7042771],[120.4729742,23.7043458],[120.4725558,23.7041101],[120.471161,23.7033115],[120.4697341,23.7020049],[120.4684422,23.7008774],[120.4676161,23.7004943],[120.4668651,23.7002487],[120.4656098,23.7002684],[120.4644404,23.7003371],[120.4619794,23.7005925],[120.4607525,23.7005001],[120.4599324,23.7002972],[120.4587071,23.6995414],[120.4579132,23.6993154],[120.4573016,23.6991288],[120.4547573,23.6979401],[120.454296,23.6979695],[120.4532875,23.6982642],[120.4519688,23.6987324],[120.4487315,23.6987761],[120.4445969,23.699085],[120.4415935,23.6994824],[120.440188,23.7000817],[120.4392174,23.7003592],[120.4381534,23.7005238],[120.4366943,23.700681],[120.4359433,23.7008873],[120.4353961,23.7009069],[120.4348597,23.7007399],[120.4342481,23.7004354],[120.4307009,23.6982348],[120.4261142,23.6946591],[120.4237681,23.6913378],[120.4215365,23.6878422],[120.4189339,23.6822534],[120.418773,23.6818898],[120.4180863,23.6794653],[120.4179791,23.6789151],[120.4180863,23.6785908],[120.4181614,23.6784238],[120.4180863,23.6778932],[120.4177645,23.6769081],[120.4171851,23.6756897],[120.4164019,23.674609],[120.4125851,23.6714122],[120.40772,23.6682395],[120.4069582,23.6676303],[120.403875,23.6652814],[120.40174,23.6645444],[120.4010104,23.6642692],[120.4004954,23.6639744],[120.3986342,23.663188],[120.3978724,23.6628637],[120.3974326,23.6624215],[120.3967584,23.6617042],[120.3961897,23.660918],[120.3944517,23.6581314],[120.3937114,23.6570406],[120.3924025,23.6549944],[120.3918338,23.6541591],[120.3909218,23.6528926],[120.3891837,23.6513005],[120.3873164,23.6498034],[120.3865439,23.6488697],[120.3861899,23.6481032],[120.3855354,23.6471976],[120.384956,23.6463032],[120.3847629,23.6455661],[120.384602,23.6447013],[120.3849775,23.643307],[120.3850633,23.6429729],[120.3843659,23.6393477],[120.3834325,23.636333],[120.3831321,23.6351732],[120.382821,23.633748],[120.3825742,23.6321911],[120.3814692,23.630412],[120.3800563,23.6293773],[120.379316,23.6288367],[120.3789083,23.6281388],[120.3788761,23.6274999],[120.3788547,23.626802],[120.3792302,23.6255086],[120.3791551,23.6224473],[120.376124,23.618966],[120.3755768,23.6186514],[120.3752121,23.6182779],[120.3747507,23.617924],[120.3740641,23.6177667],[120.3733238,23.6175308],[120.3730019,23.6172948],[120.3716699,23.6160081],[120.3711227,23.6156837],[120.3707472,23.615605],[120.3700606,23.615546],[120.3696958,23.6154477],[120.3692559,23.6151823],[120.3688804,23.6148972],[120.3685156,23.6141698],[120.3674735,23.6112819],[120.3659607,23.606936],[120.3660251,23.6062282],[120.3660827,23.6055306],[120.3664077,23.6053635]]]}},{"type":"Feature","properties":{"name":"","name_en":"","water":"river","natural":"water","landuse":""},"geometry":{"type":"Polygon","coordinates":[[[120.4625343,23.4310733],[120.462804,23.4316526],[120.4631902,23.4324796],[120.4636194,23.4336215],[120.4638769,23.4342318],[120.4643918,23.4348027],[120.4670082,23.436604],[120.4673267,23.4367794],[120.4675391,23.4368898],[120.468438,23.4369807],[120.4693171,23.4370327],[120.4703293,23.4369158],[120.4709593,23.4368963],[120.4713628,23.4370392],[120.4720101,23.4373722],[120.4724772,23.4376839],[120.4730648,23.4384567],[120.4743672,23.4399113],[120.4746928,23.4402101],[120.4750184,23.4403659],[120.4770177,23.4409959],[120.4774353,23.4410478],[120.4787519,23.4409114],[120.4805852,23.4404828],[120.4816488,23.4401906],[120.4820452,23.4401971],[120.4826327,23.4399503],[120.4829229,23.4397814],[120.4830928,23.4397555],[120.4835104,23.4395217],[120.4837016,23.4394762],[120.484013,23.4390801],[120.4842607,23.4387618],[120.4849965,23.4375864],[120.4857712,23.4369283],[120.4864862,23.436636],[120.4872931,23.4363827],[120.4889152,23.4359541],[120.4896372,23.4356749],[120.4899204,23.435532],[120.4897823,23.4351903],[120.4892656,23.4353721],[120.4872695,23.4357358],[120.4868589,23.4358008],[120.485207,23.4368983],[120.4846512,23.4374847],[120.4838271,23.4386171],[120.4836184,23.4389131],[120.483418,23.4390053],[120.4833219,23.4392227],[120.48299,23.4393684],[120.482345,23.4395935],[120.4820308,23.439542],[120.4816145,23.4397139],[120.4801397,23.4402595],[120.4786233,23.4405052],[120.4777575,23.4405856],[120.4772527,23.440565],[120.4766033,23.4404137],[120.4757678,23.4401023],[120.4751844,23.4399709],[120.4747736,23.4395613],[120.4739585,23.4386384],[120.4733855,23.437877],[120.4726742,23.4371796],[120.4722283,23.4369111],[120.4715931,23.4366363],[120.4710212,23.43652],[120.4689266,23.4365076],[120.4680412,23.4363907],[120.467248,23.4359371],[120.4658318,23.4352243],[120.4649772,23.4347467],[120.464477,23.4341086],[120.4642919,23.4336127],[120.464357,23.4329752],[120.463754,23.4317436],[120.4631881,23.4305848],[120.4625343,23.4310733]]]}},{"type":"Feature","properties":{"name":"","name_en":"","water":"river","natural":"water","landuse":""},"geometry":{"type":"Polygon","coordinates":[[[120.4899204,23.435532],[120.4905773,23.435193],[120.4911977,23.4348632],[120.4918779,23.4345264],[120.4920439,23.4341979],[120.4926355,23.4338135],[120.4931408,23.4333838],[120.4940651,23.4324565],[120.4944102,23.4318346],[120.4946936,23.4309752],[120.4946443,23.430489],[120.494176,23.4292259],[120.4938679,23.4284343],[120.4938679,23.4280046],[120.4945211,23.4270208],[120.4953345,23.4260596],[120.4958891,23.4251662],[120.4967518,23.422259],[120.4971092,23.4216823],[120.4976021,23.4213317],[120.4982676,23.421049],[120.4988222,23.4206829],[120.4992289,23.4202193],[120.4997219,23.4195747],[120.5001409,23.419111],[120.5010745,23.4185122],[120.5020851,23.4183425],[120.5041802,23.4182634],[120.5047841,23.4183425],[120.5052524,23.4183538],[120.5057331,23.4180937],[120.5061398,23.4175283],[120.5063862,23.4169063],[120.506756,23.4152949],[120.5066469,23.4144064],[120.5066255,23.4142318],[120.5065022,23.413508],[120.5053314,23.4109789],[120.5050726,23.4103342],[120.5048631,23.4097122],[120.5048754,23.4092485],[120.5047152,23.4084229],[120.5048878,23.4077895],[120.5050603,23.4071901],[120.5066871,23.4056684],[120.5074882,23.4044695],[120.5085727,23.403034],[120.5095586,23.402197],[120.5106062,23.4009529],[120.5110129,23.4002431],[120.5113087,23.3993382],[120.5114319,23.3988066],[120.5111484,23.3981053],[120.5110252,23.3978791],[120.5110745,23.3977773],[120.5112347,23.3976868],[120.5129439,23.397187],[120.5134985,23.3968589],[120.5141271,23.3961577],[120.5141455,23.3956504],[120.5141517,23.395479],[120.5140408,23.3946646],[120.5140531,23.3942032],[120.5142626,23.3935811],[120.5144475,23.3932531],[120.515951,23.3916725],[120.5162961,23.3911409],[120.5164563,23.3904283],[120.5163824,23.3895912],[120.5161975,23.3889691],[120.5159757,23.3882678],[120.5159264,23.3878945],[120.5169247,23.3864579],[120.5173683,23.3861073],[120.5182064,23.3855756],[120.5188596,23.3852928],[120.5193155,23.385044],[120.5197308,23.3849421],[120.5202484,23.3851684],[120.5209139,23.385553],[120.5213083,23.3856774],[120.521678,23.3856887],[120.5223066,23.3854851],[120.5229597,23.38501],[120.524137,23.3838901],[120.5247285,23.3834037],[120.5251476,23.3833698],[120.5256652,23.3833924],[120.5261951,23.3837544],[120.5276987,23.3850779],[120.5280191,23.3852589],[120.5283518,23.3853268],[120.5294389,23.3848856],[120.5299935,23.3844897],[120.5304002,23.3841503],[120.5318113,23.382536],[120.5314169,23.3823663],[120.531269,23.3825812],[120.5307268,23.3834183],[120.5305049,23.3837803],[120.5300859,23.3840065],[120.5297285,23.3842667],[120.5291493,23.3846966],[120.5285947,23.3849681],[120.5281756,23.3849794],[120.5278552,23.3848436],[120.5263517,23.3834975],[120.5258464,23.3831355],[120.5252425,23.3829885],[120.5245893,23.3831695],[120.5237389,23.3837011],[120.5220909,23.3852169],[120.5216226,23.385364],[120.5211912,23.3852169],[120.5199588,23.3846287],[120.5196137,23.3845948],[120.5189852,23.3848323],[120.5164957,23.3862124],[120.516126,23.3864951],[120.5157316,23.3868345],[120.5154851,23.3873987],[120.5154605,23.3879643],[120.5161013,23.3903057],[120.5159904,23.3909844],[120.5158672,23.3913864],[120.5153372,23.3918954],[120.513883,23.3932415],[120.5135379,23.3937844],[120.5135009,23.3945309],[120.5135625,23.395862],[120.5133037,23.3965067],[120.512478,23.3970044],[120.5117386,23.397174],[120.5110361,23.3973324],[120.5106634,23.3978866],[120.510725,23.3982938],[120.5110824,23.3988593],[120.5108359,23.3996602],[120.5104539,23.4006329],[120.5094802,23.4016621],[120.5073534,23.4040387],[120.5069714,23.4048417],[120.506614,23.4053846],[120.5047161,23.4068549],[120.5044203,23.4071263],[120.504334,23.4076126],[120.504334,23.4081895],[120.5044819,23.4099117],[120.5046914,23.4104206],[120.5057143,23.4125921],[120.5062566,23.4137817],[120.5063059,23.4147317],[120.5057143,23.4170765],[120.5053939,23.4174949],[120.504864,23.4178003],[120.5041245,23.4177777],[120.5031755,23.4176985],[120.5011544,23.4179699],[120.5001808,23.4186145],[120.4985039,23.4202779],[120.4977029,23.4208433],[120.4967539,23.4212957],[120.4963965,23.4216915],[120.4954722,23.4246698],[120.4950778,23.425484],[120.4947428,23.4257532],[120.4943796,23.4259686],[120.4936579,23.4270748],[120.4931517,23.4273347],[120.4933828,23.4281146],[120.4936324,23.4292684],[120.4935708,23.4303097],[120.4940021,23.4312256],[120.4938296,23.4319493],[120.4933489,23.4325826],[120.4925355,23.433248],[120.4917591,23.4335533],[120.4910936,23.4339265],[120.4897823,23.4351903],[120.4899204,23.435532]]]}},{"type":"Feature","properties":{"name":"","name_en":"","water":"river","natural":"water","landuse":""},"geometry":{"type":"Polygon","coordinates":[[[120.506756,23.4152949],[120.5077173,23.4149958],[120.5083524,23.4151501],[120.5092678,23.4157157],[120.510127,23.4161443],[120.5124994,23.4168128],[120.51437,23.4170141],[120.5162728,23.4169842],[120.5187012,23.41647],[120.5209801,23.4158186],[120.5217647,23.41587],[120.5231096,23.41623],[120.5242678,23.4165557],[120.525829,23.4169328],[120.5278277,23.4167442],[120.5294342,23.4170014],[120.5303495,23.4167785],[120.5321945,23.4166608],[120.5333929,23.4168281],[120.5342727,23.4170546],[120.5348842,23.4173401],[120.5356138,23.4175074],[120.5366974,23.4173893],[120.5389426,23.4169167],[120.5395649,23.4168478],[120.5404768,23.4169364],[120.5411205,23.4170742],[120.5418608,23.417537],[120.5422387,23.4180391],[120.5426786,23.4181474],[120.5432687,23.4180194],[120.543891,23.4175567],[120.5446313,23.4168183],[120.5460446,23.4147409],[120.5462377,23.4138155],[120.5463557,23.4133527],[120.5480724,23.4112572],[120.548126,23.4108043],[120.5481045,23.4095019],[120.5482011,23.4090391],[120.5485766,23.4087044],[120.548995,23.4083992],[120.55027,23.4060819],[120.5506562,23.4044489],[120.5510639,23.4040846],[120.5516969,23.4038975],[120.5525874,23.4041338],[120.5530172,23.4042421],[120.5535751,23.4047344],[120.5539292,23.4050101],[120.5545622,23.4052957],[120.5550342,23.4054926],[120.5553955,23.4058274],[120.5557602,23.4065363],[120.5561465,23.4070384],[120.5565756,23.4072649],[120.5570048,23.4072353],[120.5579811,23.406999],[120.5585605,23.4068021],[120.5591506,23.4067824],[120.5596334,23.4066347],[120.5599767,23.4064181],[120.5603522,23.4059554],[120.5606514,23.4054827],[120.5610484,23.4053252],[120.5615097,23.4051972],[120.5617028,23.4049215],[120.5618852,23.4047344],[120.5622393,23.4046852],[120.5625826,23.4049511],[120.5632049,23.4055024],[120.5637306,23.4055714],[120.5656848,23.4040551],[120.5661462,23.4039763],[120.5667041,23.4039566],[120.5673478,23.4037695],[120.5678628,23.4032477],[120.5683384,23.4026712],[120.568789,23.4024743],[120.5693684,23.4024349],[120.5697224,23.4022084],[120.5699799,23.4017752],[120.5701731,23.4013912],[120.5702696,23.4012533],[120.5704413,23.4011942],[120.5707095,23.4013715],[120.5709884,23.4017653],[120.5712674,23.4019229],[120.5714927,23.4018835],[120.5719111,23.4015389],[120.5720828,23.4013912],[120.5722866,23.4013616],[120.5726407,23.4016176],[120.5729733,23.4016866],[120.5731771,23.4015389],[120.5732737,23.4012041],[120.5730162,23.4008496],[120.5730698,23.4006625],[120.5733059,23.4005345],[120.5738209,23.4004065],[120.5738852,23.4002096],[120.5737565,23.3998157],[120.5737779,23.3997074],[120.5737994,23.399412],[120.5735419,23.400249],[120.5732415,23.4003376],[120.5728767,23.4004754],[120.5726621,23.4007413],[120.5728123,23.4010564],[120.5728338,23.4012829],[120.5726729,23.4012829],[120.5724154,23.4011056],[120.5721579,23.4010958],[120.5719326,23.4012041],[120.5715571,23.4014798],[120.571364,23.401657],[120.5711816,23.401529],[120.5708812,23.4011844],[120.5706237,23.4009776],[120.5703447,23.4009382],[120.5700658,23.4010958],[120.5698083,23.4013912],[120.5695615,23.4018539],[120.5694113,23.4020804],[120.569186,23.4022281],[120.5686603,23.4022379],[120.5682633,23.4024152],[120.5679844,23.4026613],[120.5674908,23.4031146],[120.567169,23.4034297],[120.5667935,23.403351],[120.5665682,23.4034691],[120.5663858,23.4036857],[120.5661605,23.4037251],[120.5655918,23.403794],[120.5650339,23.4040796],[120.5646692,23.404434],[120.5643902,23.40469],[120.5640469,23.4050445],[120.5637894,23.4052513],[120.5635748,23.40533],[120.5632422,23.4051922],[120.5627809,23.4045325],[120.5624161,23.4044143],[120.5618367,23.4044045],[120.5615042,23.4046605],[120.5613982,23.404887],[120.5612051,23.405074],[120.5606472,23.4052119],[120.5604433,23.4053103],[120.5601644,23.4056845],[120.5599069,23.4061177],[120.5596923,23.4062654],[120.5591129,23.4065312],[120.5578791,23.4066789],[120.5567633,23.4068857],[120.5565273,23.4067478],[120.5563449,23.4063639],[120.5561411,23.4058223],[120.5557655,23.4055466],[120.5552398,23.405271],[120.5542313,23.4048574],[120.5530053,23.403922],[120.5514818,23.403607],[120.5508273,23.4038236],[120.5504626,23.4041288],[120.5503338,23.4045817],[120.5500119,23.4058322],[120.5490034,23.4076044],[120.5487168,23.4082247],[120.5479228,23.4088942],[120.5476975,23.4090912],[120.5474615,23.4094259],[120.5478263,23.4107224],[120.5477297,23.4112836],[120.5472576,23.411835],[120.5463886,23.4127112],[120.5460989,23.4132921],[120.5456269,23.4149548],[120.5447884,23.4163036],[120.5439086,23.4171405],[120.5430718,23.4178789],[120.5428143,23.4178887],[120.5423959,23.4177903],[120.5421706,23.4175343],[120.541559,23.4169534],[120.5406363,23.416727],[120.5388768,23.4166679],[120.536013,23.4171799],[120.5355624,23.4171799],[120.5344681,23.416786],[120.5331699,23.4164907],[120.5326871,23.4163824],[120.5319253,23.4163627],[120.5297784,23.4165301],[120.5290274,23.4163627],[120.5278579,23.4162839],[120.5269781,23.4163036],[120.5263559,23.4163529],[120.5246127,23.4163627],[120.5239367,23.4161756],[120.5228639,23.4157031],[120.5213296,23.4154766],[120.5179477,23.4163332],[120.5165637,23.4165498],[120.5143872,23.4167467],[120.5128422,23.4164119],[120.51016,23.4157621],[120.509409,23.4151616],[120.5079177,23.4144035],[120.50751,23.4142657],[120.5066469,23.4144064],[120.506756,23.4152949]]]}},{"type":"Feature","properties":{"name":"","name_en":"","water":"river","natural":"water","landuse":""},"geometry":{"type":"Polygon","coordinates":[[[120.5208794,23.452957],[120.5216233,23.453353],[120.5222456,23.4536089],[120.5232755,23.4536286],[120.5249492,23.4536089],[120.5266015,23.4536877],[120.5282752,23.4541207],[120.5294124,23.4541601],[120.5312363,23.4539436],[120.5328242,23.4537073],[120.5349586,23.4535892],[120.5377481,23.4541404],[120.5409882,23.4546916],[120.5425315,23.4543871],[120.5428291,23.4538647],[120.5453916,23.4533358],[120.5461195,23.4533931],[120.5477876,23.4533333],[120.5490107,23.4529593],[120.5501265,23.4524475],[120.5507058,23.4517192],[120.5511779,23.4513255],[120.551886,23.4510105],[120.552637,23.4512467],[120.5540747,23.4514829],[120.555169,23.4514042],[120.5562205,23.4509121],[120.5571431,23.4502624],[120.5578513,23.4499081],[120.5586023,23.4500065],[120.5595464,23.4504199],[120.5603403,23.4503609],[120.5624041,23.4502428],[120.563241,23.4504002],[120.5639491,23.4503215],[120.5656442,23.4494947],[120.5670604,23.4493372],[120.5678764,23.4492532],[120.5689191,23.4492421],[120.5713227,23.4481304],[120.5715965,23.4475837],[120.5722326,23.447074],[120.5744027,23.4457664],[120.5749824,23.445796],[120.5760091,23.4458366],[120.5773095,23.4451163],[120.5774142,23.4446694],[120.5777484,23.4444071],[120.5783724,23.4442852],[120.5791535,23.4444736],[120.5795118,23.4448578],[120.580313,23.4455005],[120.5808404,23.4455189],[120.5814484,23.4452862],[120.5822093,23.4448947],[120.5828494,23.4441412],[120.5833447,23.4436425],[120.5848889,23.442014],[120.5855606,23.4413475],[120.5856864,23.4412479],[120.5865977,23.4416848],[120.5867507,23.4421022],[120.5873989,23.4426415],[120.5884095,23.4425122],[120.58913,23.4419353],[120.5902458,23.4410297],[120.5919838,23.4401438],[120.5933571,23.4399272],[120.5950523,23.4402619],[120.596726,23.440695],[120.5977989,23.4407541],[120.5984855,23.4407147],[120.5995996,23.4403022],[120.6002219,23.4395541],[120.6013806,23.4385304],[120.6025179,23.4380776],[120.6040465,23.4378092],[120.6043231,23.4378123],[120.6045885,23.4379398],[120.6059296,23.4395344],[120.606981,23.4406369],[120.6074531,23.4412472],[120.60829,23.4415622],[120.6086977,23.4416803],[120.6092199,23.4419756],[120.610164,23.4419165],[120.6109151,23.4415622],[120.6112798,23.4409322],[120.6123527,23.4408338],[120.6148418,23.4413259],[120.6157645,23.4422709],[120.6162795,23.4435702],[120.616258,23.4448104],[120.6162366,23.446188],[120.6166872,23.4472905],[120.6166228,23.4479598],[120.6162366,23.4483338],[120.6156358,23.4490031],[120.6158718,23.4493968],[120.6170949,23.450263],[120.6173524,23.4509717],[120.6169661,23.4512866],[120.615786,23.4514244],[120.6152495,23.4520347],[120.6152495,23.4528811],[120.6159147,23.4537866],[120.6165155,23.4554008],[120.6167867,23.4564022],[120.6173701,23.4571199],[120.6179812,23.4576023],[120.6181493,23.4572624],[120.6175615,23.4568386],[120.6173141,23.4564519],[120.6170528,23.4558293],[120.617052,23.4553614],[120.6169232,23.4539244],[120.616537,23.4533929],[120.6163009,23.4529205],[120.6167945,23.4524677],[120.6180176,23.4519362],[120.6186827,23.4516213],[120.6191548,23.4511685],[120.6192192,23.4504008],[120.6185325,23.4500071],[120.6173094,23.449633],[120.6167086,23.4491409],[120.6166228,23.4488259],[120.6169447,23.4483732],[120.6173524,23.4473495],[120.6168803,23.4461684],[120.616773,23.4454597],[120.6167515,23.4441013],[120.6169661,23.443432],[120.616773,23.4426248],[120.6162151,23.4417389],[120.6152924,23.4409121],[120.6141981,23.4405577],[120.6125888,23.4402475],[120.6113871,23.4403065],[120.610679,23.4407987],[120.6099066,23.4413105],[120.6090268,23.4412515],[120.6081041,23.4406412],[120.6070956,23.4399521],[120.6047782,23.4372944],[120.6041774,23.4369203],[120.6030616,23.4366053],[120.6018814,23.4367628],[120.60083,23.4374716],[120.599521,23.4388103],[120.5984482,23.439775],[120.5974826,23.4399325],[120.5958518,23.4396765],[120.5942528,23.4393222],[120.5930726,23.4392631],[120.5917637,23.4396372],[120.5891673,23.4410349],[120.5885236,23.4416255],[120.5876223,23.4418027],[120.5870001,23.4412909],[120.5863563,23.4406029],[120.5852893,23.4407255],[120.584983,23.4409956],[120.5826938,23.4433759],[120.5815524,23.4446376],[120.5806082,23.4448738],[120.5801147,23.4446572],[120.5795997,23.4438107],[120.5789345,23.4434367],[120.5780333,23.4434761],[120.5773896,23.443732],[120.5768102,23.4443226],[120.5761236,23.4450313],[120.5754155,23.4451691],[120.5750078,23.4448344],[120.574407,23.4449919],[120.5728937,23.4453659],[120.5716062,23.4462518],[120.5710698,23.4472558],[120.5705763,23.4480235],[120.5682803,23.4486338],[120.5649544,23.4491259],[120.5639029,23.4496771],[120.5615426,23.4495787],[120.5591179,23.4494606],[120.5578519,23.4492834],[120.5566502,23.449874],[120.5560494,23.4503464],[120.5545474,23.4508976],[120.5529595,23.4506614],[120.5513717,23.4504842],[120.5509425,23.4506417],[120.5493056,23.4520939],[120.5463015,23.4524679],[120.5451643,23.4523891],[120.5417096,23.4526844],[120.5410444,23.4529994],[120.5372249,23.4534521],[120.5363452,23.4531175],[120.5347144,23.45296],[120.532015,23.4528025],[120.5295044,23.4531962],[120.5257064,23.45296],[120.5249554,23.4528222],[120.5209137,23.4526144],[120.5208794,23.452957]]]}},{"type":"Feature","properties":{"name":"","name_en":"","water":"river","natural":"water","landuse":""},"geometry":{"type":"Polygon","coordinates":[[[120.3665108,23.606235],[120.3670218,23.6070653],[120.3682663,23.6085006],[120.3690817,23.6092871],[120.3701332,23.6096606],[120.371485,23.6098573],[120.3815057,23.6102701],[120.3829434,23.6105061],[120.3847673,23.6110763],[120.3897281,23.6136519],[120.3913803,23.6145759],[120.3924746,23.6148905],[120.3933759,23.6148905],[120.3942771,23.6146939],[120.3951998,23.6140844],[120.3974957,23.6113122],[120.3980536,23.61086],[120.3987617,23.6098769],[120.4003496,23.6080287],[120.4009933,23.6074978],[120.4021282,23.6073995],[120.4039736,23.6075568],[120.4048319,23.6077535],[120.4054112,23.608186],[120.406806,23.6113515],[120.4079861,23.6120593],[120.4086299,23.6124329],[120.4107327,23.6141631],[120.4125335,23.616835],[120.4132416,23.6182113],[120.4135205,23.6196858],[120.4132201,23.6205901],[120.4130699,23.6212979],[120.4131987,23.6218484],[120.4135635,23.6220646],[120.4151299,23.622045],[120.4158165,23.6220843],[120.4163744,23.6224382],[120.4199358,23.6249528],[120.4203747,23.6250176],[120.4206295,23.6249528],[120.4211392,23.6246415],[120.4213515,23.6240838],[120.4214081,23.621347],[120.4217621,23.6202575],[120.4221443,23.6197257],[120.4238744,23.6187399],[120.4244831,23.6185583],[120.4252051,23.6185972],[120.4260687,23.6189733],[120.4266633,23.6193106],[120.4277533,23.6195052],[120.4288292,23.6193625],[120.4299618,23.6189085],[120.4309669,23.6186491],[120.4314058,23.6190512],[120.4314341,23.6200629],[120.4315757,23.6208801],[120.4320711,23.6219047],[120.432694,23.6225014],[120.4332178,23.6227997],[120.4342088,23.6229683],[120.4349591,23.6231888],[120.4352706,23.6237855],[120.4349874,23.6247063],[120.4347893,23.6252381],[120.4350016,23.6258477],[120.4354546,23.6262628],[120.4369803,23.6268067],[120.4382119,23.6268975],[120.4392595,23.6267418],[120.4402929,23.6264435],[120.4409583,23.6265473],[120.4414396,23.6270402],[120.4433225,23.630127],[120.4435915,23.6303086],[120.4440162,23.6304253],[120.4454888,23.6302178],[120.4473716,23.6298027],[120.4485891,23.6293229],[120.4493677,23.6287652],[120.4497783,23.6283761],[120.4499451,23.6279495],[120.4500183,23.6270826],[120.4500189,23.6270661],[120.4499906,23.6265084],[120.4505924,23.6256371],[120.4517031,23.6258469],[120.453586,23.6259896],[120.4542655,23.6261452],[120.4547893,23.626677],[120.4555538,23.6268715],[120.4566014,23.6268845],[120.4600732,23.6280692],[120.4600522,23.6277203],[120.4564505,23.6266121],[120.4560258,23.6265992],[120.4553746,23.6265862],[120.4548791,23.626249],[120.4544969,23.6258988],[120.454143,23.625795],[120.4508728,23.6253411],[120.4502782,23.6254578],[120.4498676,23.6259896],[120.4497119,23.6264565],[120.4496978,23.6270012],[120.4496836,23.6278184],[120.4494712,23.6281685],[120.4490324,23.6286355],[120.4477016,23.6293747],[120.4461197,23.6298027],[120.4443501,23.6300362],[120.4435715,23.6299065],[120.4432175,23.629245],[120.4428636,23.6285187],[120.4420567,23.6271699],[120.4415754,23.6264306],[120.4410232,23.6261322],[120.4405844,23.6260933],[120.4384376,23.6265343],[120.4374325,23.6265343],[120.4365548,23.6263138],[120.4357478,23.6260415],[120.4354647,23.6255356],[120.4353798,23.6251724],[120.435493,23.6248093],[120.4357478,23.6239662],[120.4355355,23.6232917],[120.4352524,23.6229415],[120.4350258,23.622721],[120.4341198,23.6225005],[120.4332431,23.6221973],[120.4325494,23.6216396],[120.4321955,23.6208484],[120.4319548,23.6197459],[120.4319973,23.6190714],[120.4321598,23.6186506],[120.4319832,23.6182283],[120.4310063,23.6182153],[120.4304118,23.618358],[120.4296756,23.6185915],[120.4283,23.6190195],[120.4273374,23.6189936],[120.4264455,23.6185785],[120.4253696,23.6181764],[120.4245485,23.6180208],[120.4236991,23.6182413],[120.4226231,23.6187601],[120.4218587,23.6193438],[120.421434,23.6200831],[120.4210942,23.6209522],[120.420981,23.6214321],[120.4209526,23.6225216],[120.420939,23.6239354],[120.42067,23.6243504],[120.4203019,23.6244931],[120.4198914,23.6245191],[120.4192543,23.6240781],[120.4174423,23.622781],[120.4169751,23.6223271],[120.4167344,23.6219639],[120.4165079,23.6217045],[120.41597,23.6215099],[120.4144977,23.6217304],[120.4140446,23.6216656],[120.4138606,23.6214321],[120.4136199,23.6208614],[120.4139739,23.619253],[120.4138465,23.6186174],[120.4136766,23.6181634],[120.4121797,23.6154084],[120.4114203,23.6144882],[120.409948,23.6129576],[120.408957,23.6121663],[120.4079236,23.6116475],[120.4074422,23.6112843],[120.407145,23.610947],[120.4054603,23.6075855],[120.4049082,23.607339],[120.4033085,23.6070796],[120.4015293,23.6070407],[120.4002552,23.607339],[120.39942,23.6080525],[120.3985847,23.6089865],[120.397976,23.6098167],[120.3976362,23.6106598],[120.3972257,23.611036],[120.3968717,23.6113214],[120.3948741,23.6138249],[120.3942229,23.6143048],[120.3930762,23.6146032],[120.3920569,23.6145124],[120.3913774,23.6141751],[120.3859013,23.6111268],[120.3832044,23.6102188],[120.3805854,23.6099204],[120.3749061,23.6095616],[120.3734086,23.6096334],[120.3706796,23.6094551],[120.3693242,23.6089605],[120.3676537,23.6072612],[120.3668364,23.6061961],[120.3665108,23.606235]]]}},{"type":"Feature","properties":{"name":"","name_en":"","water":"river","natural":"water","landuse":""},"geometry":{"type":"Polygon","coordinates":[[[120.2976678,23.4826031],[120.2977565,23.4825269],[120.3002892,23.4822387],[120.3008499,23.4823461],[120.3025568,23.4834538],[120.3033209,23.4835612],[120.3041158,23.4840472],[120.3050547,23.4845245],[120.3057017,23.4853723],[120.306016,23.4855418],[120.3066877,23.4855644],[120.3076616,23.4854683],[120.3081114,23.4855305],[120.3089537,23.4857792],[120.3092125,23.4858187],[120.3096377,23.4856605],[120.3098718,23.4854796],[120.3102046,23.4852875],[120.3107468,23.4851462],[120.3112807,23.4849936],[120.311712,23.4846375],[120.3121064,23.4844228],[120.3134682,23.4842758],[120.3138195,23.4841063],[120.3143063,23.4838237],[120.3145897,23.4837672],[120.3147623,23.483835],[120.3149656,23.4841063],[120.3150117,23.4843161],[120.3151226,23.4842935],[120.3151411,23.4840561],[120.3150302,23.4838414],[120.3147097,23.4836492],[120.3144201,23.4836436],[120.3140751,23.4837962],[120.3133972,23.4840901],[120.3129905,23.4841409],[120.3124236,23.4841522],[120.3120909,23.4842313],[120.3118382,23.4843613],[120.3112282,23.4847852],[120.3110187,23.4849095],[120.3107352,23.485],[120.3101806,23.4851017],[120.3099156,23.4852091],[120.3094936,23.4855143],[120.3093457,23.4855821],[120.3091855,23.4856217],[120.3089021,23.4855708],[120.3078237,23.4852656],[120.307645,23.4852599],[120.3062552,23.485373],[120.305941,23.4852826],[120.3056637,23.4850339],[120.3051584,23.484367],[120.3049181,23.4842144],[120.3041416,23.4838583],[120.3033958,23.4834118],[120.3026132,23.4832706],[120.301122,23.4822137],[120.3010973,23.4821006],[120.300327,23.4820046],[120.2976134,23.4824117],[120.2976242,23.4825569],[120.2976678,23.4826031]]]}},{"type":"Feature","properties":{"name":"","name_en":"","water":"drain","natural":"water","landuse":""},"geometry":{"type":"Polygon","coordinates":[[[120.3074095,23.4799744],[120.3072996,23.4799196],[120.3070253,23.4798963],[120.3063253,23.4797659],[120.3051464,23.4795297],[120.3045537,23.4794264],[120.3043176,23.4793513],[120.3043215,23.4794093],[120.3042909,23.479411],[120.3042945,23.4794658],[120.3043241,23.4794486],[120.3043693,23.4795168],[120.3052162,23.4796564],[120.305298,23.4797204],[120.3056319,23.4797929],[120.3057821,23.479804],[120.3059176,23.4798409],[120.3063292,23.4799193],[120.3070226,23.4800512],[120.3071514,23.4800291],[120.3073928,23.4800697],[120.3073956,23.4800535],[120.3074043,23.4800042],[120.3074095,23.4799744]]]}},{"type":"Feature","properties":{"name":"","name_en":"","water":"river","natural":"water","landuse":""},"geometry":{"type":"Polygon","coordinates":[[[120.3660827,23.6055306],[120.3664077,23.6053635],[120.36608,23.6031113],[120.3652073,23.6010892],[120.3642601,23.599776],[120.3626329,23.5982647],[120.3602869,23.5972549],[120.359123,23.5953332],[120.3578229,23.5945165],[120.3567115,23.5940265],[120.3544992,23.5934019],[120.3525804,23.5930272],[120.3505673,23.5926428],[120.3491204,23.5926044],[120.3477049,23.5924218],[120.3462894,23.592172],[120.343039,23.5917012],[120.3407638,23.5916724],[120.3389709,23.5918357],[120.337482,23.5920279],[120.3361294,23.5922585],[120.3348712,23.5923546],[120.3338961,23.5926717],[120.3329889,23.5927742],[120.3324752,23.5929454],[120.3320502,23.5929184],[120.331434,23.5930683],[120.3308768,23.5931254],[120.3303365,23.5929893],[120.329617,23.5927593],[120.3291653,23.5926796],[120.3286872,23.5925059],[120.3282581,23.5924022],[120.3280111,23.592313],[120.3277988,23.5922022],[120.3276307,23.5921294],[120.3272172,23.5919318],[120.3266546,23.5914882],[120.3262437,23.5909575],[120.3261409,23.5906494],[120.3257334,23.5902214],[120.3254767,23.5898563],[120.325267,23.5889243],[120.3253194,23.5879249],[120.3253404,23.5871082],[120.3252879,23.5863683],[120.3253738,23.5858299],[120.3254235,23.5854591],[120.3255424,23.585011],[120.3256429,23.5839595],[120.3258441,23.5829994],[120.3297436,23.5735667],[120.3296721,23.5720999],[120.3293921,23.5711525],[120.3284576,23.570358],[120.3280871,23.5701062],[120.3279096,23.5699264],[120.3267545,23.569865],[120.3259713,23.5695722],[120.3250426,23.5695329],[120.3245424,23.5697163],[120.3229421,23.570083],[120.3213342,23.5709769],[120.3183479,23.5726925],[120.317562,23.573164],[120.3169047,23.573714],[120.3158616,23.5747748],[120.3151329,23.5751939],[120.3145756,23.5752463],[120.3133468,23.5755213],[120.3127752,23.5756785],[120.3121894,23.5757832],[120.3108891,23.5761761],[120.3095173,23.5761368],[120.3090744,23.5759928],[120.3083552,23.5757219],[120.3074489,23.5752359],[120.3065365,23.5745236],[120.3060774,23.5739794],[120.3058213,23.5731624],[120.3058773,23.572683],[120.3061287,23.5723885],[120.3070606,23.5716152],[120.3075025,23.5706955],[120.3083512,23.5695426],[120.3115373,23.5653219],[120.311584,23.5647858],[120.3112606,23.563839],[120.3105286,23.5632592],[120.309137,23.5626685],[120.3068168,23.5614683],[120.3045734,23.5612326],[120.3038018,23.5613243],[120.3030156,23.5616457],[120.3017267,23.5619882],[120.301389,23.561667],[120.3008583,23.561822],[120.3004011,23.5619136],[120.2986455,23.5628614],[120.2976163,23.5637425],[120.2971417,23.5640515],[120.2951428,23.5650963],[120.2938282,23.5654237],[120.2920421,23.5656857],[120.2915002,23.5655087],[120.2909625,23.5654246],[120.2903866,23.5651259],[120.290005,23.5644508],[120.2896771,23.5637775],[120.2898072,23.5629038],[120.2897295,23.5625271],[120.2894218,23.5617774],[120.2890735,23.5608003],[120.2888921,23.5599172],[120.2887258,23.5592316],[120.2886073,23.558801],[120.2898718,23.5559322],[120.2902029,23.5550017],[120.2926296,23.5519941],[120.2930956,23.5509975],[120.2931505,23.5495647],[120.2929867,23.5484942],[120.2924478,23.5472941],[120.2915316,23.5463765],[120.288242,23.5447861],[120.2864753,23.5442878],[120.2836603,23.5435581],[120.2781272,23.5432911],[120.2749708,23.5433802],[120.273766,23.5431405],[120.272918,23.5424726],[120.2721242,23.5413095],[120.2719341,23.5400162],[120.2720312,23.5382364],[120.2724389,23.537026],[120.2726524,23.5354597],[120.273824,23.5316642],[120.2736228,23.5309838],[120.2729926,23.5304484],[120.2719279,23.5299686],[120.2711527,23.5297117],[120.2699218,23.5293091],[120.2679736,23.5294791],[120.2666341,23.5302622],[120.2630036,23.5342494],[120.261664,23.5360471],[120.260771,23.5381474],[120.2603545,23.5392076],[120.2578517,23.5431983],[120.256871,23.5442686],[120.2560678,23.5449878],[120.2549189,23.5457584],[120.2533872,23.5458612],[120.2464433,23.5447328],[120.2441069,23.5436606],[120.2430234,23.5427102],[120.2426405,23.541794],[120.2423323,23.5403278],[120.2423976,23.5392317],[120.2429113,23.5369858],[120.2443009,23.5334441],[120.2448872,23.5309691],[120.2453678,23.5282418],[120.2455179,23.5265655],[120.2461617,23.5236068],[120.2465722,23.5219407],[120.2468623,23.5211807],[120.2470289,23.5202801],[120.2470957,23.5193085],[120.247353,23.5166715],[120.2473593,23.5155305],[120.2473292,23.5148124],[120.2471192,23.5139402],[120.2466006,23.513031],[120.2459248,23.5122197],[120.2427152,23.5093831],[120.2417719,23.5087579],[120.2404416,23.5080985],[120.2396117,23.5075685],[120.2382782,23.5070013],[120.2362116,23.5062949],[120.2331907,23.5056011],[120.2307436,23.5051472],[120.2229607,23.5041365],[120.2175087,23.503614],[120.2090279,23.5039052],[120.202294,23.5046161],[120.1977988,23.5055412],[120.1941562,23.5071685],[120.1901377,23.5095324],[120.1861033,23.5110323],[120.1780964,23.5128793],[120.1767922,23.5131762],[120.1769418,23.5152248],[120.1781206,23.5149256],[120.1804453,23.5146398],[120.1815848,23.514794],[120.1830605,23.5147169],[120.1846344,23.5141517],[120.1862408,23.5137577],[120.1880735,23.5132096],[120.1922531,23.5115542],[120.1971926,23.5094811],[120.199323,23.5083677],[120.1996653,23.5075428],[120.2004801,23.5071399],[120.2027924,23.5063535],[120.2042302,23.5060097],[120.2061711,23.5057778],[120.2087446,23.5054357],[120.2128306,23.5050332],[120.2210209,23.5051531],[120.2265836,23.5056499],[120.23147,23.50615],[120.2335762,23.5066141],[120.2369208,23.5074383],[120.2380859,23.5079967],[120.2393001,23.5086733],[120.2410764,23.5096598],[120.2426795,23.51073],[120.2459553,23.5134572],[120.246434,23.5144496],[120.2464676,23.5154212],[120.2464062,23.5166915],[120.2460639,23.5177718],[120.2458958,23.5190564],[120.2453914,23.5216081],[120.2447283,23.5247707],[120.2446723,23.5257898],[120.244288,23.5289185],[120.2440232,23.5302635],[120.2430097,23.5336071],[120.2418236,23.5374343],[120.2414996,23.5392734],[120.2413897,23.5407405],[120.2415823,23.5416249],[120.2420664,23.5424622],[120.242384,23.5431301],[120.2430331,23.543878],[120.2436473,23.5442465],[120.2450865,23.5450434],[120.2461792,23.5454057],[120.2475004,23.5457958],[120.2491849,23.546089],[120.251258,23.5464057],[120.253646,23.5465837],[120.2550961,23.5465607],[120.256179,23.5461229],[120.2570056,23.5454302],[120.2589792,23.5432086],[120.2596291,23.5419718],[120.2608098,23.5402298],[120.2620113,23.5371544],[120.2628107,23.5360139],[120.2637688,23.535017],[120.2659747,23.5320323],[120.2668504,23.5309577],[120.2675991,23.5304424],[120.2680513,23.5302978],[120.2689868,23.5302425],[120.2704975,23.5303868],[120.2712198,23.530645],[120.2718736,23.5310732],[120.2721538,23.5319381],[120.2720604,23.533154],[120.2717988,23.5354661],[120.2712851,23.5383864],[120.2710516,23.5404158],[120.2710799,23.5407104],[120.2715264,23.5419384],[120.2720894,23.542775],[120.2728466,23.5434869],[120.2737396,23.5440386],[120.2746133,23.54427],[120.2762052,23.5444302],[120.2793671,23.5440142],[120.2818033,23.5440208],[120.2852987,23.5445425],[120.2908538,23.5465854],[120.291337,23.5469006],[120.2917287,23.5477056],[120.2925132,23.5496271],[120.2923967,23.5508551],[120.2915788,23.5521265],[120.290572,23.5533043],[120.2893426,23.5551516],[120.288265,23.5572779],[120.2873686,23.5590285],[120.2872505,23.559834],[120.2868702,23.5607478],[120.2861873,23.5621353],[120.2861756,23.5633285],[120.2862537,23.5638496],[120.2865199,23.564658],[120.2869297,23.5652753],[120.2881031,23.5661099],[120.2886882,23.5660377],[120.2894672,23.5660738],[120.2907001,23.566182],[120.2913428,23.5661219],[120.2924708,23.5660786],[120.2957,23.5655678],[120.2976004,23.564651],[120.3001048,23.563332],[120.3010843,23.5631155],[120.3020927,23.5627532],[120.3045413,23.5617909],[120.3053735,23.561805],[120.3065776,23.5621397],[120.3107836,23.564183],[120.3109194,23.5647307],[120.3106977,23.5650273],[120.310083,23.5659306],[120.3067024,23.5708721],[120.3064452,23.5716186],[120.3058165,23.5718936],[120.3053307,23.5724699],[120.3052736,23.5730854],[120.3056594,23.5741069],[120.3061595,23.5749058],[120.3069168,23.5755737],[120.3080885,23.5760583],[120.3086886,23.5763726],[120.3095316,23.5765952],[120.3104461,23.5765952],[120.3114463,23.5763857],[120.3123323,23.5763202],[120.3139679,23.5758172],[120.315289,23.575564],[120.3158401,23.5752387],[120.3165406,23.5747422],[120.3179687,23.5735265],[120.3190524,23.5728009],[120.321519,23.5712492],[120.3227648,23.5706866],[120.3239729,23.5702101],[120.3248098,23.5700087],[120.3258186,23.5700862],[120.3263977,23.5702917],[120.3268274,23.5703944],[120.3280318,23.5706341],[120.3286723,23.570887],[120.3291284,23.571611],[120.3293369,23.5725481],[120.3293337,23.5736466],[120.328974,23.5745246],[120.3268363,23.5791621],[120.326491,23.5804166],[120.3257935,23.582344],[120.3252837,23.5841078],[120.3250639,23.5849466],[120.3250383,23.586043],[120.3249938,23.5873353],[120.3249839,23.588857],[120.3250468,23.5896065],[120.3253992,23.5904206],[120.3257469,23.5910397],[120.3267502,23.5922563],[120.3276456,23.5925802],[120.3285991,23.5928931],[120.3297038,23.5931883],[120.3303439,23.5933152],[120.3309395,23.593469],[120.33162,23.5933481],[120.3320413,23.59337],[120.3327761,23.593297],[120.3340953,23.5929311],[120.3351998,23.592794],[120.3379831,23.5923318],[120.3419935,23.5920493],[120.3434318,23.5921692],[120.3471597,23.5926524],[120.3512956,23.5932819],[120.3524631,23.5934787],[120.3557777,23.5941806],[120.3569172,23.5946257],[120.3578699,23.5950793],[120.3587478,23.5959095],[120.3592335,23.5965771],[120.3597752,23.5973427],[120.3606337,23.5978745],[120.3626353,23.5987708],[120.3638076,23.599724],[120.3645204,23.6007134],[120.3648846,23.6015778],[120.3657099,23.603304],[120.3660827,23.6055306]]]}}]}